model,analysis,training_domain,outer_fold,subset_seed,subset_size,hyperparameter_name,hyperparameter_value,inner_fold,participant_balanced_validation_macro_f1,selected,best_epoch
multinomial_logistic_regression,main,FL,0,17,6,C,0.03,0,0.5753731868602312,False,
multinomial_logistic_regression,main,FL,0,17,6,C,0.1,0,0.5748107907128045,True,
multinomial_logistic_regression,main,FL,0,17,6,C,0.3,0,0.575741899374607,False,
multinomial_logistic_regression,main,FL,0,17,6,C,0.03,1,0.5473909904613905,False,
multinomial_logistic_regression,main,FL,0,17,6,C,0.1,1,0.5474662963970702,True,
multinomial_logistic_regression,main,FL,0,17,6,C,0.3,1,0.5477794844590166,False,
multinomial_logistic_regression,main,FL,0,17,6,C,0.03,2,0.6564335171155018,False,
multinomial_logistic_regression,main,FL,0,17,6,C,0.1,2,0.6566536098509974,True,
multinomial_logistic_regression,main,FL,0,17,6,C,0.3,2,0.6558961997687537,False,
multinomial_logistic_regression,main,FL,0,42,6,C,0.03,0,0.5352852814196621,False,
multinomial_logistic_regression,main,FL,0,42,6,C,0.1,0,0.5352918340059383,True,
multinomial_logistic_regression,main,FL,0,42,6,C,0.3,0,0.5344572844083783,False,
multinomial_logistic_regression,main,FL,0,42,6,C,0.03,1,0.366783816604656,False,
multinomial_logistic_regression,main,FL,0,42,6,C,0.1,1,0.36829056474193045,True,
multinomial_logistic_regression,main,FL,0,42,6,C,0.3,1,0.3693001674350307,False,
multinomial_logistic_regression,main,FL,0,42,6,C,0.03,2,0.5625892669139518,False,
multinomial_logistic_regression,main,FL,0,42,6,C,0.1,2,0.5607812654409083,True,
multinomial_logistic_regression,main,FL,0,42,6,C,0.3,2,0.5599079174039142,False,
multinomial_logistic_regression,main,FL,0,73,6,C,0.03,0,0.5501570694430963,False,
multinomial_logistic_regression,main,FL,0,73,6,C,0.1,0,0.5503035394858258,True,
multinomial_logistic_regression,main,FL,0,73,6,C,0.3,0,0.5505145525558097,False,
multinomial_logistic_regression,main,FL,0,73,6,C,0.03,1,0.37835309553141205,False,
multinomial_logistic_regression,main,FL,0,73,6,C,0.1,1,0.3792949159440373,True,
multinomial_logistic_regression,main,FL,0,73,6,C,0.3,1,0.380268125742732,False,
multinomial_logistic_regression,main,FL,0,73,6,C,0.03,2,0.5563906294879604,False,
multinomial_logistic_regression,main,FL,0,73,6,C,0.1,2,0.5573760831443466,True,
multinomial_logistic_regression,main,FL,0,73,6,C,0.3,2,0.5577851055569161,False,
multinomial_logistic_regression,main,FL,0,17,12,C,0.03,0,0.5658594862788355,False,
multinomial_logistic_regression,main,FL,0,17,12,C,0.1,0,0.5662691706838319,True,
multinomial_logistic_regression,main,FL,0,17,12,C,0.3,0,0.566592043905777,False,
multinomial_logistic_regression,main,FL,0,17,12,C,0.03,1,0.5634261122271058,False,
multinomial_logistic_regression,main,FL,0,17,12,C,0.1,1,0.5635339546795204,True,
multinomial_logistic_regression,main,FL,0,17,12,C,0.3,1,0.5635650060505648,False,
multinomial_logistic_regression,main,FL,0,17,12,C,0.03,2,0.5507909771251623,False,
multinomial_logistic_regression,main,FL,0,17,12,C,0.1,2,0.5511532810929791,True,
multinomial_logistic_regression,main,FL,0,17,12,C,0.3,2,0.5513298193467113,False,
multinomial_logistic_regression,main,FL,0,42,12,C,0.03,0,0.5731606714234987,False,
multinomial_logistic_regression,main,FL,0,42,12,C,0.1,0,0.5739433741608719,True,
multinomial_logistic_regression,main,FL,0,42,12,C,0.3,0,0.5735445770441611,False,
multinomial_logistic_regression,main,FL,0,42,12,C,0.03,1,0.4628405794337363,False,
multinomial_logistic_regression,main,FL,0,42,12,C,0.1,1,0.46433903962101475,True,
multinomial_logistic_regression,main,FL,0,42,12,C,0.3,1,0.4646445535456684,False,
multinomial_logistic_regression,main,FL,0,42,12,C,0.03,2,0.5707582197400138,False,
multinomial_logistic_regression,main,FL,0,42,12,C,0.1,2,0.5710534602195021,True,
multinomial_logistic_regression,main,FL,0,42,12,C,0.3,2,0.5712244374649482,False,
multinomial_logistic_regression,main,FL,0,73,12,C,0.03,0,0.5541479308473145,False,
multinomial_logistic_regression,main,FL,0,73,12,C,0.1,0,0.5523967442931017,True,
multinomial_logistic_regression,main,FL,0,73,12,C,0.3,0,0.5511903127237296,False,
multinomial_logistic_regression,main,FL,0,73,12,C,0.03,1,0.46251152767824144,False,
multinomial_logistic_regression,main,FL,0,73,12,C,0.1,1,0.4650655951462477,True,
multinomial_logistic_regression,main,FL,0,73,12,C,0.3,1,0.4659398244663686,False,
multinomial_logistic_regression,main,FL,0,73,12,C,0.03,2,0.6203504305325569,False,
multinomial_logistic_regression,main,FL,0,73,12,C,0.1,2,0.6207717735298138,True,
multinomial_logistic_regression,main,FL,0,73,12,C,0.3,2,0.6206104478043114,False,
multinomial_logistic_regression,main,FL,0,17,18,C,0.03,0,0.5719770632415945,False,
multinomial_logistic_regression,main,FL,0,17,18,C,0.1,0,0.5727192628903505,True,
multinomial_logistic_regression,main,FL,0,17,18,C,0.3,0,0.5731510572141977,False,
multinomial_logistic_regression,main,FL,0,17,18,C,0.03,1,0.5635843676124033,False,
multinomial_logistic_regression,main,FL,0,17,18,C,0.1,1,0.563626801749026,True,
multinomial_logistic_regression,main,FL,0,17,18,C,0.3,1,0.5637645559754043,False,
multinomial_logistic_regression,main,FL,0,17,18,C,0.03,2,0.5447387450684364,False,
multinomial_logistic_regression,main,FL,0,17,18,C,0.1,2,0.5449253764514375,True,
multinomial_logistic_regression,main,FL,0,17,18,C,0.3,2,0.5444270436013716,False,
multinomial_logistic_regression,main,FL,0,42,18,C,0.03,0,0.5942714878187371,False,
multinomial_logistic_regression,main,FL,0,42,18,C,0.1,0,0.5946605071267427,True,
multinomial_logistic_regression,main,FL,0,42,18,C,0.3,0,0.594401496254301,False,
multinomial_logistic_regression,main,FL,0,42,18,C,0.03,1,0.5140972981377249,False,
multinomial_logistic_regression,main,FL,0,42,18,C,0.1,1,0.5148623163983462,True,
multinomial_logistic_regression,main,FL,0,42,18,C,0.3,1,0.5147694301382911,False,
multinomial_logistic_regression,main,FL,0,42,18,C,0.03,2,0.5728839685131177,False,
multinomial_logistic_regression,main,FL,0,42,18,C,0.1,2,0.5721984330429905,True,
multinomial_logistic_regression,main,FL,0,42,18,C,0.3,2,0.571875245593063,False,
multinomial_logistic_regression,main,FL,0,73,18,C,0.03,0,0.569037926333196,False,
multinomial_logistic_regression,main,FL,0,73,18,C,0.1,0,0.5686144931724524,True,
multinomial_logistic_regression,main,FL,0,73,18,C,0.3,0,0.5685400123203337,False,
multinomial_logistic_regression,main,FL,0,73,18,C,0.03,1,0.4915306108194801,False,
multinomial_logistic_regression,main,FL,0,73,18,C,0.1,1,0.4925673310320611,True,
multinomial_logistic_regression,main,FL,0,73,18,C,0.3,1,0.4927273888693125,False,
multinomial_logistic_regression,main,FL,0,73,18,C,0.03,2,0.6085220633465229,False,
multinomial_logistic_regression,main,FL,0,73,18,C,0.1,2,0.6092145065913743,True,
multinomial_logistic_regression,main,FL,0,73,18,C,0.3,2,0.6093245344312436,False,
multinomial_logistic_regression,main,Formal_Lab,0,17,6,C,0.03,0,0.7313627339090025,False,
multinomial_logistic_regression,main,Formal_Lab,0,17,6,C,0.1,0,0.7277561797926981,True,
multinomial_logistic_regression,main,Formal_Lab,0,17,6,C,0.3,0,0.7199085567973649,False,
multinomial_logistic_regression,main,Formal_Lab,0,17,6,C,0.03,1,0.713062608391867,False,
multinomial_logistic_regression,main,Formal_Lab,0,17,6,C,0.1,1,0.7261042069371307,True,
multinomial_logistic_regression,main,Formal_Lab,0,17,6,C,0.3,1,0.7143846862334153,False,
multinomial_logistic_regression,main,Formal_Lab,0,17,6,C,0.03,2,0.8549742665783502,False,
multinomial_logistic_regression,main,Formal_Lab,0,17,6,C,0.1,2,0.8546123851566866,True,
multinomial_logistic_regression,main,Formal_Lab,0,17,6,C,0.3,2,0.8485180315508329,False,
multinomial_logistic_regression,main,Formal_Lab,0,42,6,C,0.03,0,0.7822720621592161,True,
multinomial_logistic_regression,main,Formal_Lab,0,42,6,C,0.1,0,0.7699346278517187,False,
multinomial_logistic_regression,main,Formal_Lab,0,42,6,C,0.3,0,0.7683142945769228,False,
multinomial_logistic_regression,main,Formal_Lab,0,42,6,C,0.03,1,0.6553781797393767,True,
multinomial_logistic_regression,main,Formal_Lab,0,42,6,C,0.1,1,0.6446216077335708,False,
multinomial_logistic_regression,main,Formal_Lab,0,42,6,C,0.3,1,0.6585237996521586,False,
multinomial_logistic_regression,main,Formal_Lab,0,42,6,C,0.03,2,0.7377091162021897,True,
multinomial_logistic_regression,main,Formal_Lab,0,42,6,C,0.1,2,0.7234353156774713,False,
multinomial_logistic_regression,main,Formal_Lab,0,42,6,C,0.3,2,0.7029026874827377,False,
multinomial_logistic_regression,main,Formal_Lab,0,73,6,C,0.03,0,0.7540524840190239,True,
multinomial_logistic_regression,main,Formal_Lab,0,73,6,C,0.1,0,0.7328040145894855,False,
multinomial_logistic_regression,main,Formal_Lab,0,73,6,C,0.3,0,0.7290290637435681,False,
multinomial_logistic_regression,main,Formal_Lab,0,73,6,C,0.03,1,0.7380749542328716,True,
multinomial_logistic_regression,main,Formal_Lab,0,73,6,C,0.1,1,0.7297463533090309,False,
multinomial_logistic_regression,main,Formal_Lab,0,73,6,C,0.3,1,0.7215013796304386,False,
multinomial_logistic_regression,main,Formal_Lab,0,73,6,C,0.03,2,0.7889698520855474,True,
multinomial_logistic_regression,main,Formal_Lab,0,73,6,C,0.1,2,0.77960183808256,False,
multinomial_logistic_regression,main,Formal_Lab,0,73,6,C,0.3,2,0.7686845381265207,False,
multinomial_logistic_regression,main,Formal_Lab,0,17,12,C,0.03,0,0.7417949898655188,False,
multinomial_logistic_regression,main,Formal_Lab,0,17,12,C,0.1,0,0.7453199523793543,True,
multinomial_logistic_regression,main,Formal_Lab,0,17,12,C,0.3,0,0.7485742571843464,False,
multinomial_logistic_regression,main,Formal_Lab,0,17,12,C,0.03,1,0.7905282159556012,False,
multinomial_logistic_regression,main,Formal_Lab,0,17,12,C,0.1,1,0.7839700968073957,True,
multinomial_logistic_regression,main,Formal_Lab,0,17,12,C,0.3,1,0.7783515677034032,False,
multinomial_logistic_regression,main,Formal_Lab,0,17,12,C,0.03,2,0.776264731605719,False,
multinomial_logistic_regression,main,Formal_Lab,0,17,12,C,0.1,2,0.778337336318346,True,
multinomial_logistic_regression,main,Formal_Lab,0,17,12,C,0.3,2,0.7750892519546213,False,
multinomial_logistic_regression,main,Formal_Lab,0,42,12,C,0.03,0,0.8314671187676231,True,
multinomial_logistic_regression,main,Formal_Lab,0,42,12,C,0.1,0,0.8293188285717701,False,
multinomial_logistic_regression,main,Formal_Lab,0,42,12,C,0.3,0,0.8252863457197797,False,
multinomial_logistic_regression,main,Formal_Lab,0,42,12,C,0.03,1,0.7939887683620516,True,
multinomial_logistic_regression,main,Formal_Lab,0,42,12,C,0.1,1,0.7801187092750328,False,
multinomial_logistic_regression,main,Formal_Lab,0,42,12,C,0.3,1,0.7769568056025595,False,
multinomial_logistic_regression,main,Formal_Lab,0,42,12,C,0.03,2,0.776081644734139,True,
multinomial_logistic_regression,main,Formal_Lab,0,42,12,C,0.1,2,0.7764704332121873,False,
multinomial_logistic_regression,main,Formal_Lab,0,42,12,C,0.3,2,0.7736814834853307,False,
multinomial_logistic_regression,main,Formal_Lab,0,73,12,C,0.03,0,0.7867173331122619,True,
multinomial_logistic_regression,main,Formal_Lab,0,73,12,C,0.1,0,0.7630409330020356,False,
multinomial_logistic_regression,main,Formal_Lab,0,73,12,C,0.3,0,0.7412040924948927,False,
multinomial_logistic_regression,main,Formal_Lab,0,73,12,C,0.03,1,0.7279471222086284,True,
multinomial_logistic_regression,main,Formal_Lab,0,73,12,C,0.1,1,0.7362265800364522,False,
multinomial_logistic_regression,main,Formal_Lab,0,73,12,C,0.3,1,0.7292890021261468,False,
multinomial_logistic_regression,main,Formal_Lab,0,73,12,C,0.03,2,0.804040075370207,True,
multinomial_logistic_regression,main,Formal_Lab,0,73,12,C,0.1,2,0.8068641171086207,False,
multinomial_logistic_regression,main,Formal_Lab,0,73,12,C,0.3,2,0.8036714834192583,False,
multinomial_logistic_regression,main,Formal_Lab,0,17,18,C,0.03,0,0.7741280614172495,False,
multinomial_logistic_regression,main,Formal_Lab,0,17,18,C,0.1,0,0.7765381066524598,False,
multinomial_logistic_regression,main,Formal_Lab,0,17,18,C,0.3,0,0.7853253942920975,True,
multinomial_logistic_regression,main,Formal_Lab,0,17,18,C,0.03,1,0.8095274221092891,False,
multinomial_logistic_regression,main,Formal_Lab,0,17,18,C,0.1,1,0.8034291890195965,False,
multinomial_logistic_regression,main,Formal_Lab,0,17,18,C,0.3,1,0.8028140970365517,True,
multinomial_logistic_regression,main,Formal_Lab,0,17,18,C,0.03,2,0.7690602773153138,False,
multinomial_logistic_regression,main,Formal_Lab,0,17,18,C,0.1,2,0.7680589794871978,False,
multinomial_logistic_regression,main,Formal_Lab,0,17,18,C,0.3,2,0.7680738901094322,True,
multinomial_logistic_regression,main,Formal_Lab,0,42,18,C,0.03,0,0.8163371501967741,False,
multinomial_logistic_regression,main,Formal_Lab,0,42,18,C,0.1,0,0.818921442680837,True,
multinomial_logistic_regression,main,Formal_Lab,0,42,18,C,0.3,0,0.8201622475238804,False,
multinomial_logistic_regression,main,Formal_Lab,0,42,18,C,0.03,1,0.7580205853465566,False,
multinomial_logistic_regression,main,Formal_Lab,0,42,18,C,0.1,1,0.757977546205038,True,
multinomial_logistic_regression,main,Formal_Lab,0,42,18,C,0.3,1,0.7591368818022396,False,
multinomial_logistic_regression,main,Formal_Lab,0,42,18,C,0.03,2,0.7652141451996014,False,
multinomial_logistic_regression,main,Formal_Lab,0,42,18,C,0.1,2,0.7689624693978822,True,
multinomial_logistic_regression,main,Formal_Lab,0,42,18,C,0.3,2,0.7670736230884169,False,
multinomial_logistic_regression,main,Formal_Lab,0,73,18,C,0.03,0,0.793492570615006,True,
multinomial_logistic_regression,main,Formal_Lab,0,73,18,C,0.1,0,0.7846859622114084,False,
multinomial_logistic_regression,main,Formal_Lab,0,73,18,C,0.3,0,0.7852949619115369,False,
multinomial_logistic_regression,main,Formal_Lab,0,73,18,C,0.03,1,0.7857233150470614,True,
multinomial_logistic_regression,main,Formal_Lab,0,73,18,C,0.1,1,0.7818025908296394,False,
multinomial_logistic_regression,main,Formal_Lab,0,73,18,C,0.3,1,0.7764975840463842,False,
multinomial_logistic_regression,main,Formal_Lab,0,73,18,C,0.03,2,0.7809315516858178,True,
multinomial_logistic_regression,main,Formal_Lab,0,73,18,C,0.1,2,0.7904472650855922,False,
multinomial_logistic_regression,main,Formal_Lab,0,73,18,C,0.3,2,0.7982396837119339,False,
multinomial_logistic_regression,main,FL,1,17,6,C,0.03,0,0.5465957359100175,False,
multinomial_logistic_regression,main,FL,1,17,6,C,0.1,0,0.5487485796064433,True,
multinomial_logistic_regression,main,FL,1,17,6,C,0.3,0,0.5488230658426985,False,
multinomial_logistic_regression,main,FL,1,17,6,C,0.03,1,0.5508724253048303,False,
multinomial_logistic_regression,main,FL,1,17,6,C,0.1,1,0.5532637429931077,True,
multinomial_logistic_regression,main,FL,1,17,6,C,0.3,1,0.5554794613542889,False,
multinomial_logistic_regression,main,FL,1,17,6,C,0.03,2,0.5256505624204246,False,
multinomial_logistic_regression,main,FL,1,17,6,C,0.1,2,0.5249132286473726,True,
multinomial_logistic_regression,main,FL,1,17,6,C,0.3,2,0.5250868762119262,False,
multinomial_logistic_regression,main,FL,1,42,6,C,0.03,0,0.6081674737893137,False,
multinomial_logistic_regression,main,FL,1,42,6,C,0.1,0,0.608263944456748,True,
multinomial_logistic_regression,main,FL,1,42,6,C,0.3,0,0.6085129033330615,False,
multinomial_logistic_regression,main,FL,1,42,6,C,0.03,1,0.5721676151207395,False,
multinomial_logistic_regression,main,FL,1,42,6,C,0.1,1,0.5730080180276227,True,
multinomial_logistic_regression,main,FL,1,42,6,C,0.3,1,0.5745629478175209,False,
multinomial_logistic_regression,main,FL,1,42,6,C,0.03,2,0.571325738951568,False,
multinomial_logistic_regression,main,FL,1,42,6,C,0.1,2,0.5723593861496616,True,
multinomial_logistic_regression,main,FL,1,42,6,C,0.3,2,0.5726553357579665,False,
multinomial_logistic_regression,main,FL,1,73,6,C,0.03,0,0.5350346711213599,False,
multinomial_logistic_regression,main,FL,1,73,6,C,0.1,0,0.5358377185707726,True,
multinomial_logistic_regression,main,FL,1,73,6,C,0.3,0,0.5357537442764535,False,
multinomial_logistic_regression,main,FL,1,73,6,C,0.03,1,0.5193093499176358,False,
multinomial_logistic_regression,main,FL,1,73,6,C,0.1,1,0.5209455099527296,True,
multinomial_logistic_regression,main,FL,1,73,6,C,0.3,1,0.522095477725188,False,
multinomial_logistic_regression,main,FL,1,73,6,C,0.03,2,0.5016762318624257,False,
multinomial_logistic_regression,main,FL,1,73,6,C,0.1,2,0.5000276494829281,True,
multinomial_logistic_regression,main,FL,1,73,6,C,0.3,2,0.49893125675115246,False,
multinomial_logistic_regression,main,FL,1,17,12,C,0.03,0,0.44799344190579543,False,
multinomial_logistic_regression,main,FL,1,17,12,C,0.1,0,0.44750402307241355,True,
multinomial_logistic_regression,main,FL,1,17,12,C,0.3,0,0.4468372455995291,False,
multinomial_logistic_regression,main,FL,1,17,12,C,0.03,1,0.545546573474431,False,
multinomial_logistic_regression,main,FL,1,17,12,C,0.1,1,0.5465572370488102,True,
multinomial_logistic_regression,main,FL,1,17,12,C,0.3,1,0.5467440009581503,False,
multinomial_logistic_regression,main,FL,1,17,12,C,0.03,2,0.5607341977713457,False,
multinomial_logistic_regression,main,FL,1,17,12,C,0.1,2,0.5601538029101545,True,
multinomial_logistic_regression,main,FL,1,17,12,C,0.3,2,0.559423177469462,False,
multinomial_logistic_regression,main,FL,1,42,12,C,0.03,0,0.5585906615299896,False,
multinomial_logistic_regression,main,FL,1,42,12,C,0.1,0,0.559965419866646,True,
multinomial_logistic_regression,main,FL,1,42,12,C,0.3,0,0.5602639312435704,False,
multinomial_logistic_regression,main,FL,1,42,12,C,0.03,1,0.591996960384787,False,
multinomial_logistic_regression,main,FL,1,42,12,C,0.1,1,0.5932420683254914,True,
multinomial_logistic_regression,main,FL,1,42,12,C,0.3,1,0.5939956725999477,False,
multinomial_logistic_regression,main,FL,1,42,12,C,0.03,2,0.5790284770456632,False,
multinomial_logistic_regression,main,FL,1,42,12,C,0.1,2,0.5779106132450135,True,
multinomial_logistic_regression,main,FL,1,42,12,C,0.3,2,0.5769858695745016,False,
multinomial_logistic_regression,main,FL,1,73,12,C,0.03,0,0.5644189813142307,False,
multinomial_logistic_regression,main,FL,1,73,12,C,0.1,0,0.5651076339952947,True,
multinomial_logistic_regression,main,FL,1,73,12,C,0.3,0,0.5650864087058343,False,
multinomial_logistic_regression,main,FL,1,73,12,C,0.03,1,0.5665131265675918,False,
multinomial_logistic_regression,main,FL,1,73,12,C,0.1,1,0.568173109994159,True,
multinomial_logistic_regression,main,FL,1,73,12,C,0.3,1,0.5681221391937068,False,
multinomial_logistic_regression,main,FL,1,73,12,C,0.03,2,0.5379422367617459,False,
multinomial_logistic_regression,main,FL,1,73,12,C,0.1,2,0.5357721797623777,True,
multinomial_logistic_regression,main,FL,1,73,12,C,0.3,2,0.534653682668874,False,
multinomial_logistic_regression,main,FL,1,17,18,C,0.03,0,0.4785957349051147,False,
multinomial_logistic_regression,main,FL,1,17,18,C,0.1,0,0.4780718463144736,True,
multinomial_logistic_regression,main,FL,1,17,18,C,0.3,0,0.4781603083087181,False,
multinomial_logistic_regression,main,FL,1,17,18,C,0.03,1,0.598575781203966,False,
multinomial_logistic_regression,main,FL,1,17,18,C,0.1,1,0.5994283474235386,True,
multinomial_logistic_regression,main,FL,1,17,18,C,0.3,1,0.5997010634828698,False,
multinomial_logistic_regression,main,FL,1,17,18,C,0.03,2,0.5794759629743718,False,
multinomial_logistic_regression,main,FL,1,17,18,C,0.1,2,0.5797438733491856,True,
multinomial_logistic_regression,main,FL,1,17,18,C,0.3,2,0.5789687325703058,False,
multinomial_logistic_regression,main,FL,1,42,18,C,0.03,0,0.5008390825191076,False,
multinomial_logistic_regression,main,FL,1,42,18,C,0.1,0,0.5017896847303599,True,
multinomial_logistic_regression,main,FL,1,42,18,C,0.3,0,0.5016743361047576,False,
multinomial_logistic_regression,main,FL,1,42,18,C,0.03,1,0.577470443704914,False,
multinomial_logistic_regression,main,FL,1,42,18,C,0.1,1,0.5780829803111899,True,
multinomial_logistic_regression,main,FL,1,42,18,C,0.3,1,0.5781693389174044,False,
multinomial_logistic_regression,main,FL,1,42,18,C,0.03,2,0.5737180585200331,False,
multinomial_logistic_regression,main,FL,1,42,18,C,0.1,2,0.573003976473002,True,
multinomial_logistic_regression,main,FL,1,42,18,C,0.3,2,0.5725463010506476,False,
multinomial_logistic_regression,main,FL,1,73,18,C,0.03,0,0.5394483144530748,False,
multinomial_logistic_regression,main,FL,1,73,18,C,0.1,0,0.5394653680849076,True,
multinomial_logistic_regression,main,FL,1,73,18,C,0.3,0,0.5391995925559413,False,
multinomial_logistic_regression,main,FL,1,73,18,C,0.03,1,0.5877697817506666,False,
multinomial_logistic_regression,main,FL,1,73,18,C,0.1,1,0.588194135011749,True,
multinomial_logistic_regression,main,FL,1,73,18,C,0.3,1,0.5882224190189377,False,
multinomial_logistic_regression,main,FL,1,73,18,C,0.03,2,0.5457848939531108,False,
multinomial_logistic_regression,main,FL,1,73,18,C,0.1,2,0.545566623032722,True,
multinomial_logistic_regression,main,FL,1,73,18,C,0.3,2,0.5453801718144238,False,
multinomial_logistic_regression,main,Formal_Lab,1,17,6,C,0.03,0,0.7021504312405944,False,
multinomial_logistic_regression,main,Formal_Lab,1,17,6,C,0.1,0,0.712975382028832,True,
multinomial_logistic_regression,main,Formal_Lab,1,17,6,C,0.3,0,0.713352103369399,False,
multinomial_logistic_regression,main,Formal_Lab,1,17,6,C,0.03,1,0.7875045268022755,False,
multinomial_logistic_regression,main,Formal_Lab,1,17,6,C,0.1,1,0.787415080450443,True,
multinomial_logistic_regression,main,Formal_Lab,1,17,6,C,0.3,1,0.7729664974161685,False,
multinomial_logistic_regression,main,Formal_Lab,1,17,6,C,0.03,2,0.8567485107588448,False,
multinomial_logistic_regression,main,Formal_Lab,1,17,6,C,0.1,2,0.8563725201642418,True,
multinomial_logistic_regression,main,Formal_Lab,1,17,6,C,0.3,2,0.8421699732985293,False,
multinomial_logistic_regression,main,Formal_Lab,1,42,6,C,0.03,0,0.7393895365097274,True,
multinomial_logistic_regression,main,Formal_Lab,1,42,6,C,0.1,0,0.7339078353306507,False,
multinomial_logistic_regression,main,Formal_Lab,1,42,6,C,0.3,0,0.7205422913153217,False,
multinomial_logistic_regression,main,Formal_Lab,1,42,6,C,0.03,1,0.7965533627895691,True,
multinomial_logistic_regression,main,Formal_Lab,1,42,6,C,0.1,1,0.7998435270346131,False,
multinomial_logistic_regression,main,Formal_Lab,1,42,6,C,0.3,1,0.7810514818746485,False,
multinomial_logistic_regression,main,Formal_Lab,1,42,6,C,0.03,2,0.7169529094774848,True,
multinomial_logistic_regression,main,Formal_Lab,1,42,6,C,0.1,2,0.7160791790670662,False,
multinomial_logistic_regression,main,Formal_Lab,1,42,6,C,0.3,2,0.7073244850381362,False,
multinomial_logistic_regression,main,Formal_Lab,1,73,6,C,0.03,0,0.8035673432197468,False,
multinomial_logistic_regression,main,Formal_Lab,1,73,6,C,0.1,0,0.8049624271886846,True,
multinomial_logistic_regression,main,Formal_Lab,1,73,6,C,0.3,0,0.8071799924910814,False,
multinomial_logistic_regression,main,Formal_Lab,1,73,6,C,0.03,1,0.7272630415864081,False,
multinomial_logistic_regression,main,Formal_Lab,1,73,6,C,0.1,1,0.7350448352810535,True,
multinomial_logistic_regression,main,Formal_Lab,1,73,6,C,0.3,1,0.729006261008057,False,
multinomial_logistic_regression,main,Formal_Lab,1,73,6,C,0.03,2,0.8027594331542098,False,
multinomial_logistic_regression,main,Formal_Lab,1,73,6,C,0.1,2,0.7948441649358791,True,
multinomial_logistic_regression,main,Formal_Lab,1,73,6,C,0.3,2,0.7934976834775253,False,
multinomial_logistic_regression,main,Formal_Lab,1,17,12,C,0.03,0,0.7649090924087083,False,
multinomial_logistic_regression,main,Formal_Lab,1,17,12,C,0.1,0,0.7674566851233626,False,
multinomial_logistic_regression,main,Formal_Lab,1,17,12,C,0.3,0,0.767944791692913,True,
multinomial_logistic_regression,main,Formal_Lab,1,17,12,C,0.03,1,0.7492485002653245,False,
multinomial_logistic_regression,main,Formal_Lab,1,17,12,C,0.1,1,0.76366490415044,False,
multinomial_logistic_regression,main,Formal_Lab,1,17,12,C,0.3,1,0.767190235906853,True,
multinomial_logistic_regression,main,Formal_Lab,1,17,12,C,0.03,2,0.8437581998375479,False,
multinomial_logistic_regression,main,Formal_Lab,1,17,12,C,0.1,2,0.8453385605241186,False,
multinomial_logistic_regression,main,Formal_Lab,1,17,12,C,0.3,2,0.844385304250624,True,
multinomial_logistic_regression,main,Formal_Lab,1,42,12,C,0.03,0,0.7850609290955738,True,
multinomial_logistic_regression,main,Formal_Lab,1,42,12,C,0.1,0,0.7836905843246145,False,
multinomial_logistic_regression,main,Formal_Lab,1,42,12,C,0.3,0,0.7777518543236797,False,
multinomial_logistic_regression,main,Formal_Lab,1,42,12,C,0.03,1,0.7386653470772337,True,
multinomial_logistic_regression,main,Formal_Lab,1,42,12,C,0.1,1,0.746989727888026,False,
multinomial_logistic_regression,main,Formal_Lab,1,42,12,C,0.3,1,0.7407333229018002,False,
multinomial_logistic_regression,main,Formal_Lab,1,42,12,C,0.03,2,0.7488097094029187,True,
multinomial_logistic_regression,main,Formal_Lab,1,42,12,C,0.1,2,0.734124225811028,False,
multinomial_logistic_regression,main,Formal_Lab,1,42,12,C,0.3,2,0.7255074825722179,False,
multinomial_logistic_regression,main,Formal_Lab,1,73,12,C,0.03,0,0.8091247657254101,True,
multinomial_logistic_regression,main,Formal_Lab,1,73,12,C,0.1,0,0.7948291689442584,False,
multinomial_logistic_regression,main,Formal_Lab,1,73,12,C,0.3,0,0.7896206352170303,False,
multinomial_logistic_regression,main,Formal_Lab,1,73,12,C,0.03,1,0.7553103217439294,True,
multinomial_logistic_regression,main,Formal_Lab,1,73,12,C,0.1,1,0.7556119337000462,False,
multinomial_logistic_regression,main,Formal_Lab,1,73,12,C,0.3,1,0.7591373867999115,False,
multinomial_logistic_regression,main,Formal_Lab,1,73,12,C,0.03,2,0.8234376381982305,True,
multinomial_logistic_regression,main,Formal_Lab,1,73,12,C,0.1,2,0.8165740384224169,False,
multinomial_logistic_regression,main,Formal_Lab,1,73,12,C,0.3,2,0.8107594009994505,False,
multinomial_logistic_regression,main,Formal_Lab,1,17,18,C,0.03,0,0.7569142737137097,True,
multinomial_logistic_regression,main,Formal_Lab,1,17,18,C,0.1,0,0.7475896280387381,False,
multinomial_logistic_regression,main,Formal_Lab,1,17,18,C,0.3,0,0.7424750607569451,False,
multinomial_logistic_regression,main,Formal_Lab,1,17,18,C,0.03,1,0.7855811554409663,True,
multinomial_logistic_regression,main,Formal_Lab,1,17,18,C,0.1,1,0.7907758735857274,False,
multinomial_logistic_regression,main,Formal_Lab,1,17,18,C,0.3,1,0.7934489742130214,False,
multinomial_logistic_regression,main,Formal_Lab,1,17,18,C,0.03,2,0.8309261763868445,True,
multinomial_logistic_regression,main,Formal_Lab,1,17,18,C,0.1,2,0.8241019626293958,False,
multinomial_logistic_regression,main,Formal_Lab,1,17,18,C,0.3,2,0.8297164955581348,False,
multinomial_logistic_regression,main,Formal_Lab,1,42,18,C,0.03,0,0.7898602460700387,False,
multinomial_logistic_regression,main,Formal_Lab,1,42,18,C,0.1,0,0.795858364002234,False,
multinomial_logistic_regression,main,Formal_Lab,1,42,18,C,0.3,0,0.795941072631456,True,
multinomial_logistic_regression,main,Formal_Lab,1,42,18,C,0.03,1,0.7541989556565357,False,
multinomial_logistic_regression,main,Formal_Lab,1,42,18,C,0.1,1,0.7569114728214229,False,
multinomial_logistic_regression,main,Formal_Lab,1,42,18,C,0.3,1,0.7584385391333986,True,
multinomial_logistic_regression,main,Formal_Lab,1,42,18,C,0.03,2,0.8080747670402252,False,
multinomial_logistic_regression,main,Formal_Lab,1,42,18,C,0.1,2,0.8052600425218293,False,
multinomial_logistic_regression,main,Formal_Lab,1,42,18,C,0.3,2,0.8070569135274256,True,
multinomial_logistic_regression,main,Formal_Lab,1,73,18,C,0.03,0,0.8110472650809699,False,
multinomial_logistic_regression,main,Formal_Lab,1,73,18,C,0.1,0,0.8114114369335796,True,
multinomial_logistic_regression,main,Formal_Lab,1,73,18,C,0.3,0,0.8095356500995005,False,
multinomial_logistic_regression,main,Formal_Lab,1,73,18,C,0.03,1,0.7787013904880206,False,
multinomial_logistic_regression,main,Formal_Lab,1,73,18,C,0.1,1,0.7821767312793728,True,
multinomial_logistic_regression,main,Formal_Lab,1,73,18,C,0.3,1,0.7800178626411158,False,
multinomial_logistic_regression,main,Formal_Lab,1,73,18,C,0.03,2,0.7894794003861597,False,
multinomial_logistic_regression,main,Formal_Lab,1,73,18,C,0.1,2,0.7846265200715332,True,
multinomial_logistic_regression,main,Formal_Lab,1,73,18,C,0.3,2,0.7796431815244098,False,
multinomial_logistic_regression,main,FL,2,17,6,C,0.03,0,0.5531667522597131,True,
multinomial_logistic_regression,main,FL,2,17,6,C,0.1,0,0.5505980105775008,False,
multinomial_logistic_regression,main,FL,2,17,6,C,0.3,0,0.5487448510088979,False,
multinomial_logistic_regression,main,FL,2,17,6,C,0.03,1,0.5693836087109749,True,
multinomial_logistic_regression,main,FL,2,17,6,C,0.1,1,0.5695305482461233,False,
multinomial_logistic_regression,main,FL,2,17,6,C,0.3,1,0.5693872424649542,False,
multinomial_logistic_regression,main,FL,2,17,6,C,0.03,2,0.5945472982920108,True,
multinomial_logistic_regression,main,FL,2,17,6,C,0.1,2,0.5933472043279195,False,
multinomial_logistic_regression,main,FL,2,17,6,C,0.3,2,0.5936167193788464,False,
multinomial_logistic_regression,main,FL,2,42,6,C,0.03,0,0.5731808450977993,False,
multinomial_logistic_regression,main,FL,2,42,6,C,0.1,0,0.5734311688398412,True,
multinomial_logistic_regression,main,FL,2,42,6,C,0.3,0,0.5736245155842279,False,
multinomial_logistic_regression,main,FL,2,42,6,C,0.03,1,0.5765543650011465,False,
multinomial_logistic_regression,main,FL,2,42,6,C,0.1,1,0.5775836789676051,True,
multinomial_logistic_regression,main,FL,2,42,6,C,0.3,1,0.5781078195882468,False,
multinomial_logistic_regression,main,FL,2,42,6,C,0.03,2,0.643199334319292,False,
multinomial_logistic_regression,main,FL,2,42,6,C,0.1,2,0.6447775615547933,True,
multinomial_logistic_regression,main,FL,2,42,6,C,0.3,2,0.6464885280222127,False,
multinomial_logistic_regression,main,FL,2,73,6,C,0.03,0,0.5694364575995916,False,
multinomial_logistic_regression,main,FL,2,73,6,C,0.1,0,0.5708331617057205,True,
multinomial_logistic_regression,main,FL,2,73,6,C,0.3,0,0.570822863337343,False,
multinomial_logistic_regression,main,FL,2,73,6,C,0.03,1,0.5546256083334695,False,
multinomial_logistic_regression,main,FL,2,73,6,C,0.1,1,0.5570754934887389,True,
multinomial_logistic_regression,main,FL,2,73,6,C,0.3,1,0.558109803994211,False,
multinomial_logistic_regression,main,FL,2,73,6,C,0.03,2,0.574410667003221,False,
multinomial_logistic_regression,main,FL,2,73,6,C,0.1,2,0.575283011414859,True,
multinomial_logistic_regression,main,FL,2,73,6,C,0.3,2,0.5763123078876635,False,
multinomial_logistic_regression,main,FL,2,17,12,C,0.03,0,0.5955283920659231,False,
multinomial_logistic_regression,main,FL,2,17,12,C,0.1,0,0.5949283583594713,True,
multinomial_logistic_regression,main,FL,2,17,12,C,0.3,0,0.5945932433170725,False,
multinomial_logistic_regression,main,FL,2,17,12,C,0.03,1,0.5892581333305964,False,
multinomial_logistic_regression,main,FL,2,17,12,C,0.1,1,0.5903351214533012,True,
multinomial_logistic_regression,main,FL,2,17,12,C,0.3,1,0.5901448574221893,False,
multinomial_logistic_regression,main,FL,2,17,12,C,0.03,2,0.623341083392647,False,
multinomial_logistic_regression,main,FL,2,17,12,C,0.1,2,0.6241845911761366,True,
multinomial_logistic_regression,main,FL,2,17,12,C,0.3,2,0.6234078375458757,False,
multinomial_logistic_regression,main,FL,2,42,12,C,0.03,0,0.5761605699617552,False,
multinomial_logistic_regression,main,FL,2,42,12,C,0.1,0,0.5760704876967786,True,
multinomial_logistic_regression,main,FL,2,42,12,C,0.3,0,0.5753248287957371,False,
multinomial_logistic_regression,main,FL,2,42,12,C,0.03,1,0.5656441856111432,False,
multinomial_logistic_regression,main,FL,2,42,12,C,0.1,1,0.5672542061056068,True,
multinomial_logistic_regression,main,FL,2,42,12,C,0.3,1,0.5673919140597321,False,
multinomial_logistic_regression,main,FL,2,42,12,C,0.03,2,0.5437819293186515,False,
multinomial_logistic_regression,main,FL,2,42,12,C,0.1,2,0.5445069956200622,True,
multinomial_logistic_regression,main,FL,2,42,12,C,0.3,2,0.5451299524851395,False,
multinomial_logistic_regression,main,FL,2,73,12,C,0.03,0,0.5779457282875856,False,
multinomial_logistic_regression,main,FL,2,73,12,C,0.1,0,0.5770609249324488,True,
multinomial_logistic_regression,main,FL,2,73,12,C,0.3,0,0.5763166335839816,False,
multinomial_logistic_regression,main,FL,2,73,12,C,0.03,1,0.5512061480550288,False,
multinomial_logistic_regression,main,FL,2,73,12,C,0.1,1,0.5520844862720811,True,
multinomial_logistic_regression,main,FL,2,73,12,C,0.3,1,0.5524812379621022,False,
multinomial_logistic_regression,main,FL,2,73,12,C,0.03,2,0.5735240848089266,False,
multinomial_logistic_regression,main,FL,2,73,12,C,0.1,2,0.5744399492445447,True,
multinomial_logistic_regression,main,FL,2,73,12,C,0.3,2,0.5747039189635499,False,
multinomial_logistic_regression,main,FL,2,17,18,C,0.03,0,0.5699947523314007,False,
multinomial_logistic_regression,main,FL,2,17,18,C,0.1,0,0.5695956495672756,True,
multinomial_logistic_regression,main,FL,2,17,18,C,0.3,0,0.5698787619743042,False,
multinomial_logistic_regression,main,FL,2,17,18,C,0.03,1,0.5188059731903869,False,
multinomial_logistic_regression,main,FL,2,17,18,C,0.1,1,0.5192945121382929,True,
multinomial_logistic_regression,main,FL,2,17,18,C,0.3,1,0.5194443809767187,False,
multinomial_logistic_regression,main,FL,2,17,18,C,0.03,2,0.6042500872184742,False,
multinomial_logistic_regression,main,FL,2,17,18,C,0.1,2,0.6043283655572554,True,
multinomial_logistic_regression,main,FL,2,17,18,C,0.3,2,0.6038945544879809,False,
multinomial_logistic_regression,main,FL,2,42,18,C,0.03,0,0.5684828797386826,False,
multinomial_logistic_regression,main,FL,2,42,18,C,0.1,0,0.5683322024098977,True,
multinomial_logistic_regression,main,FL,2,42,18,C,0.3,0,0.5684444117691364,False,
multinomial_logistic_regression,main,FL,2,42,18,C,0.03,1,0.5858382514210675,False,
multinomial_logistic_regression,main,FL,2,42,18,C,0.1,1,0.5858656939802057,True,
multinomial_logistic_regression,main,FL,2,42,18,C,0.3,1,0.5861842608340759,False,
multinomial_logistic_regression,main,FL,2,42,18,C,0.03,2,0.5530580396934991,False,
multinomial_logistic_regression,main,FL,2,42,18,C,0.1,2,0.5547005077940554,True,
multinomial_logistic_regression,main,FL,2,42,18,C,0.3,2,0.554629163197913,False,
multinomial_logistic_regression,main,FL,2,73,18,C,0.03,0,0.5791610833045039,False,
multinomial_logistic_regression,main,FL,2,73,18,C,0.1,0,0.5790104468856142,True,
multinomial_logistic_regression,main,FL,2,73,18,C,0.3,0,0.5791502195069486,False,
multinomial_logistic_regression,main,FL,2,73,18,C,0.03,1,0.4988733613125105,False,
multinomial_logistic_regression,main,FL,2,73,18,C,0.1,1,0.49916237765354216,True,
multinomial_logistic_regression,main,FL,2,73,18,C,0.3,1,0.4992024775832709,False,
multinomial_logistic_regression,main,FL,2,73,18,C,0.03,2,0.6038288449505713,False,
multinomial_logistic_regression,main,FL,2,73,18,C,0.1,2,0.6047108266481485,True,
multinomial_logistic_regression,main,FL,2,73,18,C,0.3,2,0.605321560531687,False,
multinomial_logistic_regression,main,Formal_Lab,2,17,6,C,0.03,0,0.7606460807319886,True,
multinomial_logistic_regression,main,Formal_Lab,2,17,6,C,0.1,0,0.7558737742364261,False,
multinomial_logistic_regression,main,Formal_Lab,2,17,6,C,0.3,0,0.7509291823372197,False,
multinomial_logistic_regression,main,Formal_Lab,2,17,6,C,0.03,1,0.726461174945462,True,
multinomial_logistic_regression,main,Formal_Lab,2,17,6,C,0.1,1,0.7102755138950348,False,
multinomial_logistic_regression,main,Formal_Lab,2,17,6,C,0.3,1,0.7006062412057042,False,
multinomial_logistic_regression,main,Formal_Lab,2,17,6,C,0.03,2,0.7734810460851728,True,
multinomial_logistic_regression,main,Formal_Lab,2,17,6,C,0.1,2,0.7769491761352989,False,
multinomial_logistic_regression,main,Formal_Lab,2,17,6,C,0.3,2,0.7756868339966115,False,
multinomial_logistic_regression,main,Formal_Lab,2,42,6,C,0.03,0,0.7850103286044998,True,
multinomial_logistic_regression,main,Formal_Lab,2,42,6,C,0.1,0,0.7779325134843449,False,
multinomial_logistic_regression,main,Formal_Lab,2,42,6,C,0.3,0,0.7777985591497005,False,
multinomial_logistic_regression,main,Formal_Lab,2,42,6,C,0.03,1,0.8140974063445221,True,
multinomial_logistic_regression,main,Formal_Lab,2,42,6,C,0.1,1,0.792221285462744,False,
multinomial_logistic_regression,main,Formal_Lab,2,42,6,C,0.3,1,0.7776737907965328,False,
multinomial_logistic_regression,main,Formal_Lab,2,42,6,C,0.03,2,0.7072046432053923,True,
multinomial_logistic_regression,main,Formal_Lab,2,42,6,C,0.1,2,0.7098490621292698,False,
multinomial_logistic_regression,main,Formal_Lab,2,42,6,C,0.3,2,0.7143844035675129,False,
multinomial_logistic_regression,main,Formal_Lab,2,73,6,C,0.03,0,0.7664882381287772,True,
multinomial_logistic_regression,main,Formal_Lab,2,73,6,C,0.1,0,0.7550385198451357,False,
multinomial_logistic_regression,main,Formal_Lab,2,73,6,C,0.3,0,0.741269264204983,False,
multinomial_logistic_regression,main,Formal_Lab,2,73,6,C,0.03,1,0.7310925140079625,True,
multinomial_logistic_regression,main,Formal_Lab,2,73,6,C,0.1,1,0.7307935210489325,False,
multinomial_logistic_regression,main,Formal_Lab,2,73,6,C,0.3,1,0.7218534322117882,False,
multinomial_logistic_regression,main,Formal_Lab,2,73,6,C,0.03,2,0.7998333443465414,True,
multinomial_logistic_regression,main,Formal_Lab,2,73,6,C,0.1,2,0.8084936223494426,False,
multinomial_logistic_regression,main,Formal_Lab,2,73,6,C,0.3,2,0.8099845852164171,False,
multinomial_logistic_regression,main,Formal_Lab,2,17,12,C,0.03,0,0.776290453469587,True,
multinomial_logistic_regression,main,Formal_Lab,2,17,12,C,0.1,0,0.7596545040870302,False,
multinomial_logistic_regression,main,Formal_Lab,2,17,12,C,0.3,0,0.7450787575219598,False,
multinomial_logistic_regression,main,Formal_Lab,2,17,12,C,0.03,1,0.7967657633681832,True,
multinomial_logistic_regression,main,Formal_Lab,2,17,12,C,0.1,1,0.7929793116683852,False,
multinomial_logistic_regression,main,Formal_Lab,2,17,12,C,0.3,1,0.7958730047744468,False,
multinomial_logistic_regression,main,Formal_Lab,2,17,12,C,0.03,2,0.8003006822157337,True,
multinomial_logistic_regression,main,Formal_Lab,2,17,12,C,0.1,2,0.8046121593566273,False,
multinomial_logistic_regression,main,Formal_Lab,2,17,12,C,0.3,2,0.8086119158805498,False,
multinomial_logistic_regression,main,Formal_Lab,2,42,12,C,0.03,0,0.7501358708939199,True,
multinomial_logistic_regression,main,Formal_Lab,2,42,12,C,0.1,0,0.746939655727322,False,
multinomial_logistic_regression,main,Formal_Lab,2,42,12,C,0.3,0,0.7562490289585259,False,
multinomial_logistic_regression,main,Formal_Lab,2,42,12,C,0.03,1,0.8321658149061797,True,
multinomial_logistic_regression,main,Formal_Lab,2,42,12,C,0.1,1,0.8309986414249461,False,
multinomial_logistic_regression,main,Formal_Lab,2,42,12,C,0.3,1,0.8277334819649265,False,
multinomial_logistic_regression,main,Formal_Lab,2,42,12,C,0.03,2,0.7531854251190293,True,
multinomial_logistic_regression,main,Formal_Lab,2,42,12,C,0.1,2,0.7466004303586308,False,
multinomial_logistic_regression,main,Formal_Lab,2,42,12,C,0.3,2,0.7416144290738071,False,
multinomial_logistic_regression,main,Formal_Lab,2,73,12,C,0.03,0,0.8217927866439801,False,
multinomial_logistic_regression,main,Formal_Lab,2,73,12,C,0.1,0,0.8202100506892642,True,
multinomial_logistic_regression,main,Formal_Lab,2,73,12,C,0.3,0,0.8150075307627811,False,
multinomial_logistic_regression,main,Formal_Lab,2,73,12,C,0.03,1,0.6883526571794165,False,
multinomial_logistic_regression,main,Formal_Lab,2,73,12,C,0.1,1,0.693497231567733,True,
multinomial_logistic_regression,main,Formal_Lab,2,73,12,C,0.3,1,0.6884563383181305,False,
multinomial_logistic_regression,main,Formal_Lab,2,73,12,C,0.03,2,0.8083938488196378,False,
multinomial_logistic_regression,main,Formal_Lab,2,73,12,C,0.1,2,0.8080925794382078,True,
multinomial_logistic_regression,main,Formal_Lab,2,73,12,C,0.3,2,0.8032028046164631,False,
multinomial_logistic_regression,main,Formal_Lab,2,17,18,C,0.03,0,0.774390419148466,False,
multinomial_logistic_regression,main,Formal_Lab,2,17,18,C,0.1,0,0.7759069459387952,True,
multinomial_logistic_regression,main,Formal_Lab,2,17,18,C,0.3,0,0.7668223185922104,False,
multinomial_logistic_regression,main,Formal_Lab,2,17,18,C,0.03,1,0.8082723014721024,False,
multinomial_logistic_regression,main,Formal_Lab,2,17,18,C,0.1,1,0.8094076627468038,True,
multinomial_logistic_regression,main,Formal_Lab,2,17,18,C,0.3,1,0.8100882814914501,False,
multinomial_logistic_regression,main,Formal_Lab,2,17,18,C,0.03,2,0.7909932992984903,False,
multinomial_logistic_regression,main,Formal_Lab,2,17,18,C,0.1,2,0.7883321774885843,True,
multinomial_logistic_regression,main,Formal_Lab,2,17,18,C,0.3,2,0.7851133570526106,False,
multinomial_logistic_regression,main,Formal_Lab,2,42,18,C,0.03,0,0.776820694348452,False,
multinomial_logistic_regression,main,Formal_Lab,2,42,18,C,0.1,0,0.7746092965778292,True,
multinomial_logistic_regression,main,Formal_Lab,2,42,18,C,0.3,0,0.7701688625952414,False,
multinomial_logistic_regression,main,Formal_Lab,2,42,18,C,0.03,1,0.8108529338499518,False,
multinomial_logistic_regression,main,Formal_Lab,2,42,18,C,0.1,1,0.8125483788481821,True,
multinomial_logistic_regression,main,Formal_Lab,2,42,18,C,0.3,1,0.8099690497546592,False,
multinomial_logistic_regression,main,Formal_Lab,2,42,18,C,0.03,2,0.7712295502274246,False,
multinomial_logistic_regression,main,Formal_Lab,2,42,18,C,0.1,2,0.7769181553056019,True,
multinomial_logistic_regression,main,Formal_Lab,2,42,18,C,0.3,2,0.7780254087604118,False,
multinomial_logistic_regression,main,Formal_Lab,2,73,18,C,0.03,0,0.8192777477801725,False,
multinomial_logistic_regression,main,Formal_Lab,2,73,18,C,0.1,0,0.8128526344045324,True,
multinomial_logistic_regression,main,Formal_Lab,2,73,18,C,0.3,0,0.8076821252670969,False,
multinomial_logistic_regression,main,Formal_Lab,2,73,18,C,0.03,1,0.75759619393909,False,
multinomial_logistic_regression,main,Formal_Lab,2,73,18,C,0.1,1,0.7600364313093547,True,
multinomial_logistic_regression,main,Formal_Lab,2,73,18,C,0.3,1,0.7548828646119619,False,
multinomial_logistic_regression,main,Formal_Lab,2,73,18,C,0.03,2,0.7865708783870291,False,
multinomial_logistic_regression,main,Formal_Lab,2,73,18,C,0.1,2,0.7906615529997326,True,
multinomial_logistic_regression,main,Formal_Lab,2,73,18,C,0.3,2,0.7882105120004472,False,
multinomial_logistic_regression,main,FL,3,17,6,C,0.03,0,0.6038701364952769,False,
multinomial_logistic_regression,main,FL,3,17,6,C,0.1,0,0.6022958707520003,True,
multinomial_logistic_regression,main,FL,3,17,6,C,0.3,0,0.6008658659843573,False,
multinomial_logistic_regression,main,FL,3,17,6,C,0.03,1,0.40221223559852287,False,
multinomial_logistic_regression,main,FL,3,17,6,C,0.1,1,0.40394082604400494,True,
multinomial_logistic_regression,main,FL,3,17,6,C,0.3,1,0.40444274157048643,False,
multinomial_logistic_regression,main,FL,3,17,6,C,0.03,2,0.5197024093036087,False,
multinomial_logistic_regression,main,FL,3,17,6,C,0.1,2,0.5180266807816993,True,
multinomial_logistic_regression,main,FL,3,17,6,C,0.3,2,0.5164470149049141,False,
multinomial_logistic_regression,main,FL,3,42,6,C,0.03,0,0.47938992719386325,False,
multinomial_logistic_regression,main,FL,3,42,6,C,0.1,0,0.4750378613210614,True,
multinomial_logistic_regression,main,FL,3,42,6,C,0.3,0,0.4699855938143923,False,
multinomial_logistic_regression,main,FL,3,42,6,C,0.03,1,0.5582059485164526,False,
multinomial_logistic_regression,main,FL,3,42,6,C,0.1,1,0.5592306917844959,True,
multinomial_logistic_regression,main,FL,3,42,6,C,0.3,1,0.5606320160788172,False,
multinomial_logistic_regression,main,FL,3,42,6,C,0.03,2,0.5560051160530097,False,
multinomial_logistic_regression,main,FL,3,42,6,C,0.1,2,0.5579756232323485,True,
multinomial_logistic_regression,main,FL,3,42,6,C,0.3,2,0.5575729181232254,False,
multinomial_logistic_regression,main,FL,3,73,6,C,0.03,0,0.5024120141502196,False,
multinomial_logistic_regression,main,FL,3,73,6,C,0.1,0,0.503602270898605,True,
multinomial_logistic_regression,main,FL,3,73,6,C,0.3,0,0.5038499297998101,False,
multinomial_logistic_regression,main,FL,3,73,6,C,0.03,1,0.46904144999496533,False,
multinomial_logistic_regression,main,FL,3,73,6,C,0.1,1,0.46857855993245046,True,
multinomial_logistic_regression,main,FL,3,73,6,C,0.3,1,0.46835503239979237,False,
multinomial_logistic_regression,main,FL,3,73,6,C,0.03,2,0.5070771569675849,False,
multinomial_logistic_regression,main,FL,3,73,6,C,0.1,2,0.5087178889280275,True,
multinomial_logistic_regression,main,FL,3,73,6,C,0.3,2,0.5098790928121573,False,
multinomial_logistic_regression,main,FL,3,17,12,C,0.03,0,0.5346796786582224,False,
multinomial_logistic_regression,main,FL,3,17,12,C,0.1,0,0.5338338905401028,True,
multinomial_logistic_regression,main,FL,3,17,12,C,0.3,0,0.5330733427796404,False,
multinomial_logistic_regression,main,FL,3,17,12,C,0.03,1,0.5097453904183142,False,
multinomial_logistic_regression,main,FL,3,17,12,C,0.1,1,0.5107206171222858,True,
multinomial_logistic_regression,main,FL,3,17,12,C,0.3,1,0.5111208872752041,False,
multinomial_logistic_regression,main,FL,3,17,12,C,0.03,2,0.5375841251046274,False,
multinomial_logistic_regression,main,FL,3,17,12,C,0.1,2,0.5377268004038189,True,
multinomial_logistic_regression,main,FL,3,17,12,C,0.3,2,0.5373855059676543,False,
multinomial_logistic_regression,main,FL,3,42,12,C,0.03,0,0.5179476900365264,False,
multinomial_logistic_regression,main,FL,3,42,12,C,0.1,0,0.5166218478806545,True,
multinomial_logistic_regression,main,FL,3,42,12,C,0.3,0,0.5158720030552392,False,
multinomial_logistic_regression,main,FL,3,42,12,C,0.03,1,0.5461499528952228,False,
multinomial_logistic_regression,main,FL,3,42,12,C,0.1,1,0.5464987846373522,True,
multinomial_logistic_regression,main,FL,3,42,12,C,0.3,1,0.5467324003959723,False,
multinomial_logistic_regression,main,FL,3,42,12,C,0.03,2,0.4780279400371226,False,
multinomial_logistic_regression,main,FL,3,42,12,C,0.1,2,0.4778409089176157,True,
multinomial_logistic_regression,main,FL,3,42,12,C,0.3,2,0.4774069789868794,False,
multinomial_logistic_regression,main,FL,3,73,12,C,0.03,0,0.5880008214221251,False,
multinomial_logistic_regression,main,FL,3,73,12,C,0.1,0,0.589544022771267,True,
multinomial_logistic_regression,main,FL,3,73,12,C,0.3,0,0.5895926505193979,False,
multinomial_logistic_regression,main,FL,3,73,12,C,0.03,1,0.5140272134872295,False,
multinomial_logistic_regression,main,FL,3,73,12,C,0.1,1,0.5125011139362133,True,
multinomial_logistic_regression,main,FL,3,73,12,C,0.3,1,0.5113063201476237,False,
multinomial_logistic_regression,main,FL,3,73,12,C,0.03,2,0.5596265003630972,False,
multinomial_logistic_regression,main,FL,3,73,12,C,0.1,2,0.5600320961016846,True,
multinomial_logistic_regression,main,FL,3,73,12,C,0.3,2,0.5596375315953711,False,
multinomial_logistic_regression,main,FL,3,17,18,C,0.03,0,0.5589792285641887,False,
multinomial_logistic_regression,main,FL,3,17,18,C,0.1,0,0.5582332935979961,True,
multinomial_logistic_regression,main,FL,3,17,18,C,0.3,0,0.5578104278178772,False,
multinomial_logistic_regression,main,FL,3,17,18,C,0.03,1,0.5316510651749934,False,
multinomial_logistic_regression,main,FL,3,17,18,C,0.1,1,0.5316828935244943,True,
multinomial_logistic_regression,main,FL,3,17,18,C,0.3,1,0.5318454654854702,False,
multinomial_logistic_regression,main,FL,3,17,18,C,0.03,2,0.5583043874717389,False,
multinomial_logistic_regression,main,FL,3,17,18,C,0.1,2,0.5589766289382704,True,
multinomial_logistic_regression,main,FL,3,17,18,C,0.3,2,0.5591296734404433,False,
multinomial_logistic_regression,main,FL,3,42,18,C,0.03,0,0.560939528381723,False,
multinomial_logistic_regression,main,FL,3,42,18,C,0.1,0,0.5608359997346178,True,
multinomial_logistic_regression,main,FL,3,42,18,C,0.3,0,0.5608684864472006,False,
multinomial_logistic_regression,main,FL,3,42,18,C,0.03,1,0.5648831582151597,False,
multinomial_logistic_regression,main,FL,3,42,18,C,0.1,1,0.5661211420901684,True,
multinomial_logistic_regression,main,FL,3,42,18,C,0.3,1,0.5664496159098401,False,
multinomial_logistic_regression,main,FL,3,42,18,C,0.03,2,0.5305142960695121,False,
multinomial_logistic_regression,main,FL,3,42,18,C,0.1,2,0.5302990117826045,True,
multinomial_logistic_regression,main,FL,3,42,18,C,0.3,2,0.5298557201061395,False,
multinomial_logistic_regression,main,FL,3,73,18,C,0.03,0,0.52446784205473,False,
multinomial_logistic_regression,main,FL,3,73,18,C,0.1,0,0.5253055151284696,True,
multinomial_logistic_regression,main,FL,3,73,18,C,0.3,0,0.5255145500267543,False,
multinomial_logistic_regression,main,FL,3,73,18,C,0.03,1,0.5475038091189668,False,
multinomial_logistic_regression,main,FL,3,73,18,C,0.1,1,0.5470474287078545,True,
multinomial_logistic_regression,main,FL,3,73,18,C,0.3,1,0.5468028787092245,False,
multinomial_logistic_regression,main,FL,3,73,18,C,0.03,2,0.5681973657382834,False,
multinomial_logistic_regression,main,FL,3,73,18,C,0.1,2,0.5683845852586722,True,
multinomial_logistic_regression,main,FL,3,73,18,C,0.3,2,0.5685390266556906,False,
multinomial_logistic_regression,main,Formal_Lab,3,17,6,C,0.03,0,0.7061941739012715,True,
multinomial_logistic_regression,main,Formal_Lab,3,17,6,C,0.1,0,0.71183068778709,False,
multinomial_logistic_regression,main,Formal_Lab,3,17,6,C,0.3,0,0.695999483453553,False,
multinomial_logistic_regression,main,Formal_Lab,3,17,6,C,0.03,1,0.6854428570020512,True,
multinomial_logistic_regression,main,Formal_Lab,3,17,6,C,0.1,1,0.6885122024924017,False,
multinomial_logistic_regression,main,Formal_Lab,3,17,6,C,0.3,1,0.6850225223376867,False,
multinomial_logistic_regression,main,Formal_Lab,3,17,6,C,0.03,2,0.6876629155495599,True,
multinomial_logistic_regression,main,Formal_Lab,3,17,6,C,0.1,2,0.6724465485541309,False,
multinomial_logistic_regression,main,Formal_Lab,3,17,6,C,0.3,2,0.6730123232753231,False,
multinomial_logistic_regression,main,Formal_Lab,3,42,6,C,0.03,0,0.752410312588309,False,
multinomial_logistic_regression,main,Formal_Lab,3,42,6,C,0.1,0,0.75328880873182,False,
multinomial_logistic_regression,main,Formal_Lab,3,42,6,C,0.3,0,0.7526058888489788,True,
multinomial_logistic_regression,main,Formal_Lab,3,42,6,C,0.03,1,0.7628134518465173,False,
multinomial_logistic_regression,main,Formal_Lab,3,42,6,C,0.1,1,0.7931217963237905,False,
multinomial_logistic_regression,main,Formal_Lab,3,42,6,C,0.3,1,0.8008372005793682,True,
multinomial_logistic_regression,main,Formal_Lab,3,42,6,C,0.03,2,0.7507903729767361,False,
multinomial_logistic_regression,main,Formal_Lab,3,42,6,C,0.1,2,0.759768168430057,False,
multinomial_logistic_regression,main,Formal_Lab,3,42,6,C,0.3,2,0.7593301974338534,True,
multinomial_logistic_regression,main,Formal_Lab,3,73,6,C,0.03,0,0.7184617191396225,True,
multinomial_logistic_regression,main,Formal_Lab,3,73,6,C,0.1,0,0.7147695809799124,False,
multinomial_logistic_regression,main,Formal_Lab,3,73,6,C,0.3,0,0.7008878929120615,False,
multinomial_logistic_regression,main,Formal_Lab,3,73,6,C,0.03,1,0.8015013756552289,True,
multinomial_logistic_regression,main,Formal_Lab,3,73,6,C,0.1,1,0.8057366255099059,False,
multinomial_logistic_regression,main,Formal_Lab,3,73,6,C,0.3,1,0.810645349555232,False,
multinomial_logistic_regression,main,Formal_Lab,3,73,6,C,0.03,2,0.7343398909718368,True,
multinomial_logistic_regression,main,Formal_Lab,3,73,6,C,0.1,2,0.7295700818281101,False,
multinomial_logistic_regression,main,Formal_Lab,3,73,6,C,0.3,2,0.7292234890984997,False,
multinomial_logistic_regression,main,Formal_Lab,3,17,12,C,0.03,0,0.7721769641873625,True,
multinomial_logistic_regression,main,Formal_Lab,3,17,12,C,0.1,0,0.7546602324055862,False,
multinomial_logistic_regression,main,Formal_Lab,3,17,12,C,0.3,0,0.7472428973341426,False,
multinomial_logistic_regression,main,Formal_Lab,3,17,12,C,0.03,1,0.7426704431544957,True,
multinomial_logistic_regression,main,Formal_Lab,3,17,12,C,0.1,1,0.7430171034991644,False,
multinomial_logistic_regression,main,Formal_Lab,3,17,12,C,0.3,1,0.7472220934977895,False,
multinomial_logistic_regression,main,Formal_Lab,3,17,12,C,0.03,2,0.7460534853545189,True,
multinomial_logistic_regression,main,Formal_Lab,3,17,12,C,0.1,2,0.7447648725243494,False,
multinomial_logistic_regression,main,Formal_Lab,3,17,12,C,0.3,2,0.7483265868950336,False,
multinomial_logistic_regression,main,Formal_Lab,3,42,12,C,0.03,0,0.7966350647843943,True,
multinomial_logistic_regression,main,Formal_Lab,3,42,12,C,0.1,0,0.7873249197261856,False,
multinomial_logistic_regression,main,Formal_Lab,3,42,12,C,0.3,0,0.7856010268911556,False,
multinomial_logistic_regression,main,Formal_Lab,3,42,12,C,0.03,1,0.7374266987416871,True,
multinomial_logistic_regression,main,Formal_Lab,3,42,12,C,0.1,1,0.7422783482605191,False,
multinomial_logistic_regression,main,Formal_Lab,3,42,12,C,0.3,1,0.7479460037627039,False,
multinomial_logistic_regression,main,Formal_Lab,3,42,12,C,0.03,2,0.774427656496343,True,
multinomial_logistic_regression,main,Formal_Lab,3,42,12,C,0.1,2,0.775853967220383,False,
multinomial_logistic_regression,main,Formal_Lab,3,42,12,C,0.3,2,0.7766657093355249,False,
multinomial_logistic_regression,main,Formal_Lab,3,73,12,C,0.03,0,0.7863971488448851,True,
multinomial_logistic_regression,main,Formal_Lab,3,73,12,C,0.1,0,0.7877714685130445,False,
multinomial_logistic_regression,main,Formal_Lab,3,73,12,C,0.3,0,0.7888363883712128,False,
multinomial_logistic_regression,main,Formal_Lab,3,73,12,C,0.03,1,0.7888956044962869,True,
multinomial_logistic_regression,main,Formal_Lab,3,73,12,C,0.1,1,0.7869496994501092,False,
multinomial_logistic_regression,main,Formal_Lab,3,73,12,C,0.3,1,0.7801011283789525,False,
multinomial_logistic_regression,main,Formal_Lab,3,73,12,C,0.03,2,0.7451665370310895,True,
multinomial_logistic_regression,main,Formal_Lab,3,73,12,C,0.1,2,0.7421921266693592,False,
multinomial_logistic_regression,main,Formal_Lab,3,73,12,C,0.3,2,0.7423543094755765,False,
multinomial_logistic_regression,main,Formal_Lab,3,17,18,C,0.03,0,0.7802685247996083,False,
multinomial_logistic_regression,main,Formal_Lab,3,17,18,C,0.1,0,0.7820301451659241,True,
multinomial_logistic_regression,main,Formal_Lab,3,17,18,C,0.3,0,0.7796733843839642,False,
multinomial_logistic_regression,main,Formal_Lab,3,17,18,C,0.03,1,0.7718861496469672,False,
multinomial_logistic_regression,main,Formal_Lab,3,17,18,C,0.1,1,0.7692652009024679,True,
multinomial_logistic_regression,main,Formal_Lab,3,17,18,C,0.3,1,0.7708863534037089,False,
multinomial_logistic_regression,main,Formal_Lab,3,17,18,C,0.03,2,0.7795131434248171,False,
multinomial_logistic_regression,main,Formal_Lab,3,17,18,C,0.1,2,0.7898919034442637,True,
multinomial_logistic_regression,main,Formal_Lab,3,17,18,C,0.3,2,0.7907538519916536,False,
multinomial_logistic_regression,main,Formal_Lab,3,42,18,C,0.03,0,0.7783088427885669,False,
multinomial_logistic_regression,main,Formal_Lab,3,42,18,C,0.1,0,0.7801341775110108,True,
multinomial_logistic_regression,main,Formal_Lab,3,42,18,C,0.3,0,0.7789273475666346,False,
multinomial_logistic_regression,main,Formal_Lab,3,42,18,C,0.03,1,0.7706600095617239,False,
multinomial_logistic_regression,main,Formal_Lab,3,42,18,C,0.1,1,0.7779622560058557,True,
multinomial_logistic_regression,main,Formal_Lab,3,42,18,C,0.3,1,0.7812590602141096,False,
multinomial_logistic_regression,main,Formal_Lab,3,42,18,C,0.03,2,0.7922628303143902,False,
multinomial_logistic_regression,main,Formal_Lab,3,42,18,C,0.1,2,0.7929049585828607,True,
multinomial_logistic_regression,main,Formal_Lab,3,42,18,C,0.3,2,0.7936954810309768,False,
multinomial_logistic_regression,main,Formal_Lab,3,73,18,C,0.03,0,0.778405612062719,True,
multinomial_logistic_regression,main,Formal_Lab,3,73,18,C,0.1,0,0.7785507300583044,False,
multinomial_logistic_regression,main,Formal_Lab,3,73,18,C,0.3,0,0.7775051805957527,False,
multinomial_logistic_regression,main,Formal_Lab,3,73,18,C,0.03,1,0.7985561434133359,True,
multinomial_logistic_regression,main,Formal_Lab,3,73,18,C,0.1,1,0.7950273493610952,False,
multinomial_logistic_regression,main,Formal_Lab,3,73,18,C,0.3,1,0.791919206885506,False,
multinomial_logistic_regression,main,Formal_Lab,3,73,18,C,0.03,2,0.7673366652600829,True,
multinomial_logistic_regression,main,Formal_Lab,3,73,18,C,0.1,2,0.7631296933580086,False,
multinomial_logistic_regression,main,Formal_Lab,3,73,18,C,0.3,2,0.7665187812659534,False,
multinomial_logistic_regression,main,FL,4,17,6,C,0.03,0,0.5573552749024808,False,
multinomial_logistic_regression,main,FL,4,17,6,C,0.1,0,0.5564015033663341,True,
multinomial_logistic_regression,main,FL,4,17,6,C,0.3,0,0.5558596559443767,False,
multinomial_logistic_regression,main,FL,4,17,6,C,0.03,1,0.6090868914317424,False,
multinomial_logistic_regression,main,FL,4,17,6,C,0.1,1,0.6094795547630942,True,
multinomial_logistic_regression,main,FL,4,17,6,C,0.3,1,0.6100730007717897,False,
multinomial_logistic_regression,main,FL,4,17,6,C,0.03,2,0.5469256967446301,False,
multinomial_logistic_regression,main,FL,4,17,6,C,0.1,2,0.5474894211472124,True,
multinomial_logistic_regression,main,FL,4,17,6,C,0.3,2,0.5475614060305022,False,
multinomial_logistic_regression,main,FL,4,42,6,C,0.03,0,0.36380849643154745,False,
multinomial_logistic_regression,main,FL,4,42,6,C,0.1,0,0.36273056267890535,True,
multinomial_logistic_regression,main,FL,4,42,6,C,0.3,0,0.3628062466404141,False,
multinomial_logistic_regression,main,FL,4,42,6,C,0.03,1,0.47077174086262863,False,
multinomial_logistic_regression,main,FL,4,42,6,C,0.1,1,0.47196044628981826,True,
multinomial_logistic_regression,main,FL,4,42,6,C,0.3,1,0.47251683929079263,False,
multinomial_logistic_regression,main,FL,4,42,6,C,0.03,2,0.5215906407646409,False,
multinomial_logistic_regression,main,FL,4,42,6,C,0.1,2,0.5212717458940268,True,
multinomial_logistic_regression,main,FL,4,42,6,C,0.3,2,0.5191676871358715,False,
multinomial_logistic_regression,main,FL,4,73,6,C,0.03,0,0.5813136968272299,False,
multinomial_logistic_regression,main,FL,4,73,6,C,0.1,0,0.5786556332294022,True,
multinomial_logistic_regression,main,FL,4,73,6,C,0.3,0,0.576957235675541,False,
multinomial_logistic_regression,main,FL,4,73,6,C,0.03,1,0.5974686043021138,False,
multinomial_logistic_regression,main,FL,4,73,6,C,0.1,1,0.6000483491479593,True,
multinomial_logistic_regression,main,FL,4,73,6,C,0.3,1,0.6022826560642325,False,
multinomial_logistic_regression,main,FL,4,73,6,C,0.03,2,0.6117455368601079,False,
multinomial_logistic_regression,main,FL,4,73,6,C,0.1,2,0.6135421341880696,True,
multinomial_logistic_regression,main,FL,4,73,6,C,0.3,2,0.6137085393332982,False,
multinomial_logistic_regression,main,FL,4,17,12,C,0.03,0,0.5877760326126431,False,
multinomial_logistic_regression,main,FL,4,17,12,C,0.1,0,0.5881638381568994,True,
multinomial_logistic_regression,main,FL,4,17,12,C,0.3,0,0.588033973322422,False,
multinomial_logistic_regression,main,FL,4,17,12,C,0.03,1,0.5706357090921731,False,
multinomial_logistic_regression,main,FL,4,17,12,C,0.1,1,0.5709707010314177,True,
multinomial_logistic_regression,main,FL,4,17,12,C,0.3,1,0.5708029161912704,False,
multinomial_logistic_regression,main,FL,4,17,12,C,0.03,2,0.5535614312652138,False,
multinomial_logistic_regression,main,FL,4,17,12,C,0.1,2,0.5540104588257261,True,
multinomial_logistic_regression,main,FL,4,17,12,C,0.3,2,0.5545381346876735,False,
multinomial_logistic_regression,main,FL,4,42,12,C,0.03,0,0.5233591954308559,False,
multinomial_logistic_regression,main,FL,4,42,12,C,0.1,0,0.523427699513101,True,
multinomial_logistic_regression,main,FL,4,42,12,C,0.3,0,0.5244407192470537,False,
multinomial_logistic_regression,main,FL,4,42,12,C,0.03,1,0.5076467434688415,False,
multinomial_logistic_regression,main,FL,4,42,12,C,0.1,1,0.5077304455179473,True,
multinomial_logistic_regression,main,FL,4,42,12,C,0.3,1,0.5077987484072449,False,
multinomial_logistic_regression,main,FL,4,42,12,C,0.03,2,0.5641550499286636,False,
multinomial_logistic_regression,main,FL,4,42,12,C,0.1,2,0.5626490050780539,True,
multinomial_logistic_regression,main,FL,4,42,12,C,0.3,2,0.5621156325272508,False,
multinomial_logistic_regression,main,FL,4,73,12,C,0.03,0,0.5992688905846839,False,
multinomial_logistic_regression,main,FL,4,73,12,C,0.1,0,0.599585096979177,True,
multinomial_logistic_regression,main,FL,4,73,12,C,0.3,0,0.5991329070196059,False,
multinomial_logistic_regression,main,FL,4,73,12,C,0.03,1,0.5559478309658299,False,
multinomial_logistic_regression,main,FL,4,73,12,C,0.1,1,0.555480194846037,True,
multinomial_logistic_regression,main,FL,4,73,12,C,0.3,1,0.555705597978968,False,
multinomial_logistic_regression,main,FL,4,73,12,C,0.03,2,0.5722328861598617,False,
multinomial_logistic_regression,main,FL,4,73,12,C,0.1,2,0.5722896447691092,True,
multinomial_logistic_regression,main,FL,4,73,12,C,0.3,2,0.5722864127391906,False,
multinomial_logistic_regression,main,FL,4,17,18,C,0.03,0,0.518495243448327,False,
multinomial_logistic_regression,main,FL,4,17,18,C,0.1,0,0.5188693252344899,True,
multinomial_logistic_regression,main,FL,4,17,18,C,0.3,0,0.5188841721088873,False,
multinomial_logistic_regression,main,FL,4,17,18,C,0.03,1,0.5678508037601169,False,
multinomial_logistic_regression,main,FL,4,17,18,C,0.1,1,0.5683460097906226,True,
multinomial_logistic_regression,main,FL,4,17,18,C,0.3,1,0.568644414685346,False,
multinomial_logistic_regression,main,FL,4,17,18,C,0.03,2,0.5694542087016674,False,
multinomial_logistic_regression,main,FL,4,17,18,C,0.1,2,0.5699250132920505,True,
multinomial_logistic_regression,main,FL,4,17,18,C,0.3,2,0.5692633501558522,False,
multinomial_logistic_regression,main,FL,4,42,18,C,0.03,0,0.5354631511672076,False,
multinomial_logistic_regression,main,FL,4,42,18,C,0.1,0,0.5357070917573126,True,
multinomial_logistic_regression,main,FL,4,42,18,C,0.3,0,0.5360172774521208,False,
multinomial_logistic_regression,main,FL,4,42,18,C,0.03,1,0.5500873771007928,False,
multinomial_logistic_regression,main,FL,4,42,18,C,0.1,1,0.5500818018022051,True,
multinomial_logistic_regression,main,FL,4,42,18,C,0.3,1,0.5503499027620901,False,
multinomial_logistic_regression,main,FL,4,42,18,C,0.03,2,0.5483375087293535,False,
multinomial_logistic_regression,main,FL,4,42,18,C,0.1,2,0.5482488228689882,True,
multinomial_logistic_regression,main,FL,4,42,18,C,0.3,2,0.5476625843176223,False,
multinomial_logistic_regression,main,FL,4,73,18,C,0.03,0,0.5805853992709865,False,
multinomial_logistic_regression,main,FL,4,73,18,C,0.1,0,0.5806978389797657,True,
multinomial_logistic_regression,main,FL,4,73,18,C,0.3,0,0.5804800172471304,False,
multinomial_logistic_regression,main,FL,4,73,18,C,0.03,1,0.5750582829076114,False,
multinomial_logistic_regression,main,FL,4,73,18,C,0.1,1,0.5755716500345113,True,
multinomial_logistic_regression,main,FL,4,73,18,C,0.3,1,0.5755584787435516,False,
multinomial_logistic_regression,main,FL,4,73,18,C,0.03,2,0.5093573993057429,False,
multinomial_logistic_regression,main,FL,4,73,18,C,0.1,2,0.5095378703260324,True,
multinomial_logistic_regression,main,FL,4,73,18,C,0.3,2,0.5092610977045582,False,
multinomial_logistic_regression,main,Formal_Lab,4,17,6,C,0.03,0,0.6689720377973629,True,
multinomial_logistic_regression,main,Formal_Lab,4,17,6,C,0.1,0,0.6493144280273213,False,
multinomial_logistic_regression,main,Formal_Lab,4,17,6,C,0.3,0,0.6381099151369134,False,
multinomial_logistic_regression,main,Formal_Lab,4,17,6,C,0.03,1,0.7056776058892622,True,
multinomial_logistic_regression,main,Formal_Lab,4,17,6,C,0.1,1,0.6964698016714352,False,
multinomial_logistic_regression,main,Formal_Lab,4,17,6,C,0.3,1,0.6832799887319858,False,
multinomial_logistic_regression,main,Formal_Lab,4,17,6,C,0.03,2,0.7666165670388809,True,
multinomial_logistic_regression,main,Formal_Lab,4,17,6,C,0.1,2,0.7706514009162378,False,
multinomial_logistic_regression,main,Formal_Lab,4,17,6,C,0.3,2,0.7632659035175569,False,
multinomial_logistic_regression,main,Formal_Lab,4,42,6,C,0.03,0,0.7342219470766795,True,
multinomial_logistic_regression,main,Formal_Lab,4,42,6,C,0.1,0,0.7312393765149979,False,
multinomial_logistic_regression,main,Formal_Lab,4,42,6,C,0.3,0,0.7313384390920394,False,
multinomial_logistic_regression,main,Formal_Lab,4,42,6,C,0.03,1,0.7916080608318318,True,
multinomial_logistic_regression,main,Formal_Lab,4,42,6,C,0.1,1,0.786663270407321,False,
multinomial_logistic_regression,main,Formal_Lab,4,42,6,C,0.3,1,0.7960563822688722,False,
multinomial_logistic_regression,main,Formal_Lab,4,42,6,C,0.03,2,0.7561583453058263,True,
multinomial_logistic_regression,main,Formal_Lab,4,42,6,C,0.1,2,0.7485202643584019,False,
multinomial_logistic_regression,main,Formal_Lab,4,42,6,C,0.3,2,0.7439685435200303,False,
multinomial_logistic_regression,main,Formal_Lab,4,73,6,C,0.03,0,0.6474498836778797,False,
multinomial_logistic_regression,main,Formal_Lab,4,73,6,C,0.1,0,0.6412991391175495,False,
multinomial_logistic_regression,main,Formal_Lab,4,73,6,C,0.3,0,0.6448526371727602,True,
multinomial_logistic_regression,main,Formal_Lab,4,73,6,C,0.03,1,0.6912875102342684,False,
multinomial_logistic_regression,main,Formal_Lab,4,73,6,C,0.1,1,0.6870042665571869,False,
multinomial_logistic_regression,main,Formal_Lab,4,73,6,C,0.3,1,0.7000588002154235,True,
multinomial_logistic_regression,main,Formal_Lab,4,73,6,C,0.03,2,0.6530267889526649,False,
multinomial_logistic_regression,main,Formal_Lab,4,73,6,C,0.1,2,0.6744451484563844,False,
multinomial_logistic_regression,main,Formal_Lab,4,73,6,C,0.3,2,0.6846523308850232,True,
multinomial_logistic_regression,main,Formal_Lab,4,17,12,C,0.03,0,0.7940743023681563,True,
multinomial_logistic_regression,main,Formal_Lab,4,17,12,C,0.1,0,0.7974086596876213,False,
multinomial_logistic_regression,main,Formal_Lab,4,17,12,C,0.3,0,0.7987520271021736,False,
multinomial_logistic_regression,main,Formal_Lab,4,17,12,C,0.03,1,0.7301814491576379,True,
multinomial_logistic_regression,main,Formal_Lab,4,17,12,C,0.1,1,0.7269286243905437,False,
multinomial_logistic_regression,main,Formal_Lab,4,17,12,C,0.3,1,0.729122958438246,False,
multinomial_logistic_regression,main,Formal_Lab,4,17,12,C,0.03,2,0.8077562855493676,True,
multinomial_logistic_regression,main,Formal_Lab,4,17,12,C,0.1,2,0.8016860366594569,False,
multinomial_logistic_regression,main,Formal_Lab,4,17,12,C,0.3,2,0.7994501896439159,False,
multinomial_logistic_regression,main,Formal_Lab,4,42,12,C,0.03,0,0.7603598174667425,True,
multinomial_logistic_regression,main,Formal_Lab,4,42,12,C,0.1,0,0.7542008467925831,False,
multinomial_logistic_regression,main,Formal_Lab,4,42,12,C,0.3,0,0.7541090947263587,False,
multinomial_logistic_regression,main,Formal_Lab,4,42,12,C,0.03,1,0.7604427689891975,True,
multinomial_logistic_regression,main,Formal_Lab,4,42,12,C,0.1,1,0.7637341984549308,False,
multinomial_logistic_regression,main,Formal_Lab,4,42,12,C,0.3,1,0.7569815824810386,False,
multinomial_logistic_regression,main,Formal_Lab,4,42,12,C,0.03,2,0.773446335507325,True,
multinomial_logistic_regression,main,Formal_Lab,4,42,12,C,0.1,2,0.7711007429882186,False,
multinomial_logistic_regression,main,Formal_Lab,4,42,12,C,0.3,2,0.76411145900594,False,
multinomial_logistic_regression,main,Formal_Lab,4,73,12,C,0.03,0,0.7921206331984536,False,
multinomial_logistic_regression,main,Formal_Lab,4,73,12,C,0.1,0,0.7899378460712874,True,
multinomial_logistic_regression,main,Formal_Lab,4,73,12,C,0.3,0,0.7854160590900526,False,
multinomial_logistic_regression,main,Formal_Lab,4,73,12,C,0.03,1,0.760264509524745,False,
multinomial_logistic_regression,main,Formal_Lab,4,73,12,C,0.1,1,0.7628084098777548,True,
multinomial_logistic_regression,main,Formal_Lab,4,73,12,C,0.3,1,0.7626693684414886,False,
multinomial_logistic_regression,main,Formal_Lab,4,73,12,C,0.03,2,0.7113610190959323,False,
multinomial_logistic_regression,main,Formal_Lab,4,73,12,C,0.1,2,0.7214307409028557,True,
multinomial_logistic_regression,main,Formal_Lab,4,73,12,C,0.3,2,0.7220066765021776,False,
multinomial_logistic_regression,main,Formal_Lab,4,17,18,C,0.03,0,0.7949775814709743,False,
multinomial_logistic_regression,main,Formal_Lab,4,17,18,C,0.1,0,0.7945065683392581,True,
multinomial_logistic_regression,main,Formal_Lab,4,17,18,C,0.3,0,0.7974293507399463,False,
multinomial_logistic_regression,main,Formal_Lab,4,17,18,C,0.03,1,0.741217079408798,False,
multinomial_logistic_regression,main,Formal_Lab,4,17,18,C,0.1,1,0.7423846920111133,True,
multinomial_logistic_regression,main,Formal_Lab,4,17,18,C,0.3,1,0.7429137785136598,False,
multinomial_logistic_regression,main,Formal_Lab,4,17,18,C,0.03,2,0.8011832328469694,False,
multinomial_logistic_regression,main,Formal_Lab,4,17,18,C,0.1,2,0.7997227761780272,True,
multinomial_logistic_regression,main,Formal_Lab,4,17,18,C,0.3,2,0.7982329656302287,False,
multinomial_logistic_regression,main,Formal_Lab,4,42,18,C,0.03,0,0.7719500688016434,False,
multinomial_logistic_regression,main,Formal_Lab,4,42,18,C,0.1,0,0.7740279143273966,True,
multinomial_logistic_regression,main,Formal_Lab,4,42,18,C,0.3,0,0.7700135743051045,False,
multinomial_logistic_regression,main,Formal_Lab,4,42,18,C,0.03,1,0.7638411188260802,False,
multinomial_logistic_regression,main,Formal_Lab,4,42,18,C,0.1,1,0.7683395566219394,True,
multinomial_logistic_regression,main,Formal_Lab,4,42,18,C,0.3,1,0.7625494728509485,False,
multinomial_logistic_regression,main,Formal_Lab,4,42,18,C,0.03,2,0.8051451300821862,False,
multinomial_logistic_regression,main,Formal_Lab,4,42,18,C,0.1,2,0.8111118459188417,True,
multinomial_logistic_regression,main,Formal_Lab,4,42,18,C,0.3,2,0.8173974178140191,False,
multinomial_logistic_regression,main,Formal_Lab,4,73,18,C,0.03,0,0.843365108161633,False,
multinomial_logistic_regression,main,Formal_Lab,4,73,18,C,0.1,0,0.84625387332317,True,
multinomial_logistic_regression,main,Formal_Lab,4,73,18,C,0.3,0,0.8408553652347589,False,
multinomial_logistic_regression,main,Formal_Lab,4,73,18,C,0.03,1,0.7471240690739819,False,
multinomial_logistic_regression,main,Formal_Lab,4,73,18,C,0.1,1,0.7501747948501061,True,
multinomial_logistic_regression,main,Formal_Lab,4,73,18,C,0.3,1,0.7448195309539215,False,
multinomial_logistic_regression,main,Formal_Lab,4,73,18,C,0.03,2,0.7309549867451279,False,
multinomial_logistic_regression,main,Formal_Lab,4,73,18,C,0.1,2,0.7303418445601405,True,
multinomial_logistic_regression,main,Formal_Lab,4,73,18,C,0.3,2,0.7389448552940886,False,
multinomial_logistic_regression,main,FL,5,17,6,C,0.03,0,0.5605492960018775,False,
multinomial_logistic_regression,main,FL,5,17,6,C,0.1,0,0.5616805092072541,True,
multinomial_logistic_regression,main,FL,5,17,6,C,0.3,0,0.5614559094407323,False,
multinomial_logistic_regression,main,FL,5,17,6,C,0.03,1,0.5527592251096298,False,
multinomial_logistic_regression,main,FL,5,17,6,C,0.1,1,0.5534049814982618,True,
multinomial_logistic_regression,main,FL,5,17,6,C,0.3,1,0.5532085229247499,False,
multinomial_logistic_regression,main,FL,5,17,6,C,0.03,2,0.6173019945343996,False,
multinomial_logistic_regression,main,FL,5,17,6,C,0.1,2,0.6189887677861856,True,
multinomial_logistic_regression,main,FL,5,17,6,C,0.3,2,0.6205394428457203,False,
multinomial_logistic_regression,main,FL,5,42,6,C,0.03,0,0.5363890794692057,False,
multinomial_logistic_regression,main,FL,5,42,6,C,0.1,0,0.5356778609153161,True,
multinomial_logistic_regression,main,FL,5,42,6,C,0.3,0,0.5350886953086541,False,
multinomial_logistic_regression,main,FL,5,42,6,C,0.03,1,0.581584658667281,False,
multinomial_logistic_regression,main,FL,5,42,6,C,0.1,1,0.5823570389143453,True,
multinomial_logistic_regression,main,FL,5,42,6,C,0.3,1,0.5820602923442397,False,
multinomial_logistic_regression,main,FL,5,42,6,C,0.03,2,0.5711594167180742,False,
multinomial_logistic_regression,main,FL,5,42,6,C,0.1,2,0.575145809919859,True,
multinomial_logistic_regression,main,FL,5,42,6,C,0.3,2,0.5777653177574675,False,
multinomial_logistic_regression,main,FL,5,73,6,C,0.03,0,0.5535217463269444,False,
multinomial_logistic_regression,main,FL,5,73,6,C,0.1,0,0.5535586886557736,False,
multinomial_logistic_regression,main,FL,5,73,6,C,0.3,0,0.5539160881840381,True,
multinomial_logistic_regression,main,FL,5,73,6,C,0.03,1,0.5748419192089693,False,
multinomial_logistic_regression,main,FL,5,73,6,C,0.1,1,0.577079450904314,False,
multinomial_logistic_regression,main,FL,5,73,6,C,0.3,1,0.5794694178449804,True,
multinomial_logistic_regression,main,FL,5,73,6,C,0.03,2,0.5861152651932563,False,
multinomial_logistic_regression,main,FL,5,73,6,C,0.1,2,0.5869455293009974,False,
multinomial_logistic_regression,main,FL,5,73,6,C,0.3,2,0.5874558314576124,True,
multinomial_logistic_regression,main,FL,5,17,12,C,0.03,0,0.5814475327780324,False,
multinomial_logistic_regression,main,FL,5,17,12,C,0.1,0,0.5830411814347207,True,
multinomial_logistic_regression,main,FL,5,17,12,C,0.3,0,0.5824550116193504,False,
multinomial_logistic_regression,main,FL,5,17,12,C,0.03,1,0.5907355759837913,False,
multinomial_logistic_regression,main,FL,5,17,12,C,0.1,1,0.5903285349700459,True,
multinomial_logistic_regression,main,FL,5,17,12,C,0.3,1,0.5898447956896409,False,
multinomial_logistic_regression,main,FL,5,17,12,C,0.03,2,0.5722932176032817,False,
multinomial_logistic_regression,main,FL,5,17,12,C,0.1,2,0.572315391946165,True,
multinomial_logistic_regression,main,FL,5,17,12,C,0.3,2,0.5722945809030345,False,
multinomial_logistic_regression,main,FL,5,42,12,C,0.03,0,0.45374062538593596,False,
multinomial_logistic_regression,main,FL,5,42,12,C,0.1,0,0.45416043115231813,True,
multinomial_logistic_regression,main,FL,5,42,12,C,0.3,0,0.45378662115863694,False,
multinomial_logistic_regression,main,FL,5,42,12,C,0.03,1,0.6216161414906488,False,
multinomial_logistic_regression,main,FL,5,42,12,C,0.1,1,0.6222077415131548,True,
multinomial_logistic_regression,main,FL,5,42,12,C,0.3,1,0.6222539530999776,False,
multinomial_logistic_regression,main,FL,5,42,12,C,0.03,2,0.5595726765025293,False,
multinomial_logistic_regression,main,FL,5,42,12,C,0.1,2,0.5586929842816053,True,
multinomial_logistic_regression,main,FL,5,42,12,C,0.3,2,0.5583945805083367,False,
multinomial_logistic_regression,main,FL,5,73,12,C,0.03,0,0.5861714411036886,False,
multinomial_logistic_regression,main,FL,5,73,12,C,0.1,0,0.5869734235278833,True,
multinomial_logistic_regression,main,FL,5,73,12,C,0.3,0,0.5872543665751893,False,
multinomial_logistic_regression,main,FL,5,73,12,C,0.03,1,0.5501644395936116,False,
multinomial_logistic_regression,main,FL,5,73,12,C,0.1,1,0.5505363028423943,True,
multinomial_logistic_regression,main,FL,5,73,12,C,0.3,1,0.5512577788185109,False,
multinomial_logistic_regression,main,FL,5,73,12,C,0.03,2,0.48870807469403776,False,
multinomial_logistic_regression,main,FL,5,73,12,C,0.1,2,0.4901579017544108,True,
multinomial_logistic_regression,main,FL,5,73,12,C,0.3,2,0.49078851231520393,False,
multinomial_logistic_regression,main,FL,5,17,18,C,0.03,0,0.5799825796886795,False,
multinomial_logistic_regression,main,FL,5,17,18,C,0.1,0,0.5801000636427873,True,
multinomial_logistic_regression,main,FL,5,17,18,C,0.3,0,0.5796618398288583,False,
multinomial_logistic_regression,main,FL,5,17,18,C,0.03,1,0.5091593871525425,False,
multinomial_logistic_regression,main,FL,5,17,18,C,0.1,1,0.5098587385310934,True,
multinomial_logistic_regression,main,FL,5,17,18,C,0.3,1,0.5100812203612604,False,
multinomial_logistic_regression,main,FL,5,17,18,C,0.03,2,0.5824006125267116,False,
multinomial_logistic_regression,main,FL,5,17,18,C,0.1,2,0.5828046565692024,True,
multinomial_logistic_regression,main,FL,5,17,18,C,0.3,2,0.5829311100224402,False,
multinomial_logistic_regression,main,FL,5,42,18,C,0.03,0,0.49901718103626297,False,
multinomial_logistic_regression,main,FL,5,42,18,C,0.1,0,0.4992107650798309,True,
multinomial_logistic_regression,main,FL,5,42,18,C,0.3,0,0.49909445771036626,False,
multinomial_logistic_regression,main,FL,5,42,18,C,0.03,1,0.6233250533382191,False,
multinomial_logistic_regression,main,FL,5,42,18,C,0.1,1,0.6241658810657768,True,
multinomial_logistic_regression,main,FL,5,42,18,C,0.3,1,0.6243246082744899,False,
multinomial_logistic_regression,main,FL,5,42,18,C,0.03,2,0.5501389276559484,False,
multinomial_logistic_regression,main,FL,5,42,18,C,0.1,2,0.550334697284031,True,
multinomial_logistic_regression,main,FL,5,42,18,C,0.3,2,0.5504391425089276,False,
multinomial_logistic_regression,main,FL,5,73,18,C,0.03,0,0.5729613418434772,False,
multinomial_logistic_regression,main,FL,5,73,18,C,0.1,0,0.5730566539068184,True,
multinomial_logistic_regression,main,FL,5,73,18,C,0.3,0,0.5730435883125623,False,
multinomial_logistic_regression,main,FL,5,73,18,C,0.03,1,0.5503900619558479,False,
multinomial_logistic_regression,main,FL,5,73,18,C,0.1,1,0.5511984971452678,True,
multinomial_logistic_regression,main,FL,5,73,18,C,0.3,1,0.5516835854994956,False,
multinomial_logistic_regression,main,FL,5,73,18,C,0.03,2,0.5317382401875286,False,
multinomial_logistic_regression,main,FL,5,73,18,C,0.1,2,0.5319509261548997,True,
multinomial_logistic_regression,main,FL,5,73,18,C,0.3,2,0.5320511673732922,False,
multinomial_logistic_regression,main,Formal_Lab,5,17,6,C,0.03,0,0.8547446864315238,False,
multinomial_logistic_regression,main,Formal_Lab,5,17,6,C,0.1,0,0.8550842717456604,True,
multinomial_logistic_regression,main,Formal_Lab,5,17,6,C,0.3,0,0.8394926798367582,False,
multinomial_logistic_regression,main,Formal_Lab,5,17,6,C,0.03,1,0.7115216400735469,False,
multinomial_logistic_regression,main,Formal_Lab,5,17,6,C,0.1,1,0.7207046584167717,True,
multinomial_logistic_regression,main,Formal_Lab,5,17,6,C,0.3,1,0.7005944215736497,False,
multinomial_logistic_regression,main,Formal_Lab,5,17,6,C,0.03,2,0.7252941992350233,False,
multinomial_logistic_regression,main,Formal_Lab,5,17,6,C,0.1,2,0.7349881464125381,True,
multinomial_logistic_regression,main,Formal_Lab,5,17,6,C,0.3,2,0.7327606750740228,False,
multinomial_logistic_regression,main,Formal_Lab,5,42,6,C,0.03,0,0.7577732154805158,True,
multinomial_logistic_regression,main,Formal_Lab,5,42,6,C,0.1,0,0.7260145142048362,False,
multinomial_logistic_regression,main,Formal_Lab,5,42,6,C,0.3,0,0.72996715590669,False,
multinomial_logistic_regression,main,Formal_Lab,5,42,6,C,0.03,1,0.7799790067630408,True,
multinomial_logistic_regression,main,Formal_Lab,5,42,6,C,0.1,1,0.758986474280755,False,
multinomial_logistic_regression,main,Formal_Lab,5,42,6,C,0.3,1,0.7447209032791298,False,
multinomial_logistic_regression,main,Formal_Lab,5,42,6,C,0.03,2,0.6980109798276439,True,
multinomial_logistic_regression,main,Formal_Lab,5,42,6,C,0.1,2,0.7147203191982154,False,
multinomial_logistic_regression,main,Formal_Lab,5,42,6,C,0.3,2,0.7185762200773945,False,
multinomial_logistic_regression,main,Formal_Lab,5,73,6,C,0.03,0,0.8069215153575819,True,
multinomial_logistic_regression,main,Formal_Lab,5,73,6,C,0.1,0,0.7993750163387074,False,
multinomial_logistic_regression,main,Formal_Lab,5,73,6,C,0.3,0,0.7881804325705621,False,
multinomial_logistic_regression,main,Formal_Lab,5,73,6,C,0.03,1,0.7402326494524949,True,
multinomial_logistic_regression,main,Formal_Lab,5,73,6,C,0.1,1,0.7314259097436407,False,
multinomial_logistic_regression,main,Formal_Lab,5,73,6,C,0.3,1,0.7275478858853244,False,
multinomial_logistic_regression,main,Formal_Lab,5,73,6,C,0.03,2,0.7531362897559881,True,
multinomial_logistic_regression,main,Formal_Lab,5,73,6,C,0.1,2,0.7578938166422796,False,
multinomial_logistic_regression,main,Formal_Lab,5,73,6,C,0.3,2,0.7448251772359797,False,
multinomial_logistic_regression,main,Formal_Lab,5,17,12,C,0.03,0,0.81512016343604,True,
multinomial_logistic_regression,main,Formal_Lab,5,17,12,C,0.1,0,0.8145726234042491,False,
multinomial_logistic_regression,main,Formal_Lab,5,17,12,C,0.3,0,0.8085604539544103,False,
multinomial_logistic_regression,main,Formal_Lab,5,17,12,C,0.03,1,0.7499085288323524,True,
multinomial_logistic_regression,main,Formal_Lab,5,17,12,C,0.1,1,0.7527276295536083,False,
multinomial_logistic_regression,main,Formal_Lab,5,17,12,C,0.3,1,0.7475522502761629,False,
multinomial_logistic_regression,main,Formal_Lab,5,17,12,C,0.03,2,0.7618415279498437,True,
multinomial_logistic_regression,main,Formal_Lab,5,17,12,C,0.1,2,0.7533208374697025,False,
multinomial_logistic_regression,main,Formal_Lab,5,17,12,C,0.3,2,0.7497647378701674,False,
multinomial_logistic_regression,main,Formal_Lab,5,42,12,C,0.03,0,0.8070763256890654,False,
multinomial_logistic_regression,main,Formal_Lab,5,42,12,C,0.1,0,0.8016687251114997,True,
multinomial_logistic_regression,main,Formal_Lab,5,42,12,C,0.3,0,0.7944100765140143,False,
multinomial_logistic_regression,main,Formal_Lab,5,42,12,C,0.03,1,0.7780350120054205,False,
multinomial_logistic_regression,main,Formal_Lab,5,42,12,C,0.1,1,0.7759469206757306,True,
multinomial_logistic_regression,main,Formal_Lab,5,42,12,C,0.3,1,0.777984941162059,False,
multinomial_logistic_regression,main,Formal_Lab,5,42,12,C,0.03,2,0.6810200674359043,False,
multinomial_logistic_regression,main,Formal_Lab,5,42,12,C,0.1,2,0.6912323599188993,True,
multinomial_logistic_regression,main,Formal_Lab,5,42,12,C,0.3,2,0.6856377948989637,False,
multinomial_logistic_regression,main,Formal_Lab,5,73,12,C,0.03,0,0.8288904946665266,True,
multinomial_logistic_regression,main,Formal_Lab,5,73,12,C,0.1,0,0.8216898363380399,False,
multinomial_logistic_regression,main,Formal_Lab,5,73,12,C,0.3,0,0.8225616655235168,False,
multinomial_logistic_regression,main,Formal_Lab,5,73,12,C,0.03,1,0.743854656983606,True,
multinomial_logistic_regression,main,Formal_Lab,5,73,12,C,0.1,1,0.7364292341714224,False,
multinomial_logistic_regression,main,Formal_Lab,5,73,12,C,0.3,1,0.7352662046279739,False,
multinomial_logistic_regression,main,Formal_Lab,5,73,12,C,0.03,2,0.8045818138523482,True,
multinomial_logistic_regression,main,Formal_Lab,5,73,12,C,0.1,2,0.8104781688342079,False,
multinomial_logistic_regression,main,Formal_Lab,5,73,12,C,0.3,2,0.8082278446331532,False,
multinomial_logistic_regression,main,Formal_Lab,5,17,18,C,0.03,0,0.7878820826398747,False,
multinomial_logistic_regression,main,Formal_Lab,5,17,18,C,0.1,0,0.7912185031214912,True,
multinomial_logistic_regression,main,Formal_Lab,5,17,18,C,0.3,0,0.789757937437544,False,
multinomial_logistic_regression,main,Formal_Lab,5,17,18,C,0.03,1,0.7730540510528089,False,
multinomial_logistic_regression,main,Formal_Lab,5,17,18,C,0.1,1,0.7701779938243969,True,
multinomial_logistic_regression,main,Formal_Lab,5,17,18,C,0.3,1,0.7704340916469952,False,
multinomial_logistic_regression,main,Formal_Lab,5,17,18,C,0.03,2,0.7992018804924638,False,
multinomial_logistic_regression,main,Formal_Lab,5,17,18,C,0.1,2,0.7981102848369411,True,
multinomial_logistic_regression,main,Formal_Lab,5,17,18,C,0.3,2,0.7947613966401321,False,
multinomial_logistic_regression,main,Formal_Lab,5,42,18,C,0.03,0,0.8525838020528687,False,
multinomial_logistic_regression,main,Formal_Lab,5,42,18,C,0.1,0,0.8531643351238896,True,
multinomial_logistic_regression,main,Formal_Lab,5,42,18,C,0.3,0,0.8474487479095987,False,
multinomial_logistic_regression,main,Formal_Lab,5,42,18,C,0.03,1,0.7834717931324899,False,
multinomial_logistic_regression,main,Formal_Lab,5,42,18,C,0.1,1,0.7898270503061967,True,
multinomial_logistic_regression,main,Formal_Lab,5,42,18,C,0.3,1,0.7901705106327999,False,
multinomial_logistic_regression,main,Formal_Lab,5,42,18,C,0.03,2,0.7129445763296446,False,
multinomial_logistic_regression,main,Formal_Lab,5,42,18,C,0.1,2,0.715970805091069,True,
multinomial_logistic_regression,main,Formal_Lab,5,42,18,C,0.3,2,0.722893180056616,False,
multinomial_logistic_regression,main,Formal_Lab,5,73,18,C,0.03,0,0.7835007883878607,False,
multinomial_logistic_regression,main,Formal_Lab,5,73,18,C,0.1,0,0.7836681742909123,True,
multinomial_logistic_regression,main,Formal_Lab,5,73,18,C,0.3,0,0.7824361849609831,False,
multinomial_logistic_regression,main,Formal_Lab,5,73,18,C,0.03,1,0.7711554365548053,False,
multinomial_logistic_regression,main,Formal_Lab,5,73,18,C,0.1,1,0.7688557037056469,True,
multinomial_logistic_regression,main,Formal_Lab,5,73,18,C,0.3,1,0.7645572319959587,False,
multinomial_logistic_regression,main,Formal_Lab,5,73,18,C,0.03,2,0.8074867452315924,False,
multinomial_logistic_regression,main,Formal_Lab,5,73,18,C,0.1,2,0.8082693192282294,True,
multinomial_logistic_regression,main,Formal_Lab,5,73,18,C,0.3,2,0.812430855143066,False,
multinomial_logistic_regression,main,FL,6,17,6,C,0.03,0,0.5851855999872959,True,
multinomial_logistic_regression,main,FL,6,17,6,C,0.1,0,0.5818303180628912,False,
multinomial_logistic_regression,main,FL,6,17,6,C,0.3,0,0.5797310604787987,False,
multinomial_logistic_regression,main,FL,6,17,6,C,0.03,1,0.36527094466270005,True,
multinomial_logistic_regression,main,FL,6,17,6,C,0.1,1,0.36514492452390684,False,
multinomial_logistic_regression,main,FL,6,17,6,C,0.3,1,0.36643929941357756,False,
multinomial_logistic_regression,main,FL,6,17,6,C,0.03,2,0.553300837224695,True,
multinomial_logistic_regression,main,FL,6,17,6,C,0.1,2,0.5514674999420179,False,
multinomial_logistic_regression,main,FL,6,17,6,C,0.3,2,0.5497477447051542,False,
multinomial_logistic_regression,main,FL,6,42,6,C,0.03,0,0.5174654999679833,False,
multinomial_logistic_regression,main,FL,6,42,6,C,0.1,0,0.5163611091635065,True,
multinomial_logistic_regression,main,FL,6,42,6,C,0.3,0,0.516729645580989,False,
multinomial_logistic_regression,main,FL,6,42,6,C,0.03,1,0.5539004734279578,False,
multinomial_logistic_regression,main,FL,6,42,6,C,0.1,1,0.5557539829343032,True,
multinomial_logistic_regression,main,FL,6,42,6,C,0.3,1,0.5575280914929344,False,
multinomial_logistic_regression,main,FL,6,42,6,C,0.03,2,0.5958961177999402,False,
multinomial_logistic_regression,main,FL,6,42,6,C,0.1,2,0.5941113322250549,True,
multinomial_logistic_regression,main,FL,6,42,6,C,0.3,2,0.5941201053058214,False,
multinomial_logistic_regression,main,FL,6,73,6,C,0.03,0,0.6559273201262503,False,
multinomial_logistic_regression,main,FL,6,73,6,C,0.1,0,0.6569443549996656,True,
multinomial_logistic_regression,main,FL,6,73,6,C,0.3,0,0.6563597019436944,False,
multinomial_logistic_regression,main,FL,6,73,6,C,0.03,1,0.6171563330894299,False,
multinomial_logistic_regression,main,FL,6,73,6,C,0.1,1,0.6154799938496265,True,
multinomial_logistic_regression,main,FL,6,73,6,C,0.3,1,0.6138535026042922,False,
multinomial_logistic_regression,main,FL,6,73,6,C,0.03,2,0.6310143246365558,False,
multinomial_logistic_regression,main,FL,6,73,6,C,0.1,2,0.6306171948058525,True,
multinomial_logistic_regression,main,FL,6,73,6,C,0.3,2,0.6324004631008812,False,
multinomial_logistic_regression,main,FL,6,17,12,C,0.03,0,0.5767624434146759,False,
multinomial_logistic_regression,main,FL,6,17,12,C,0.1,0,0.5766183678144114,True,
multinomial_logistic_regression,main,FL,6,17,12,C,0.3,0,0.5759616670337344,False,
multinomial_logistic_regression,main,FL,6,17,12,C,0.03,1,0.458276175127976,False,
multinomial_logistic_regression,main,FL,6,17,12,C,0.1,1,0.4594551978355299,True,
multinomial_logistic_regression,main,FL,6,17,12,C,0.3,1,0.45997459519027906,False,
multinomial_logistic_regression,main,FL,6,17,12,C,0.03,2,0.5534914215860168,False,
multinomial_logistic_regression,main,FL,6,17,12,C,0.1,2,0.5526621820965357,True,
multinomial_logistic_regression,main,FL,6,17,12,C,0.3,2,0.5523744684165449,False,
multinomial_logistic_regression,main,FL,6,42,12,C,0.03,0,0.5705516340863104,False,
multinomial_logistic_regression,main,FL,6,42,12,C,0.1,0,0.5704210364794875,True,
multinomial_logistic_regression,main,FL,6,42,12,C,0.3,0,0.5694654189361673,False,
multinomial_logistic_regression,main,FL,6,42,12,C,0.03,1,0.5572790228884987,False,
multinomial_logistic_regression,main,FL,6,42,12,C,0.1,1,0.5581498321621218,True,
multinomial_logistic_regression,main,FL,6,42,12,C,0.3,1,0.5590712346001716,False,
multinomial_logistic_regression,main,FL,6,42,12,C,0.03,2,0.6210738618998348,False,
multinomial_logistic_regression,main,FL,6,42,12,C,0.1,2,0.6211375520133227,True,
multinomial_logistic_regression,main,FL,6,42,12,C,0.3,2,0.6205767912881559,False,
multinomial_logistic_regression,main,FL,6,73,12,C,0.03,0,0.6113573092034588,False,
multinomial_logistic_regression,main,FL,6,73,12,C,0.1,0,0.6112998744274272,True,
multinomial_logistic_regression,main,FL,6,73,12,C,0.3,0,0.6111421328646004,False,
multinomial_logistic_regression,main,FL,6,73,12,C,0.03,1,0.4977834479401404,False,
multinomial_logistic_regression,main,FL,6,73,12,C,0.1,1,0.4981473744478822,True,
multinomial_logistic_regression,main,FL,6,73,12,C,0.3,1,0.49805614379068197,False,
multinomial_logistic_regression,main,FL,6,73,12,C,0.03,2,0.5966857007293038,False,
multinomial_logistic_regression,main,FL,6,73,12,C,0.1,2,0.5974455118796047,True,
multinomial_logistic_regression,main,FL,6,73,12,C,0.3,2,0.5981379420423268,False,
multinomial_logistic_regression,main,FL,6,17,18,C,0.03,0,0.5930331743668112,False,
multinomial_logistic_regression,main,FL,6,17,18,C,0.1,0,0.592875483570774,True,
multinomial_logistic_regression,main,FL,6,17,18,C,0.3,0,0.5922145733759495,False,
multinomial_logistic_regression,main,FL,6,17,18,C,0.03,1,0.5134286312640467,False,
multinomial_logistic_regression,main,FL,6,17,18,C,0.1,1,0.5142360429842607,True,
multinomial_logistic_regression,main,FL,6,17,18,C,0.3,1,0.5147474012247608,False,
multinomial_logistic_regression,main,FL,6,17,18,C,0.03,2,0.5970639367607485,False,
multinomial_logistic_regression,main,FL,6,17,18,C,0.1,2,0.5964741116882655,True,
multinomial_logistic_regression,main,FL,6,17,18,C,0.3,2,0.5962861190037531,False,
multinomial_logistic_regression,main,FL,6,42,18,C,0.03,0,0.5971206453812504,False,
multinomial_logistic_regression,main,FL,6,42,18,C,0.1,0,0.5971203395061803,True,
multinomial_logistic_regression,main,FL,6,42,18,C,0.3,0,0.5971323561657426,False,
multinomial_logistic_regression,main,FL,6,42,18,C,0.03,1,0.5063119558514407,False,
multinomial_logistic_regression,main,FL,6,42,18,C,0.1,1,0.5073893408828188,True,
multinomial_logistic_regression,main,FL,6,42,18,C,0.3,1,0.5079710404120741,False,
multinomial_logistic_regression,main,FL,6,42,18,C,0.03,2,0.5974300489035239,False,
multinomial_logistic_regression,main,FL,6,42,18,C,0.1,2,0.5975631315702995,True,
multinomial_logistic_regression,main,FL,6,42,18,C,0.3,2,0.5973007927156736,False,
multinomial_logistic_regression,main,FL,6,73,18,C,0.03,0,0.6008005987129131,False,
multinomial_logistic_regression,main,FL,6,73,18,C,0.1,0,0.6006412098399422,True,
multinomial_logistic_regression,main,FL,6,73,18,C,0.3,0,0.6007162058472607,False,
multinomial_logistic_regression,main,FL,6,73,18,C,0.03,1,0.5149252665270739,False,
multinomial_logistic_regression,main,FL,6,73,18,C,0.1,1,0.5148338790318098,True,
multinomial_logistic_regression,main,FL,6,73,18,C,0.3,1,0.5150851886862786,False,
multinomial_logistic_regression,main,FL,6,73,18,C,0.03,2,0.5799516451134337,False,
multinomial_logistic_regression,main,FL,6,73,18,C,0.1,2,0.5798001604204494,True,
multinomial_logistic_regression,main,FL,6,73,18,C,0.3,2,0.5796431317934007,False,
multinomial_logistic_regression,main,Formal_Lab,6,17,6,C,0.03,0,0.7889249125593272,False,
multinomial_logistic_regression,main,Formal_Lab,6,17,6,C,0.1,0,0.7686489902521083,True,
multinomial_logistic_regression,main,Formal_Lab,6,17,6,C,0.3,0,0.757988490347184,False,
multinomial_logistic_regression,main,Formal_Lab,6,17,6,C,0.03,1,0.6352468199509418,False,
multinomial_logistic_regression,main,Formal_Lab,6,17,6,C,0.1,1,0.690423627575,True,
multinomial_logistic_regression,main,Formal_Lab,6,17,6,C,0.3,1,0.7273302210895559,False,
multinomial_logistic_regression,main,Formal_Lab,6,17,6,C,0.03,2,0.7715328274685828,False,
multinomial_logistic_regression,main,Formal_Lab,6,17,6,C,0.1,2,0.7549344959995863,True,
multinomial_logistic_regression,main,Formal_Lab,6,17,6,C,0.3,2,0.7245082732713048,False,
multinomial_logistic_regression,main,Formal_Lab,6,42,6,C,0.03,0,0.7115747617863588,False,
multinomial_logistic_regression,main,Formal_Lab,6,42,6,C,0.1,0,0.7026446624951379,True,
multinomial_logistic_regression,main,Formal_Lab,6,42,6,C,0.3,0,0.6669698504054566,False,
multinomial_logistic_regression,main,Formal_Lab,6,42,6,C,0.03,1,0.7316242976462036,False,
multinomial_logistic_regression,main,Formal_Lab,6,42,6,C,0.1,1,0.7376356384474074,True,
multinomial_logistic_regression,main,Formal_Lab,6,42,6,C,0.3,1,0.7238252012236207,False,
multinomial_logistic_regression,main,Formal_Lab,6,42,6,C,0.03,2,0.7132813491672112,False,
multinomial_logistic_regression,main,Formal_Lab,6,42,6,C,0.1,2,0.7172504564949898,True,
multinomial_logistic_regression,main,Formal_Lab,6,42,6,C,0.3,2,0.712489661343193,False,
multinomial_logistic_regression,main,Formal_Lab,6,73,6,C,0.03,0,0.8521127892648529,True,
multinomial_logistic_regression,main,Formal_Lab,6,73,6,C,0.1,0,0.847823497364417,False,
multinomial_logistic_regression,main,Formal_Lab,6,73,6,C,0.3,0,0.8357631720476506,False,
multinomial_logistic_regression,main,Formal_Lab,6,73,6,C,0.03,1,0.7465822565611075,True,
multinomial_logistic_regression,main,Formal_Lab,6,73,6,C,0.1,1,0.7321961208622221,False,
multinomial_logistic_regression,main,Formal_Lab,6,73,6,C,0.3,1,0.7224922122076609,False,
multinomial_logistic_regression,main,Formal_Lab,6,73,6,C,0.03,2,0.7150534072099158,True,
multinomial_logistic_regression,main,Formal_Lab,6,73,6,C,0.1,2,0.7156381697535571,False,
multinomial_logistic_regression,main,Formal_Lab,6,73,6,C,0.3,2,0.7176812393775578,False,
multinomial_logistic_regression,main,Formal_Lab,6,17,12,C,0.03,0,0.768089164339995,False,
multinomial_logistic_regression,main,Formal_Lab,6,17,12,C,0.1,0,0.7658927125972289,True,
multinomial_logistic_regression,main,Formal_Lab,6,17,12,C,0.3,0,0.7719926920356812,False,
multinomial_logistic_regression,main,Formal_Lab,6,17,12,C,0.03,1,0.7187099397136105,False,
multinomial_logistic_regression,main,Formal_Lab,6,17,12,C,0.1,1,0.7415602668097638,True,
multinomial_logistic_regression,main,Formal_Lab,6,17,12,C,0.3,1,0.7389479170220605,False,
multinomial_logistic_regression,main,Formal_Lab,6,17,12,C,0.03,2,0.7950639582240515,False,
multinomial_logistic_regression,main,Formal_Lab,6,17,12,C,0.1,2,0.7886683376457619,True,
multinomial_logistic_regression,main,Formal_Lab,6,17,12,C,0.3,2,0.7854256705835774,False,
multinomial_logistic_regression,main,Formal_Lab,6,42,12,C,0.03,0,0.7728006945937574,True,
multinomial_logistic_regression,main,Formal_Lab,6,42,12,C,0.1,0,0.7619030307667105,False,
multinomial_logistic_regression,main,Formal_Lab,6,42,12,C,0.3,0,0.7592923989432625,False,
multinomial_logistic_regression,main,Formal_Lab,6,42,12,C,0.03,1,0.7800628494835875,True,
multinomial_logistic_regression,main,Formal_Lab,6,42,12,C,0.1,1,0.7710673832308103,False,
multinomial_logistic_regression,main,Formal_Lab,6,42,12,C,0.3,1,0.7591747255080955,False,
multinomial_logistic_regression,main,Formal_Lab,6,42,12,C,0.03,2,0.7024530859249598,True,
multinomial_logistic_regression,main,Formal_Lab,6,42,12,C,0.1,2,0.7018854005501493,False,
multinomial_logistic_regression,main,Formal_Lab,6,42,12,C,0.3,2,0.7106935295311085,False,
multinomial_logistic_regression,main,Formal_Lab,6,73,12,C,0.03,0,0.8358905802391777,True,
multinomial_logistic_regression,main,Formal_Lab,6,73,12,C,0.1,0,0.830988216870788,False,
multinomial_logistic_regression,main,Formal_Lab,6,73,12,C,0.3,0,0.8271693262064541,False,
multinomial_logistic_regression,main,Formal_Lab,6,73,12,C,0.03,1,0.7649402213413902,True,
multinomial_logistic_regression,main,Formal_Lab,6,73,12,C,0.1,1,0.7641298097951221,False,
multinomial_logistic_regression,main,Formal_Lab,6,73,12,C,0.3,1,0.7674747093400793,False,
multinomial_logistic_regression,main,Formal_Lab,6,73,12,C,0.03,2,0.7265277321861457,True,
multinomial_logistic_regression,main,Formal_Lab,6,73,12,C,0.1,2,0.7218027599539565,False,
multinomial_logistic_regression,main,Formal_Lab,6,73,12,C,0.3,2,0.7186554560858538,False,
multinomial_logistic_regression,main,Formal_Lab,6,17,18,C,0.03,0,0.7930854912949433,True,
multinomial_logistic_regression,main,Formal_Lab,6,17,18,C,0.1,0,0.7880774129549444,False,
multinomial_logistic_regression,main,Formal_Lab,6,17,18,C,0.3,0,0.7832142070300708,False,
multinomial_logistic_regression,main,Formal_Lab,6,17,18,C,0.03,1,0.7082854829765268,True,
multinomial_logistic_regression,main,Formal_Lab,6,17,18,C,0.1,1,0.7089901247130245,False,
multinomial_logistic_regression,main,Formal_Lab,6,17,18,C,0.3,1,0.7143305728874269,False,
multinomial_logistic_regression,main,Formal_Lab,6,17,18,C,0.03,2,0.7967978973598471,True,
multinomial_logistic_regression,main,Formal_Lab,6,17,18,C,0.1,2,0.7968389362576809,False,
multinomial_logistic_regression,main,Formal_Lab,6,17,18,C,0.3,2,0.7966024500591854,False,
multinomial_logistic_regression,main,Formal_Lab,6,42,18,C,0.03,0,0.7621151056787254,False,
multinomial_logistic_regression,main,Formal_Lab,6,42,18,C,0.1,0,0.766101755345412,True,
multinomial_logistic_regression,main,Formal_Lab,6,42,18,C,0.3,0,0.7609671649486079,False,
multinomial_logistic_regression,main,Formal_Lab,6,42,18,C,0.03,1,0.8002251534969931,False,
multinomial_logistic_regression,main,Formal_Lab,6,42,18,C,0.1,1,0.8018863667639118,True,
multinomial_logistic_regression,main,Formal_Lab,6,42,18,C,0.3,1,0.7969802776911061,False,
multinomial_logistic_regression,main,Formal_Lab,6,42,18,C,0.03,2,0.7623518076537154,False,
multinomial_logistic_regression,main,Formal_Lab,6,42,18,C,0.1,2,0.7586777746363378,True,
multinomial_logistic_regression,main,Formal_Lab,6,42,18,C,0.3,2,0.7591434950202446,False,
multinomial_logistic_regression,main,Formal_Lab,6,73,18,C,0.03,0,0.8332204766060652,False,
multinomial_logistic_regression,main,Formal_Lab,6,73,18,C,0.1,0,0.8376954703902797,True,
multinomial_logistic_regression,main,Formal_Lab,6,73,18,C,0.3,0,0.8364987964621099,False,
multinomial_logistic_regression,main,Formal_Lab,6,73,18,C,0.03,1,0.7589500096159122,False,
multinomial_logistic_regression,main,Formal_Lab,6,73,18,C,0.1,1,0.7597333245663739,True,
multinomial_logistic_regression,main,Formal_Lab,6,73,18,C,0.3,1,0.7529221574202382,False,
multinomial_logistic_regression,main,Formal_Lab,6,73,18,C,0.03,2,0.74659326972752,False,
multinomial_logistic_regression,main,Formal_Lab,6,73,18,C,0.1,2,0.7431385356204608,True,
multinomial_logistic_regression,main,Formal_Lab,6,73,18,C,0.3,2,0.7423116474050339,False,
multinomial_logistic_regression,main,FL,7,17,6,C,0.03,0,0.5665234863286004,False,
multinomial_logistic_regression,main,FL,7,17,6,C,0.1,0,0.568718672651449,True,
multinomial_logistic_regression,main,FL,7,17,6,C,0.3,0,0.5704818386842871,False,
multinomial_logistic_regression,main,FL,7,17,6,C,0.03,1,0.5979888731199783,False,
multinomial_logistic_regression,main,FL,7,17,6,C,0.1,1,0.5991657878320336,True,
multinomial_logistic_regression,main,FL,7,17,6,C,0.3,1,0.6007059716184573,False,
multinomial_logistic_regression,main,FL,7,17,6,C,0.03,2,0.5315153286330477,False,
multinomial_logistic_regression,main,FL,7,17,6,C,0.1,2,0.5299743002104524,True,
multinomial_logistic_regression,main,FL,7,17,6,C,0.3,2,0.5283959056292771,False,
multinomial_logistic_regression,main,FL,7,42,6,C,0.03,0,0.5246440899522508,False,
multinomial_logistic_regression,main,FL,7,42,6,C,0.1,0,0.5230666241434484,True,
multinomial_logistic_regression,main,FL,7,42,6,C,0.3,0,0.5218812708926073,False,
multinomial_logistic_regression,main,FL,7,42,6,C,0.03,1,0.5288377617340755,False,
multinomial_logistic_regression,main,FL,7,42,6,C,0.1,1,0.5313012264789303,True,
multinomial_logistic_regression,main,FL,7,42,6,C,0.3,1,0.5320682509579382,False,
multinomial_logistic_regression,main,FL,7,42,6,C,0.03,2,0.5280788821866328,False,
multinomial_logistic_regression,main,FL,7,42,6,C,0.1,2,0.5300325091053464,True,
multinomial_logistic_regression,main,FL,7,42,6,C,0.3,2,0.530356375884733,False,
multinomial_logistic_regression,main,FL,7,73,6,C,0.03,0,0.5030478815108177,False,
multinomial_logistic_regression,main,FL,7,73,6,C,0.1,0,0.5041939681555683,True,
multinomial_logistic_regression,main,FL,7,73,6,C,0.3,0,0.5041550373013166,False,
multinomial_logistic_regression,main,FL,7,73,6,C,0.03,1,0.5277720830056711,False,
multinomial_logistic_regression,main,FL,7,73,6,C,0.1,1,0.529903556090318,True,
multinomial_logistic_regression,main,FL,7,73,6,C,0.3,1,0.5294419106765569,False,
multinomial_logistic_regression,main,FL,7,73,6,C,0.03,2,0.6017870975716998,False,
multinomial_logistic_regression,main,FL,7,73,6,C,0.1,2,0.6023786949588033,True,
multinomial_logistic_regression,main,FL,7,73,6,C,0.3,2,0.6024297021045943,False,
multinomial_logistic_regression,main,FL,7,17,12,C,0.03,0,0.589224299191646,False,
multinomial_logistic_regression,main,FL,7,17,12,C,0.1,0,0.5891514221434615,True,
multinomial_logistic_regression,main,FL,7,17,12,C,0.3,0,0.5895617724449459,False,
multinomial_logistic_regression,main,FL,7,17,12,C,0.03,1,0.5693792243372153,False,
multinomial_logistic_regression,main,FL,7,17,12,C,0.1,1,0.5709436770179271,True,
multinomial_logistic_regression,main,FL,7,17,12,C,0.3,1,0.5718333966348257,False,
multinomial_logistic_regression,main,FL,7,17,12,C,0.03,2,0.5691702542051871,False,
multinomial_logistic_regression,main,FL,7,17,12,C,0.1,2,0.5685679675764805,True,
multinomial_logistic_regression,main,FL,7,17,12,C,0.3,2,0.5684143631587829,False,
multinomial_logistic_regression,main,FL,7,42,12,C,0.03,0,0.5725259085111953,False,
multinomial_logistic_regression,main,FL,7,42,12,C,0.1,0,0.5725267019344478,True,
multinomial_logistic_regression,main,FL,7,42,12,C,0.3,0,0.5729970905864724,False,
multinomial_logistic_regression,main,FL,7,42,12,C,0.03,1,0.6005039884550685,False,
multinomial_logistic_regression,main,FL,7,42,12,C,0.1,1,0.600741336258549,True,
multinomial_logistic_regression,main,FL,7,42,12,C,0.3,1,0.6007654404101591,False,
multinomial_logistic_regression,main,FL,7,42,12,C,0.03,2,0.5949851128266159,False,
multinomial_logistic_regression,main,FL,7,42,12,C,0.1,2,0.5972100646899474,True,
multinomial_logistic_regression,main,FL,7,42,12,C,0.3,2,0.5977204004448813,False,
multinomial_logistic_regression,main,FL,7,73,12,C,0.03,0,0.555638315385398,False,
multinomial_logistic_regression,main,FL,7,73,12,C,0.1,0,0.55618718209831,True,
multinomial_logistic_regression,main,FL,7,73,12,C,0.3,0,0.5562959792273352,False,
multinomial_logistic_regression,main,FL,7,73,12,C,0.03,1,0.5476549355107047,False,
multinomial_logistic_regression,main,FL,7,73,12,C,0.1,1,0.5479322970787661,True,
multinomial_logistic_regression,main,FL,7,73,12,C,0.3,1,0.5477998926772542,False,
multinomial_logistic_regression,main,FL,7,73,12,C,0.03,2,0.6032590197049295,False,
multinomial_logistic_regression,main,FL,7,73,12,C,0.1,2,0.6031909700336446,True,
multinomial_logistic_regression,main,FL,7,73,12,C,0.3,2,0.6025757204383541,False,
multinomial_logistic_regression,main,FL,7,17,18,C,0.03,0,0.588765208308832,False,
multinomial_logistic_regression,main,FL,7,17,18,C,0.1,0,0.5895243931783044,True,
multinomial_logistic_regression,main,FL,7,17,18,C,0.3,0,0.5892980804762172,False,
multinomial_logistic_regression,main,FL,7,17,18,C,0.03,1,0.5591586688439182,False,
multinomial_logistic_regression,main,FL,7,17,18,C,0.1,1,0.5602442094603123,True,
multinomial_logistic_regression,main,FL,7,17,18,C,0.3,1,0.5607875275357096,False,
multinomial_logistic_regression,main,FL,7,17,18,C,0.03,2,0.5796736817069891,False,
multinomial_logistic_regression,main,FL,7,17,18,C,0.1,2,0.5802017157435534,True,
multinomial_logistic_regression,main,FL,7,17,18,C,0.3,2,0.5802151386927284,False,
multinomial_logistic_regression,main,FL,7,42,18,C,0.03,0,0.5615104214513305,False,
multinomial_logistic_regression,main,FL,7,42,18,C,0.1,0,0.561416371291977,True,
multinomial_logistic_regression,main,FL,7,42,18,C,0.3,0,0.5614989662155146,False,
multinomial_logistic_regression,main,FL,7,42,18,C,0.03,1,0.5646314733653978,False,
multinomial_logistic_regression,main,FL,7,42,18,C,0.1,1,0.564421479648638,True,
multinomial_logistic_regression,main,FL,7,42,18,C,0.3,1,0.5643598782517524,False,
multinomial_logistic_regression,main,FL,7,42,18,C,0.03,2,0.6055371947688314,False,
multinomial_logistic_regression,main,FL,7,42,18,C,0.1,2,0.6060979152391225,True,
multinomial_logistic_regression,main,FL,7,42,18,C,0.3,2,0.6060241351973633,False,
multinomial_logistic_regression,main,FL,7,73,18,C,0.03,0,0.5770224254810423,False,
multinomial_logistic_regression,main,FL,7,73,18,C,0.1,0,0.5780067033852279,True,
multinomial_logistic_regression,main,FL,7,73,18,C,0.3,0,0.5782258504881531,False,
multinomial_logistic_regression,main,FL,7,73,18,C,0.03,1,0.573300411385501,False,
multinomial_logistic_regression,main,FL,7,73,18,C,0.1,1,0.5734448000266562,True,
multinomial_logistic_regression,main,FL,7,73,18,C,0.3,1,0.5737880747392873,False,
multinomial_logistic_regression,main,FL,7,73,18,C,0.03,2,0.5956981894582384,False,
multinomial_logistic_regression,main,FL,7,73,18,C,0.1,2,0.5961731623628179,True,
multinomial_logistic_regression,main,FL,7,73,18,C,0.3,2,0.5957776390525555,False,
multinomial_logistic_regression,main,Formal_Lab,7,17,6,C,0.03,0,0.7221020507377702,True,
multinomial_logistic_regression,main,Formal_Lab,7,17,6,C,0.1,0,0.7223110892691733,False,
multinomial_logistic_regression,main,Formal_Lab,7,17,6,C,0.3,0,0.7189419647414423,False,
multinomial_logistic_regression,main,Formal_Lab,7,17,6,C,0.03,1,0.5705063229456928,True,
multinomial_logistic_regression,main,Formal_Lab,7,17,6,C,0.1,1,0.5828510707405016,False,
multinomial_logistic_regression,main,Formal_Lab,7,17,6,C,0.3,1,0.5940549257707212,False,
multinomial_logistic_regression,main,Formal_Lab,7,17,6,C,0.03,2,0.6117427787134754,True,
multinomial_logistic_regression,main,Formal_Lab,7,17,6,C,0.1,2,0.5680423828339816,False,
multinomial_logistic_regression,main,Formal_Lab,7,17,6,C,0.3,2,0.5619301936185039,False,
multinomial_logistic_regression,main,Formal_Lab,7,42,6,C,0.03,0,0.5902836753137704,True,
multinomial_logistic_regression,main,Formal_Lab,7,42,6,C,0.1,0,0.5956068562973215,False,
multinomial_logistic_regression,main,Formal_Lab,7,42,6,C,0.3,0,0.5876740204431304,False,
multinomial_logistic_regression,main,Formal_Lab,7,42,6,C,0.03,1,0.7956885754648866,True,
multinomial_logistic_regression,main,Formal_Lab,7,42,6,C,0.1,1,0.7610460244418022,False,
multinomial_logistic_regression,main,Formal_Lab,7,42,6,C,0.3,1,0.7365123559889184,False,
multinomial_logistic_regression,main,Formal_Lab,7,42,6,C,0.03,2,0.7941279970125665,True,
multinomial_logistic_regression,main,Formal_Lab,7,42,6,C,0.1,2,0.7836036047679277,False,
multinomial_logistic_regression,main,Formal_Lab,7,42,6,C,0.3,2,0.7547607145616257,False,
multinomial_logistic_regression,main,Formal_Lab,7,73,6,C,0.03,0,0.7595764068384847,False,
multinomial_logistic_regression,main,Formal_Lab,7,73,6,C,0.1,0,0.755345001741629,True,
multinomial_logistic_regression,main,Formal_Lab,7,73,6,C,0.3,0,0.7535772305450554,False,
multinomial_logistic_regression,main,Formal_Lab,7,73,6,C,0.03,1,0.6380348383588039,False,
multinomial_logistic_regression,main,Formal_Lab,7,73,6,C,0.1,1,0.6719869950020493,True,
multinomial_logistic_regression,main,Formal_Lab,7,73,6,C,0.3,1,0.6609691427187988,False,
multinomial_logistic_regression,main,Formal_Lab,7,73,6,C,0.03,2,0.7231325267707194,False,
multinomial_logistic_regression,main,Formal_Lab,7,73,6,C,0.1,2,0.7352596329279498,True,
multinomial_logistic_regression,main,Formal_Lab,7,73,6,C,0.3,2,0.7261307205947729,False,
multinomial_logistic_regression,main,Formal_Lab,7,17,12,C,0.03,0,0.7402227255491436,True,
multinomial_logistic_regression,main,Formal_Lab,7,17,12,C,0.1,0,0.718026413359493,False,
multinomial_logistic_regression,main,Formal_Lab,7,17,12,C,0.3,0,0.7140184291761951,False,
multinomial_logistic_regression,main,Formal_Lab,7,17,12,C,0.03,1,0.7434482377984455,True,
multinomial_logistic_regression,main,Formal_Lab,7,17,12,C,0.1,1,0.7350923653145588,False,
multinomial_logistic_regression,main,Formal_Lab,7,17,12,C,0.3,1,0.7305748835301507,False,
multinomial_logistic_regression,main,Formal_Lab,7,17,12,C,0.03,2,0.7426838331610932,True,
multinomial_logistic_regression,main,Formal_Lab,7,17,12,C,0.1,2,0.7531121747756941,False,
multinomial_logistic_regression,main,Formal_Lab,7,17,12,C,0.3,2,0.7475506729483367,False,
multinomial_logistic_regression,main,Formal_Lab,7,42,12,C,0.03,0,0.6637709158294287,True,
multinomial_logistic_regression,main,Formal_Lab,7,42,12,C,0.1,0,0.6715245711018526,False,
multinomial_logistic_regression,main,Formal_Lab,7,42,12,C,0.3,0,0.6829320098404887,False,
multinomial_logistic_regression,main,Formal_Lab,7,42,12,C,0.03,1,0.749669250076314,True,
multinomial_logistic_regression,main,Formal_Lab,7,42,12,C,0.1,1,0.7468297761076776,False,
multinomial_logistic_regression,main,Formal_Lab,7,42,12,C,0.3,1,0.7376983699517287,False,
multinomial_logistic_regression,main,Formal_Lab,7,42,12,C,0.03,2,0.7974458187580324,True,
multinomial_logistic_regression,main,Formal_Lab,7,42,12,C,0.1,2,0.7827396201898505,False,
multinomial_logistic_regression,main,Formal_Lab,7,42,12,C,0.3,2,0.7797100377330873,False,
multinomial_logistic_regression,main,Formal_Lab,7,73,12,C,0.03,0,0.7454714685453482,True,
multinomial_logistic_regression,main,Formal_Lab,7,73,12,C,0.1,0,0.7495539911524909,False,
multinomial_logistic_regression,main,Formal_Lab,7,73,12,C,0.3,0,0.7443567552817212,False,
multinomial_logistic_regression,main,Formal_Lab,7,73,12,C,0.03,1,0.7551036230976322,True,
multinomial_logistic_regression,main,Formal_Lab,7,73,12,C,0.1,1,0.7472037311154888,False,
multinomial_logistic_regression,main,Formal_Lab,7,73,12,C,0.3,1,0.7449472465617575,False,
multinomial_logistic_regression,main,Formal_Lab,7,73,12,C,0.03,2,0.7198642934852459,True,
multinomial_logistic_regression,main,Formal_Lab,7,73,12,C,0.1,2,0.7206688001687671,False,
multinomial_logistic_regression,main,Formal_Lab,7,73,12,C,0.3,2,0.7169752485427869,False,
multinomial_logistic_regression,main,Formal_Lab,7,17,18,C,0.03,0,0.7745571304043324,False,
multinomial_logistic_regression,main,Formal_Lab,7,17,18,C,0.1,0,0.7704309051516566,True,
multinomial_logistic_regression,main,Formal_Lab,7,17,18,C,0.3,0,0.7661079286519302,False,
multinomial_logistic_regression,main,Formal_Lab,7,17,18,C,0.03,1,0.7681977914780488,False,
multinomial_logistic_regression,main,Formal_Lab,7,17,18,C,0.1,1,0.7674689348002461,True,
multinomial_logistic_regression,main,Formal_Lab,7,17,18,C,0.3,1,0.7663065332999669,False,
multinomial_logistic_regression,main,Formal_Lab,7,17,18,C,0.03,2,0.794992664317569,False,
multinomial_logistic_regression,main,Formal_Lab,7,17,18,C,0.1,2,0.7969222224856977,True,
multinomial_logistic_regression,main,Formal_Lab,7,17,18,C,0.3,2,0.7964729065477449,False,
multinomial_logistic_regression,main,Formal_Lab,7,42,18,C,0.03,0,0.7259058010382456,False,
multinomial_logistic_regression,main,Formal_Lab,7,42,18,C,0.1,0,0.7253120562481975,False,
multinomial_logistic_regression,main,Formal_Lab,7,42,18,C,0.3,0,0.7285079267282851,True,
multinomial_logistic_regression,main,Formal_Lab,7,42,18,C,0.03,1,0.7702371529052113,False,
multinomial_logistic_regression,main,Formal_Lab,7,42,18,C,0.1,1,0.7732816267021195,False,
multinomial_logistic_regression,main,Formal_Lab,7,42,18,C,0.3,1,0.7769307884206867,True,
multinomial_logistic_regression,main,Formal_Lab,7,42,18,C,0.03,2,0.8026369844810134,False,
multinomial_logistic_regression,main,Formal_Lab,7,42,18,C,0.1,2,0.8017555773112292,False,
multinomial_logistic_regression,main,Formal_Lab,7,42,18,C,0.3,2,0.7986458995116514,True,
multinomial_logistic_regression,main,Formal_Lab,7,73,18,C,0.03,0,0.7908599503541693,False,
multinomial_logistic_regression,main,Formal_Lab,7,73,18,C,0.1,0,0.7949946011271615,True,
multinomial_logistic_regression,main,Formal_Lab,7,73,18,C,0.3,0,0.7912759796677675,False,
multinomial_logistic_regression,main,Formal_Lab,7,73,18,C,0.03,1,0.7822765172266628,False,
multinomial_logistic_regression,main,Formal_Lab,7,73,18,C,0.1,1,0.7782672335629827,True,
multinomial_logistic_regression,main,Formal_Lab,7,73,18,C,0.3,1,0.7796551875347046,False,
multinomial_logistic_regression,main,Formal_Lab,7,73,18,C,0.03,2,0.8015076055023141,False,
multinomial_logistic_regression,main,Formal_Lab,7,73,18,C,0.1,2,0.8035551008384516,True,
multinomial_logistic_regression,main,Formal_Lab,7,73,18,C,0.3,2,0.8049365777218626,False,
multinomial_logistic_regression,main,FL,8,17,6,C,0.03,0,0.49937249758907604,False,
multinomial_logistic_regression,main,FL,8,17,6,C,0.1,0,0.5008999781257789,True,
multinomial_logistic_regression,main,FL,8,17,6,C,0.3,0,0.5013927105473357,False,
multinomial_logistic_regression,main,FL,8,17,6,C,0.03,1,0.41470471530889086,False,
multinomial_logistic_regression,main,FL,8,17,6,C,0.1,1,0.4131181164280573,True,
multinomial_logistic_regression,main,FL,8,17,6,C,0.3,1,0.4126893825696837,False,
multinomial_logistic_regression,main,FL,8,17,6,C,0.03,2,0.5888142324387842,False,
multinomial_logistic_regression,main,FL,8,17,6,C,0.1,2,0.5874973334525551,True,
multinomial_logistic_regression,main,FL,8,17,6,C,0.3,2,0.586792214439882,False,
multinomial_logistic_regression,main,FL,8,42,6,C,0.03,0,0.5715238373719198,False,
multinomial_logistic_regression,main,FL,8,42,6,C,0.1,0,0.5727555453308442,True,
multinomial_logistic_regression,main,FL,8,42,6,C,0.3,0,0.5725239039566317,False,
multinomial_logistic_regression,main,FL,8,42,6,C,0.03,1,0.5884671135296494,False,
multinomial_logistic_regression,main,FL,8,42,6,C,0.1,1,0.5911432588765768,True,
multinomial_logistic_regression,main,FL,8,42,6,C,0.3,1,0.5927069658192152,False,
multinomial_logistic_regression,main,FL,8,42,6,C,0.03,2,0.6123108815790173,False,
multinomial_logistic_regression,main,FL,8,42,6,C,0.1,2,0.6129937689180109,True,
multinomial_logistic_regression,main,FL,8,42,6,C,0.3,2,0.612437707037984,False,
multinomial_logistic_regression,main,FL,8,73,6,C,0.03,0,0.4013830271238039,False,
multinomial_logistic_regression,main,FL,8,73,6,C,0.1,0,0.4000216336823059,True,
multinomial_logistic_regression,main,FL,8,73,6,C,0.3,0,0.40005295406565244,False,
multinomial_logistic_regression,main,FL,8,73,6,C,0.03,1,0.5226999178356853,False,
multinomial_logistic_regression,main,FL,8,73,6,C,0.1,1,0.5259812039128833,True,
multinomial_logistic_regression,main,FL,8,73,6,C,0.3,1,0.5264778959653835,False,
multinomial_logistic_regression,main,FL,8,73,6,C,0.03,2,0.5333706910637717,False,
multinomial_logistic_regression,main,FL,8,73,6,C,0.1,2,0.5311282266059055,True,
multinomial_logistic_regression,main,FL,8,73,6,C,0.3,2,0.5291190401655728,False,
multinomial_logistic_regression,main,FL,8,17,12,C,0.03,0,0.5499936271629697,False,
multinomial_logistic_regression,main,FL,8,17,12,C,0.1,0,0.5494968766312255,True,
multinomial_logistic_regression,main,FL,8,17,12,C,0.3,0,0.5487403985971893,False,
multinomial_logistic_regression,main,FL,8,17,12,C,0.03,1,0.495864901144107,False,
multinomial_logistic_regression,main,FL,8,17,12,C,0.1,1,0.49560826920627793,True,
multinomial_logistic_regression,main,FL,8,17,12,C,0.3,1,0.4956353478188638,False,
multinomial_logistic_regression,main,FL,8,17,12,C,0.03,2,0.5787030616653382,False,
multinomial_logistic_regression,main,FL,8,17,12,C,0.1,2,0.5789703057142983,True,
multinomial_logistic_regression,main,FL,8,17,12,C,0.3,2,0.5793537252108221,False,
multinomial_logistic_regression,main,FL,8,42,12,C,0.03,0,0.5553523690424207,False,
multinomial_logistic_regression,main,FL,8,42,12,C,0.1,0,0.5562622804121244,True,
multinomial_logistic_regression,main,FL,8,42,12,C,0.3,0,0.5563002769681267,False,
multinomial_logistic_regression,main,FL,8,42,12,C,0.03,1,0.5630985430663389,False,
multinomial_logistic_regression,main,FL,8,42,12,C,0.1,1,0.5633107339416437,True,
multinomial_logistic_regression,main,FL,8,42,12,C,0.3,1,0.5637165188944899,False,
multinomial_logistic_regression,main,FL,8,42,12,C,0.03,2,0.6103689154607366,False,
multinomial_logistic_regression,main,FL,8,42,12,C,0.1,2,0.6119211651961188,True,
multinomial_logistic_regression,main,FL,8,42,12,C,0.3,2,0.6130340684760283,False,
multinomial_logistic_regression,main,FL,8,73,12,C,0.03,0,0.48970718016008696,False,
multinomial_logistic_regression,main,FL,8,73,12,C,0.1,0,0.48976438196850475,True,
multinomial_logistic_regression,main,FL,8,73,12,C,0.3,0,0.4898644386987473,False,
multinomial_logistic_regression,main,FL,8,73,12,C,0.03,1,0.6041580649785036,False,
multinomial_logistic_regression,main,FL,8,73,12,C,0.1,1,0.6049809357143617,True,
multinomial_logistic_regression,main,FL,8,73,12,C,0.3,1,0.6056662934061339,False,
multinomial_logistic_regression,main,FL,8,73,12,C,0.03,2,0.5470940486396179,False,
multinomial_logistic_regression,main,FL,8,73,12,C,0.1,2,0.5471841681353051,True,
multinomial_logistic_regression,main,FL,8,73,12,C,0.3,2,0.5469795909508033,False,
multinomial_logistic_regression,main,FL,8,17,18,C,0.03,0,0.5851903655331846,False,
multinomial_logistic_regression,main,FL,8,17,18,C,0.1,0,0.5856118753224111,True,
multinomial_logistic_regression,main,FL,8,17,18,C,0.3,0,0.5858216509554989,False,
multinomial_logistic_regression,main,FL,8,17,18,C,0.03,1,0.5086056079366157,False,
multinomial_logistic_regression,main,FL,8,17,18,C,0.1,1,0.50876170326777,True,
multinomial_logistic_regression,main,FL,8,17,18,C,0.3,1,0.5085444520087764,False,
multinomial_logistic_regression,main,FL,8,17,18,C,0.03,2,0.5774876588768593,False,
multinomial_logistic_regression,main,FL,8,17,18,C,0.1,2,0.5776053285158098,True,
multinomial_logistic_regression,main,FL,8,17,18,C,0.3,2,0.5768304607990878,False,
multinomial_logistic_regression,main,FL,8,42,18,C,0.03,0,0.562945106897725,False,
multinomial_logistic_regression,main,FL,8,42,18,C,0.1,0,0.5627296126502311,True,
multinomial_logistic_regression,main,FL,8,42,18,C,0.3,0,0.5625936519931302,False,
multinomial_logistic_regression,main,FL,8,42,18,C,0.03,1,0.4987623116463468,False,
multinomial_logistic_regression,main,FL,8,42,18,C,0.1,1,0.49946328593146155,True,
multinomial_logistic_regression,main,FL,8,42,18,C,0.3,1,0.4994424529081994,False,
multinomial_logistic_regression,main,FL,8,42,18,C,0.03,2,0.6067625891979626,False,
multinomial_logistic_regression,main,FL,8,42,18,C,0.1,2,0.6072245027936791,True,
multinomial_logistic_regression,main,FL,8,42,18,C,0.3,2,0.6076346482299387,False,
multinomial_logistic_regression,main,FL,8,73,18,C,0.03,0,0.5329440097004582,False,
multinomial_logistic_regression,main,FL,8,73,18,C,0.1,0,0.5331174609647805,True,
multinomial_logistic_regression,main,FL,8,73,18,C,0.3,0,0.5327477247819464,False,
multinomial_logistic_regression,main,FL,8,73,18,C,0.03,1,0.5698396229054851,False,
multinomial_logistic_regression,main,FL,8,73,18,C,0.1,1,0.5703537599667895,True,
multinomial_logistic_regression,main,FL,8,73,18,C,0.3,1,0.57086251571686,False,
multinomial_logistic_regression,main,FL,8,73,18,C,0.03,2,0.5670965257026166,False,
multinomial_logistic_regression,main,FL,8,73,18,C,0.1,2,0.5675272459889148,True,
multinomial_logistic_regression,main,FL,8,73,18,C,0.3,2,0.5678890044515909,False,
multinomial_logistic_regression,main,Formal_Lab,8,17,6,C,0.03,0,0.6525346796173963,False,
multinomial_logistic_regression,main,Formal_Lab,8,17,6,C,0.1,0,0.6786397957745395,True,
multinomial_logistic_regression,main,Formal_Lab,8,17,6,C,0.3,0,0.6747364894141916,False,
multinomial_logistic_regression,main,Formal_Lab,8,17,6,C,0.03,1,0.77959373928312,False,
multinomial_logistic_regression,main,Formal_Lab,8,17,6,C,0.1,1,0.7616296985674771,True,
multinomial_logistic_regression,main,Formal_Lab,8,17,6,C,0.3,1,0.7466217709817604,False,
multinomial_logistic_regression,main,Formal_Lab,8,17,6,C,0.03,2,0.8013783998769143,False,
multinomial_logistic_regression,main,Formal_Lab,8,17,6,C,0.1,2,0.8011432300719593,True,
multinomial_logistic_regression,main,Formal_Lab,8,17,6,C,0.3,2,0.7922725807159836,False,
multinomial_logistic_regression,main,Formal_Lab,8,42,6,C,0.03,0,0.8070015956234966,True,
multinomial_logistic_regression,main,Formal_Lab,8,42,6,C,0.1,0,0.7935255063203689,False,
multinomial_logistic_regression,main,Formal_Lab,8,42,6,C,0.3,0,0.7793608739463619,False,
multinomial_logistic_regression,main,Formal_Lab,8,42,6,C,0.03,1,0.7437235301542844,True,
multinomial_logistic_regression,main,Formal_Lab,8,42,6,C,0.1,1,0.7403738535315272,False,
multinomial_logistic_regression,main,Formal_Lab,8,42,6,C,0.3,1,0.7256486331515114,False,
multinomial_logistic_regression,main,Formal_Lab,8,42,6,C,0.03,2,0.684473849239936,True,
multinomial_logistic_regression,main,Formal_Lab,8,42,6,C,0.1,2,0.6768211799361125,False,
multinomial_logistic_regression,main,Formal_Lab,8,42,6,C,0.3,2,0.6524897336647064,False,
multinomial_logistic_regression,main,Formal_Lab,8,73,6,C,0.03,0,0.6962565131566791,False,
multinomial_logistic_regression,main,Formal_Lab,8,73,6,C,0.1,0,0.6987243242172129,False,
multinomial_logistic_regression,main,Formal_Lab,8,73,6,C,0.3,0,0.6904373646091453,True,
multinomial_logistic_regression,main,Formal_Lab,8,73,6,C,0.03,1,0.6334342363402434,False,
multinomial_logistic_regression,main,Formal_Lab,8,73,6,C,0.1,1,0.6641757553707612,False,
multinomial_logistic_regression,main,Formal_Lab,8,73,6,C,0.3,1,0.6724476940872888,True,
multinomial_logistic_regression,main,Formal_Lab,8,73,6,C,0.03,2,0.7625088889272564,False,
multinomial_logistic_regression,main,Formal_Lab,8,73,6,C,0.1,2,0.7603317401739264,False,
multinomial_logistic_regression,main,Formal_Lab,8,73,6,C,0.3,2,0.7666847175206952,True,
multinomial_logistic_regression,main,Formal_Lab,8,17,12,C,0.03,0,0.7691248561044921,False,
multinomial_logistic_regression,main,Formal_Lab,8,17,12,C,0.1,0,0.7729468334235999,True,
multinomial_logistic_regression,main,Formal_Lab,8,17,12,C,0.3,0,0.7624876619828208,False,
multinomial_logistic_regression,main,Formal_Lab,8,17,12,C,0.03,1,0.7870620352824955,False,
multinomial_logistic_regression,main,Formal_Lab,8,17,12,C,0.1,1,0.7873881832142338,True,
multinomial_logistic_regression,main,Formal_Lab,8,17,12,C,0.3,1,0.7869445098083967,False,
multinomial_logistic_regression,main,Formal_Lab,8,17,12,C,0.03,2,0.7657515368516484,False,
multinomial_logistic_regression,main,Formal_Lab,8,17,12,C,0.1,2,0.7629303808369143,True,
multinomial_logistic_regression,main,Formal_Lab,8,17,12,C,0.3,2,0.761952266317286,False,
multinomial_logistic_regression,main,Formal_Lab,8,42,12,C,0.03,0,0.75891658201066,True,
multinomial_logistic_regression,main,Formal_Lab,8,42,12,C,0.1,0,0.7428266305661901,False,
multinomial_logistic_regression,main,Formal_Lab,8,42,12,C,0.3,0,0.7374757013339525,False,
multinomial_logistic_regression,main,Formal_Lab,8,42,12,C,0.03,1,0.7391692009857856,True,
multinomial_logistic_regression,main,Formal_Lab,8,42,12,C,0.1,1,0.73880608464364,False,
multinomial_logistic_regression,main,Formal_Lab,8,42,12,C,0.3,1,0.7303884177533656,False,
multinomial_logistic_regression,main,Formal_Lab,8,42,12,C,0.03,2,0.7035782139761728,True,
multinomial_logistic_regression,main,Formal_Lab,8,42,12,C,0.1,2,0.7081250683723688,False,
multinomial_logistic_regression,main,Formal_Lab,8,42,12,C,0.3,2,0.7007741736344939,False,
multinomial_logistic_regression,main,Formal_Lab,8,73,12,C,0.03,0,0.8161784224908764,False,
multinomial_logistic_regression,main,Formal_Lab,8,73,12,C,0.1,0,0.8097556608593535,True,
multinomial_logistic_regression,main,Formal_Lab,8,73,12,C,0.3,0,0.8033329642549293,False,
multinomial_logistic_regression,main,Formal_Lab,8,73,12,C,0.03,1,0.6740810505576219,False,
multinomial_logistic_regression,main,Formal_Lab,8,73,12,C,0.1,1,0.683556005880552,True,
multinomial_logistic_regression,main,Formal_Lab,8,73,12,C,0.3,1,0.6922469191010243,False,
multinomial_logistic_regression,main,Formal_Lab,8,73,12,C,0.03,2,0.7752579654214223,False,
multinomial_logistic_regression,main,Formal_Lab,8,73,12,C,0.1,2,0.7765445587137998,True,
multinomial_logistic_regression,main,Formal_Lab,8,73,12,C,0.3,2,0.7762582108641399,False,
multinomial_logistic_regression,main,Formal_Lab,8,17,18,C,0.03,0,0.7386014182474406,False,
multinomial_logistic_regression,main,Formal_Lab,8,17,18,C,0.1,0,0.7451458761954871,True,
multinomial_logistic_regression,main,Formal_Lab,8,17,18,C,0.3,0,0.7424478225632347,False,
multinomial_logistic_regression,main,Formal_Lab,8,17,18,C,0.03,1,0.8026836133676379,False,
multinomial_logistic_regression,main,Formal_Lab,8,17,18,C,0.1,1,0.7996016879137632,True,
multinomial_logistic_regression,main,Formal_Lab,8,17,18,C,0.3,1,0.7988819686510028,False,
multinomial_logistic_regression,main,Formal_Lab,8,17,18,C,0.03,2,0.8050835580045638,False,
multinomial_logistic_regression,main,Formal_Lab,8,17,18,C,0.1,2,0.8024038035788262,True,
multinomial_logistic_regression,main,Formal_Lab,8,17,18,C,0.3,2,0.8020641836786515,False,
multinomial_logistic_regression,main,Formal_Lab,8,42,18,C,0.03,0,0.7967086909118285,True,
multinomial_logistic_regression,main,Formal_Lab,8,42,18,C,0.1,0,0.7898808393853677,False,
multinomial_logistic_regression,main,Formal_Lab,8,42,18,C,0.3,0,0.7859536561980743,False,
multinomial_logistic_regression,main,Formal_Lab,8,42,18,C,0.03,1,0.7588207235752943,True,
multinomial_logistic_regression,main,Formal_Lab,8,42,18,C,0.1,1,0.7547229913560165,False,
multinomial_logistic_regression,main,Formal_Lab,8,42,18,C,0.3,1,0.7510036927639776,False,
multinomial_logistic_regression,main,Formal_Lab,8,42,18,C,0.03,2,0.7693380678122684,True,
multinomial_logistic_regression,main,Formal_Lab,8,42,18,C,0.1,2,0.7716279709480179,False,
multinomial_logistic_regression,main,Formal_Lab,8,42,18,C,0.3,2,0.7689412842562816,False,
multinomial_logistic_regression,main,Formal_Lab,8,73,18,C,0.03,0,0.8488076895183737,False,
multinomial_logistic_regression,main,Formal_Lab,8,73,18,C,0.1,0,0.8446280294584919,True,
multinomial_logistic_regression,main,Formal_Lab,8,73,18,C,0.3,0,0.8397050549414335,False,
multinomial_logistic_regression,main,Formal_Lab,8,73,18,C,0.03,1,0.7184529839803789,False,
multinomial_logistic_regression,main,Formal_Lab,8,73,18,C,0.1,1,0.7317250814669841,True,
multinomial_logistic_regression,main,Formal_Lab,8,73,18,C,0.3,1,0.7243833703867043,False,
multinomial_logistic_regression,main,Formal_Lab,8,73,18,C,0.03,2,0.7598776722652296,False,
multinomial_logistic_regression,main,Formal_Lab,8,73,18,C,0.1,2,0.761801446849799,True,
multinomial_logistic_regression,main,Formal_Lab,8,73,18,C,0.3,2,0.7653259879586972,False,
multinomial_logistic_regression,main,FL,9,17,6,C,0.03,0,0.5318300616000462,False,
multinomial_logistic_regression,main,FL,9,17,6,C,0.1,0,0.5317851536931281,True,
multinomial_logistic_regression,main,FL,9,17,6,C,0.3,0,0.5321256422227036,False,
multinomial_logistic_regression,main,FL,9,17,6,C,0.03,1,0.5030344238440292,False,
multinomial_logistic_regression,main,FL,9,17,6,C,0.1,1,0.5014806669189823,True,
multinomial_logistic_regression,main,FL,9,17,6,C,0.3,1,0.5004129783759363,False,
multinomial_logistic_regression,main,FL,9,17,6,C,0.03,2,0.5713011197838787,False,
multinomial_logistic_regression,main,FL,9,17,6,C,0.1,2,0.5723026954349633,True,
multinomial_logistic_regression,main,FL,9,17,6,C,0.3,2,0.5720744796256978,False,
multinomial_logistic_regression,main,FL,9,42,6,C,0.03,0,0.5783476989661323,False,
multinomial_logistic_regression,main,FL,9,42,6,C,0.1,0,0.5786583208510259,True,
multinomial_logistic_regression,main,FL,9,42,6,C,0.3,0,0.5789169777135055,False,
multinomial_logistic_regression,main,FL,9,42,6,C,0.03,1,0.5500399528266656,False,
multinomial_logistic_regression,main,FL,9,42,6,C,0.1,1,0.5505815792585894,True,
multinomial_logistic_regression,main,FL,9,42,6,C,0.3,1,0.5499776056666438,False,
multinomial_logistic_regression,main,FL,9,42,6,C,0.03,2,0.5544678339829062,False,
multinomial_logistic_regression,main,FL,9,42,6,C,0.1,2,0.554292694848724,True,
multinomial_logistic_regression,main,FL,9,42,6,C,0.3,2,0.5547684813418816,False,
multinomial_logistic_regression,main,FL,9,73,6,C,0.03,0,0.5230992257450787,False,
multinomial_logistic_regression,main,FL,9,73,6,C,0.1,0,0.5257735251735212,True,
multinomial_logistic_regression,main,FL,9,73,6,C,0.3,0,0.5273495584455776,False,
multinomial_logistic_regression,main,FL,9,73,6,C,0.03,1,0.5980715121443048,False,
multinomial_logistic_regression,main,FL,9,73,6,C,0.1,1,0.5994827127578061,True,
multinomial_logistic_regression,main,FL,9,73,6,C,0.3,1,0.5993440566454831,False,
multinomial_logistic_regression,main,FL,9,73,6,C,0.03,2,0.5396068261111026,False,
multinomial_logistic_regression,main,FL,9,73,6,C,0.1,2,0.5382721427602151,True,
multinomial_logistic_regression,main,FL,9,73,6,C,0.3,2,0.538524554013903,False,
multinomial_logistic_regression,main,FL,9,17,12,C,0.03,0,0.5853491304959689,False,
multinomial_logistic_regression,main,FL,9,17,12,C,0.1,0,0.5854216040953789,True,
multinomial_logistic_regression,main,FL,9,17,12,C,0.3,0,0.5857701701212729,False,
multinomial_logistic_regression,main,FL,9,17,12,C,0.03,1,0.5504873974047496,False,
multinomial_logistic_regression,main,FL,9,17,12,C,0.1,1,0.5487787373910675,True,
multinomial_logistic_regression,main,FL,9,17,12,C,0.3,1,0.5481947880433088,False,
multinomial_logistic_regression,main,FL,9,17,12,C,0.03,2,0.5703408831499933,False,
multinomial_logistic_regression,main,FL,9,17,12,C,0.1,2,0.5715485926022007,True,
multinomial_logistic_regression,main,FL,9,17,12,C,0.3,2,0.5720875375907591,False,
multinomial_logistic_regression,main,FL,9,42,12,C,0.03,0,0.5625363129898702,False,
multinomial_logistic_regression,main,FL,9,42,12,C,0.1,0,0.5617564281456173,True,
multinomial_logistic_regression,main,FL,9,42,12,C,0.3,0,0.5615939194071125,False,
multinomial_logistic_regression,main,FL,9,42,12,C,0.03,1,0.5559809545954044,False,
multinomial_logistic_regression,main,FL,9,42,12,C,0.1,1,0.5564060245236548,True,
multinomial_logistic_regression,main,FL,9,42,12,C,0.3,1,0.5565515279286617,False,
multinomial_logistic_regression,main,FL,9,42,12,C,0.03,2,0.4615758954952013,False,
multinomial_logistic_regression,main,FL,9,42,12,C,0.1,2,0.463462445514386,True,
multinomial_logistic_regression,main,FL,9,42,12,C,0.3,2,0.4638496752759945,False,
multinomial_logistic_regression,main,FL,9,73,12,C,0.03,0,0.5252021853327193,False,
multinomial_logistic_regression,main,FL,9,73,12,C,0.1,0,0.5233156015456627,True,
multinomial_logistic_regression,main,FL,9,73,12,C,0.3,0,0.5226340168955493,False,
multinomial_logistic_regression,main,FL,9,73,12,C,0.03,1,0.5930667113842975,False,
multinomial_logistic_regression,main,FL,9,73,12,C,0.1,1,0.5943682769762916,True,
multinomial_logistic_regression,main,FL,9,73,12,C,0.3,1,0.5944077817321776,False,
multinomial_logistic_regression,main,FL,9,73,12,C,0.03,2,0.5820866764126401,False,
multinomial_logistic_regression,main,FL,9,73,12,C,0.1,2,0.5829335138155505,True,
multinomial_logistic_regression,main,FL,9,73,12,C,0.3,2,0.5828831050016725,False,
multinomial_logistic_regression,main,FL,9,17,18,C,0.03,0,0.5153212417482703,False,
multinomial_logistic_regression,main,FL,9,17,18,C,0.1,0,0.5158219371522091,True,
multinomial_logistic_regression,main,FL,9,17,18,C,0.3,0,0.5158616505781329,False,
multinomial_logistic_regression,main,FL,9,17,18,C,0.03,1,0.5573893063036329,False,
multinomial_logistic_regression,main,FL,9,17,18,C,0.1,1,0.5561594026800091,True,
multinomial_logistic_regression,main,FL,9,17,18,C,0.3,1,0.5555816547208131,False,
multinomial_logistic_regression,main,FL,9,17,18,C,0.03,2,0.574742912970979,False,
multinomial_logistic_regression,main,FL,9,17,18,C,0.1,2,0.5759572226287855,True,
multinomial_logistic_regression,main,FL,9,17,18,C,0.3,2,0.5758186902265147,False,
multinomial_logistic_regression,main,FL,9,42,18,C,0.03,0,0.5767009950561902,False,
multinomial_logistic_regression,main,FL,9,42,18,C,0.1,0,0.5754317205578815,True,
multinomial_logistic_regression,main,FL,9,42,18,C,0.3,0,0.5750736617954436,False,
multinomial_logistic_regression,main,FL,9,42,18,C,0.03,1,0.5818367150063871,False,
multinomial_logistic_regression,main,FL,9,42,18,C,0.1,1,0.582743992990284,True,
multinomial_logistic_regression,main,FL,9,42,18,C,0.3,1,0.5832345996417472,False,
multinomial_logistic_regression,main,FL,9,42,18,C,0.03,2,0.4914390496769845,False,
multinomial_logistic_regression,main,FL,9,42,18,C,0.1,2,0.4917202401701104,True,
multinomial_logistic_regression,main,FL,9,42,18,C,0.3,2,0.49167934067939584,False,
multinomial_logistic_regression,main,FL,9,73,18,C,0.03,0,0.5565267079056451,False,
multinomial_logistic_regression,main,FL,9,73,18,C,0.1,0,0.5560083266323979,True,
multinomial_logistic_regression,main,FL,9,73,18,C,0.3,0,0.5552504168233975,False,
multinomial_logistic_regression,main,FL,9,73,18,C,0.03,1,0.5862878685566969,False,
multinomial_logistic_regression,main,FL,9,73,18,C,0.1,1,0.5865989392325006,True,
multinomial_logistic_regression,main,FL,9,73,18,C,0.3,1,0.5864559031082529,False,
multinomial_logistic_regression,main,FL,9,73,18,C,0.03,2,0.5023094235130802,False,
multinomial_logistic_regression,main,FL,9,73,18,C,0.1,2,0.503684518335213,True,
multinomial_logistic_regression,main,FL,9,73,18,C,0.3,2,0.5039264574613987,False,
multinomial_logistic_regression,main,Formal_Lab,9,17,6,C,0.03,0,0.6699800261094568,False,
multinomial_logistic_regression,main,Formal_Lab,9,17,6,C,0.1,0,0.6619794437482969,True,
multinomial_logistic_regression,main,Formal_Lab,9,17,6,C,0.3,0,0.6516634419229703,False,
multinomial_logistic_regression,main,Formal_Lab,9,17,6,C,0.03,1,0.8275180562501577,False,
multinomial_logistic_regression,main,Formal_Lab,9,17,6,C,0.1,1,0.8358746201046909,True,
multinomial_logistic_regression,main,Formal_Lab,9,17,6,C,0.3,1,0.8289482549823197,False,
multinomial_logistic_regression,main,Formal_Lab,9,17,6,C,0.03,2,0.7708800767012538,False,
multinomial_logistic_regression,main,Formal_Lab,9,17,6,C,0.1,2,0.7778658529780487,True,
multinomial_logistic_regression,main,Formal_Lab,9,17,6,C,0.3,2,0.7860391751933855,False,
multinomial_logistic_regression,main,Formal_Lab,9,42,6,C,0.03,0,0.6397165524957822,False,
multinomial_logistic_regression,main,Formal_Lab,9,42,6,C,0.1,0,0.6377560091260766,True,
multinomial_logistic_regression,main,Formal_Lab,9,42,6,C,0.3,0,0.6495418867626186,False,
multinomial_logistic_regression,main,Formal_Lab,9,42,6,C,0.03,1,0.7052133434192689,False,
multinomial_logistic_regression,main,Formal_Lab,9,42,6,C,0.1,1,0.7200298535311485,True,
multinomial_logistic_regression,main,Formal_Lab,9,42,6,C,0.3,1,0.7143643213674633,False,
multinomial_logistic_regression,main,Formal_Lab,9,42,6,C,0.03,2,0.8217653438955045,False,
multinomial_logistic_regression,main,Formal_Lab,9,42,6,C,0.1,2,0.8225127780371311,True,
multinomial_logistic_regression,main,Formal_Lab,9,42,6,C,0.3,2,0.8192705578274122,False,
multinomial_logistic_regression,main,Formal_Lab,9,73,6,C,0.03,0,0.7686770462958512,False,
multinomial_logistic_regression,main,Formal_Lab,9,73,6,C,0.1,0,0.7682382622138366,True,
multinomial_logistic_regression,main,Formal_Lab,9,73,6,C,0.3,0,0.7703281269506089,False,
multinomial_logistic_regression,main,Formal_Lab,9,73,6,C,0.03,1,0.7884443754765296,False,
multinomial_logistic_regression,main,Formal_Lab,9,73,6,C,0.1,1,0.7848780731317484,True,
multinomial_logistic_regression,main,Formal_Lab,9,73,6,C,0.3,1,0.7805109507929041,False,
multinomial_logistic_regression,main,Formal_Lab,9,73,6,C,0.03,2,0.8265703094374761,False,
multinomial_logistic_regression,main,Formal_Lab,9,73,6,C,0.1,2,0.829868575437702,True,
multinomial_logistic_regression,main,Formal_Lab,9,73,6,C,0.3,2,0.8289658550863959,False,
multinomial_logistic_regression,main,Formal_Lab,9,17,12,C,0.03,0,0.7240766452936992,False,
multinomial_logistic_regression,main,Formal_Lab,9,17,12,C,0.1,0,0.7371889891600565,True,
multinomial_logistic_regression,main,Formal_Lab,9,17,12,C,0.3,0,0.7422563600482143,False,
multinomial_logistic_regression,main,Formal_Lab,9,17,12,C,0.03,1,0.8164422925116037,False,
multinomial_logistic_regression,main,Formal_Lab,9,17,12,C,0.1,1,0.8112935654183289,True,
multinomial_logistic_regression,main,Formal_Lab,9,17,12,C,0.3,1,0.807181122001761,False,
multinomial_logistic_regression,main,Formal_Lab,9,17,12,C,0.03,2,0.7699943315579695,False,
multinomial_logistic_regression,main,Formal_Lab,9,17,12,C,0.1,2,0.774328832995967,True,
multinomial_logistic_regression,main,Formal_Lab,9,17,12,C,0.3,2,0.7736664998507818,False,
multinomial_logistic_regression,main,Formal_Lab,9,42,12,C,0.03,0,0.7455737237637654,False,
multinomial_logistic_regression,main,Formal_Lab,9,42,12,C,0.1,0,0.7495332417232419,True,
multinomial_logistic_regression,main,Formal_Lab,9,42,12,C,0.3,0,0.7417206832342891,False,
multinomial_logistic_regression,main,Formal_Lab,9,42,12,C,0.03,1,0.7949941486850949,False,
multinomial_logistic_regression,main,Formal_Lab,9,42,12,C,0.1,1,0.7904181683273618,True,
multinomial_logistic_regression,main,Formal_Lab,9,42,12,C,0.3,1,0.7931550380264053,False,
multinomial_logistic_regression,main,Formal_Lab,9,42,12,C,0.03,2,0.7840921179985165,False,
multinomial_logistic_regression,main,Formal_Lab,9,42,12,C,0.1,2,0.7856309392825316,True,
multinomial_logistic_regression,main,Formal_Lab,9,42,12,C,0.3,2,0.7850484935184147,False,
multinomial_logistic_regression,main,Formal_Lab,9,73,12,C,0.03,0,0.8006777364397998,False,
multinomial_logistic_regression,main,Formal_Lab,9,73,12,C,0.1,0,0.7971479531739678,True,
multinomial_logistic_regression,main,Formal_Lab,9,73,12,C,0.3,0,0.7962758424086949,False,
multinomial_logistic_regression,main,Formal_Lab,9,73,12,C,0.03,1,0.829830899098924,False,
multinomial_logistic_regression,main,Formal_Lab,9,73,12,C,0.1,1,0.8298568977406954,True,
multinomial_logistic_regression,main,Formal_Lab,9,73,12,C,0.3,1,0.8293126824476231,False,
multinomial_logistic_regression,main,Formal_Lab,9,73,12,C,0.03,2,0.7480507121739497,False,
multinomial_logistic_regression,main,Formal_Lab,9,73,12,C,0.1,2,0.7646515109895895,True,
multinomial_logistic_regression,main,Formal_Lab,9,73,12,C,0.3,2,0.7643163602012941,False,
multinomial_logistic_regression,main,Formal_Lab,9,17,18,C,0.03,0,0.7734155079935042,False,
multinomial_logistic_regression,main,Formal_Lab,9,17,18,C,0.1,0,0.7808271528617553,False,
multinomial_logistic_regression,main,Formal_Lab,9,17,18,C,0.3,0,0.7819310386740264,True,
multinomial_logistic_regression,main,Formal_Lab,9,17,18,C,0.03,1,0.8009081520369042,False,
multinomial_logistic_regression,main,Formal_Lab,9,17,18,C,0.1,1,0.8008452413537688,False,
multinomial_logistic_regression,main,Formal_Lab,9,17,18,C,0.3,1,0.8014954938834854,True,
multinomial_logistic_regression,main,Formal_Lab,9,17,18,C,0.03,2,0.7934101462002833,False,
multinomial_logistic_regression,main,Formal_Lab,9,17,18,C,0.1,2,0.7925547733363927,False,
multinomial_logistic_regression,main,Formal_Lab,9,17,18,C,0.3,2,0.7970048494175345,True,
multinomial_logistic_regression,main,Formal_Lab,9,42,18,C,0.03,0,0.769470410425464,False,
multinomial_logistic_regression,main,Formal_Lab,9,42,18,C,0.1,0,0.7705808755145612,True,
multinomial_logistic_regression,main,Formal_Lab,9,42,18,C,0.3,0,0.7698679931031797,False,
multinomial_logistic_regression,main,Formal_Lab,9,42,18,C,0.03,1,0.7812549175992078,False,
multinomial_logistic_regression,main,Formal_Lab,9,42,18,C,0.1,1,0.7824947933827663,True,
multinomial_logistic_regression,main,Formal_Lab,9,42,18,C,0.3,1,0.7792220744338962,False,
multinomial_logistic_regression,main,Formal_Lab,9,42,18,C,0.03,2,0.800757079900956,False,
multinomial_logistic_regression,main,Formal_Lab,9,42,18,C,0.1,2,0.806452569004231,True,
multinomial_logistic_regression,main,Formal_Lab,9,42,18,C,0.3,2,0.8049545279070442,False,
multinomial_logistic_regression,main,Formal_Lab,9,73,18,C,0.03,0,0.7976079835248443,False,
multinomial_logistic_regression,main,Formal_Lab,9,73,18,C,0.1,0,0.7962550682049736,True,
multinomial_logistic_regression,main,Formal_Lab,9,73,18,C,0.3,0,0.7944024574317833,False,
multinomial_logistic_regression,main,Formal_Lab,9,73,18,C,0.03,1,0.8151988147016436,False,
multinomial_logistic_regression,main,Formal_Lab,9,73,18,C,0.1,1,0.8173889954022827,True,
multinomial_logistic_regression,main,Formal_Lab,9,73,18,C,0.3,1,0.8182707316333587,False,
multinomial_logistic_regression,main,Formal_Lab,9,73,18,C,0.03,2,0.7694874181020338,False,
multinomial_logistic_regression,main,Formal_Lab,9,73,18,C,0.1,2,0.7777461884989982,True,
multinomial_logistic_regression,main,Formal_Lab,9,73,18,C,0.3,2,0.7787123832201246,False,
multinomial_logistic_regression,matched,FL,0,17,18,C,0.03,0,0.6438512195105135,False,
multinomial_logistic_regression,matched,FL,0,17,18,C,0.1,0,0.6429337129602564,True,
multinomial_logistic_regression,matched,FL,0,17,18,C,0.3,0,0.6428026715088718,False,
multinomial_logistic_regression,matched,FL,0,17,18,C,0.03,1,0.6567708271190518,False,
multinomial_logistic_regression,matched,FL,0,17,18,C,0.1,1,0.6623306393231801,True,
multinomial_logistic_regression,matched,FL,0,17,18,C,0.3,1,0.6612798179433982,False,
multinomial_logistic_regression,matched,FL,0,17,18,C,0.03,2,0.5810439149415275,False,
multinomial_logistic_regression,matched,FL,0,17,18,C,0.1,2,0.5788594944944196,True,
multinomial_logistic_regression,matched,FL,0,17,18,C,0.3,2,0.5765960339852686,False,
multinomial_logistic_regression,matched,Formal_Lab,0,17,18,C,0.03,0,0.7685635744039688,True,
multinomial_logistic_regression,matched,Formal_Lab,0,17,18,C,0.1,0,0.7734386819109073,False,
multinomial_logistic_regression,matched,Formal_Lab,0,17,18,C,0.3,0,0.7786966785986243,False,
multinomial_logistic_regression,matched,Formal_Lab,0,17,18,C,0.03,1,0.8357673223514732,True,
multinomial_logistic_regression,matched,Formal_Lab,0,17,18,C,0.1,1,0.828572002966551,False,
multinomial_logistic_regression,matched,Formal_Lab,0,17,18,C,0.3,1,0.8238039890129434,False,
multinomial_logistic_regression,matched,Formal_Lab,0,17,18,C,0.03,2,0.772139976118055,True,
multinomial_logistic_regression,matched,Formal_Lab,0,17,18,C,0.1,2,0.7683596382275013,False,
multinomial_logistic_regression,matched,Formal_Lab,0,17,18,C,0.3,2,0.76803832672489,False,
multinomial_logistic_regression,matched,FL,1,17,18,C,0.03,0,0.594964398794426,True,
multinomial_logistic_regression,matched,FL,1,17,18,C,0.1,0,0.5921758418028762,False,
multinomial_logistic_regression,matched,FL,1,17,18,C,0.3,0,0.5825722884551239,False,
multinomial_logistic_regression,matched,FL,1,17,18,C,0.03,1,0.6501385359707147,True,
multinomial_logistic_regression,matched,FL,1,17,18,C,0.1,1,0.6537925549724032,False,
multinomial_logistic_regression,matched,FL,1,17,18,C,0.3,1,0.6508022275011657,False,
multinomial_logistic_regression,matched,FL,1,17,18,C,0.03,2,0.6470384498408698,True,
multinomial_logistic_regression,matched,FL,1,17,18,C,0.1,2,0.6420262442356619,False,
multinomial_logistic_regression,matched,FL,1,17,18,C,0.3,2,0.643549992550357,False,
multinomial_logistic_regression,matched,Formal_Lab,1,17,18,C,0.03,0,0.7839046687150204,True,
multinomial_logistic_regression,matched,Formal_Lab,1,17,18,C,0.1,0,0.7761440822634967,False,
multinomial_logistic_regression,matched,Formal_Lab,1,17,18,C,0.3,0,0.76686403143002,False,
multinomial_logistic_regression,matched,Formal_Lab,1,17,18,C,0.03,1,0.783917638956451,True,
multinomial_logistic_regression,matched,Formal_Lab,1,17,18,C,0.1,1,0.7891535792419365,False,
multinomial_logistic_regression,matched,Formal_Lab,1,17,18,C,0.3,1,0.7923045182175886,False,
multinomial_logistic_regression,matched,Formal_Lab,1,17,18,C,0.03,2,0.8329948940056058,True,
multinomial_logistic_regression,matched,Formal_Lab,1,17,18,C,0.1,2,0.8318910454253842,False,
multinomial_logistic_regression,matched,Formal_Lab,1,17,18,C,0.3,2,0.8355455665484576,False,
multinomial_logistic_regression,matched,FL,2,17,18,C,0.03,0,0.6404420806286327,True,
multinomial_logistic_regression,matched,FL,2,17,18,C,0.1,0,0.633075696984102,False,
multinomial_logistic_regression,matched,FL,2,17,18,C,0.3,0,0.6307039743712539,False,
multinomial_logistic_regression,matched,FL,2,17,18,C,0.03,1,0.6037199030800945,True,
multinomial_logistic_regression,matched,FL,2,17,18,C,0.1,1,0.6048514614276478,False,
multinomial_logistic_regression,matched,FL,2,17,18,C,0.3,1,0.6032576455613876,False,
multinomial_logistic_regression,matched,FL,2,17,18,C,0.03,2,0.642079497401807,True,
multinomial_logistic_regression,matched,FL,2,17,18,C,0.1,2,0.6414561851359283,False,
multinomial_logistic_regression,matched,FL,2,17,18,C,0.3,2,0.6414530275567132,False,
multinomial_logistic_regression,matched,Formal_Lab,2,17,18,C,0.03,0,0.7728768162564488,False,
multinomial_logistic_regression,matched,Formal_Lab,2,17,18,C,0.1,0,0.7712771422255461,True,
multinomial_logistic_regression,matched,Formal_Lab,2,17,18,C,0.3,0,0.7697378266070918,False,
multinomial_logistic_regression,matched,Formal_Lab,2,17,18,C,0.03,1,0.8321496524253322,False,
multinomial_logistic_regression,matched,Formal_Lab,2,17,18,C,0.1,1,0.8318416413706146,True,
multinomial_logistic_regression,matched,Formal_Lab,2,17,18,C,0.3,1,0.8313553437178337,False,
multinomial_logistic_regression,matched,Formal_Lab,2,17,18,C,0.03,2,0.7892701514062423,False,
multinomial_logistic_regression,matched,Formal_Lab,2,17,18,C,0.1,2,0.7914957696207235,True,
multinomial_logistic_regression,matched,Formal_Lab,2,17,18,C,0.3,2,0.78686641034636,False,
multinomial_logistic_regression,matched,FL,3,17,18,C,0.03,0,0.637457889041331,False,
multinomial_logistic_regression,matched,FL,3,17,18,C,0.1,0,0.6379950565363749,True,
multinomial_logistic_regression,matched,FL,3,17,18,C,0.3,0,0.6377194493584203,False,
multinomial_logistic_regression,matched,FL,3,17,18,C,0.03,1,0.6017730613240203,False,
multinomial_logistic_regression,matched,FL,3,17,18,C,0.1,1,0.6015683509992216,True,
multinomial_logistic_regression,matched,FL,3,17,18,C,0.3,1,0.6005734411876894,False,
multinomial_logistic_regression,matched,FL,3,17,18,C,0.03,2,0.6446249426628864,False,
multinomial_logistic_regression,matched,FL,3,17,18,C,0.1,2,0.6508871400838808,True,
multinomial_logistic_regression,matched,FL,3,17,18,C,0.3,2,0.6499541446187657,False,
multinomial_logistic_regression,matched,Formal_Lab,3,17,18,C,0.03,0,0.7799578375768593,False,
multinomial_logistic_regression,matched,Formal_Lab,3,17,18,C,0.1,0,0.7802924084939926,False,
multinomial_logistic_regression,matched,Formal_Lab,3,17,18,C,0.3,0,0.7802298301907541,True,
multinomial_logistic_regression,matched,Formal_Lab,3,17,18,C,0.03,1,0.7946741587297773,False,
multinomial_logistic_regression,matched,Formal_Lab,3,17,18,C,0.1,1,0.7900712999854322,False,
multinomial_logistic_regression,matched,Formal_Lab,3,17,18,C,0.3,1,0.7913348784764974,True,
multinomial_logistic_regression,matched,Formal_Lab,3,17,18,C,0.03,2,0.776736043751475,False,
multinomial_logistic_regression,matched,Formal_Lab,3,17,18,C,0.1,2,0.7844208916064757,False,
multinomial_logistic_regression,matched,Formal_Lab,3,17,18,C,0.3,2,0.7879212397362872,True,
multinomial_logistic_regression,matched,FL,4,17,18,C,0.03,0,0.5934964639914652,False,
multinomial_logistic_regression,matched,FL,4,17,18,C,0.1,0,0.5980470593597849,True,
multinomial_logistic_regression,matched,FL,4,17,18,C,0.3,0,0.5993768616418562,False,
multinomial_logistic_regression,matched,FL,4,17,18,C,0.03,1,0.6292015993748745,False,
multinomial_logistic_regression,matched,FL,4,17,18,C,0.1,1,0.6245300882672824,True,
multinomial_logistic_regression,matched,FL,4,17,18,C,0.3,1,0.6158136245730464,False,
multinomial_logistic_regression,matched,FL,4,17,18,C,0.03,2,0.6607469204920845,False,
multinomial_logistic_regression,matched,FL,4,17,18,C,0.1,2,0.6584803921818884,True,
multinomial_logistic_regression,matched,FL,4,17,18,C,0.3,2,0.6552726644562199,False,
multinomial_logistic_regression,matched,Formal_Lab,4,17,18,C,0.03,0,0.8228920660075532,False,
multinomial_logistic_regression,matched,Formal_Lab,4,17,18,C,0.1,0,0.8202448434945002,False,
multinomial_logistic_regression,matched,Formal_Lab,4,17,18,C,0.3,0,0.8215828437463304,True,
multinomial_logistic_regression,matched,Formal_Lab,4,17,18,C,0.03,1,0.7380195511364268,False,
multinomial_logistic_regression,matched,Formal_Lab,4,17,18,C,0.1,1,0.7419909954685773,False,
multinomial_logistic_regression,matched,Formal_Lab,4,17,18,C,0.3,1,0.7454605236987034,True,
multinomial_logistic_regression,matched,Formal_Lab,4,17,18,C,0.03,2,0.8020814941481863,False,
multinomial_logistic_regression,matched,Formal_Lab,4,17,18,C,0.1,2,0.8011062991731679,False,
multinomial_logistic_regression,matched,Formal_Lab,4,17,18,C,0.3,2,0.8036501553154868,True,
multinomial_logistic_regression,matched,FL,5,17,18,C,0.03,0,0.6411002271595668,True,
multinomial_logistic_regression,matched,FL,5,17,18,C,0.1,0,0.647114881940197,False,
multinomial_logistic_regression,matched,FL,5,17,18,C,0.3,0,0.6498221384795969,False,
multinomial_logistic_regression,matched,FL,5,17,18,C,0.03,1,0.6007439422658868,True,
multinomial_logistic_regression,matched,FL,5,17,18,C,0.1,1,0.5951206572631715,False,
multinomial_logistic_regression,matched,FL,5,17,18,C,0.3,1,0.5904270038200263,False,
multinomial_logistic_regression,matched,FL,5,17,18,C,0.03,2,0.6552813568469996,True,
multinomial_logistic_regression,matched,FL,5,17,18,C,0.1,2,0.6509937394120859,False,
multinomial_logistic_regression,matched,FL,5,17,18,C,0.3,2,0.6537877048806382,False,
multinomial_logistic_regression,matched,Formal_Lab,5,17,18,C,0.03,0,0.822252261351789,False,
multinomial_logistic_regression,matched,Formal_Lab,5,17,18,C,0.1,0,0.825139978000106,True,
multinomial_logistic_regression,matched,Formal_Lab,5,17,18,C,0.3,0,0.8236713140754658,False,
multinomial_logistic_regression,matched,Formal_Lab,5,17,18,C,0.03,1,0.7772269137471396,False,
multinomial_logistic_regression,matched,Formal_Lab,5,17,18,C,0.1,1,0.7745329184331058,True,
multinomial_logistic_regression,matched,Formal_Lab,5,17,18,C,0.3,1,0.7717898490961274,False,
multinomial_logistic_regression,matched,Formal_Lab,5,17,18,C,0.03,2,0.8020069143890907,False,
multinomial_logistic_regression,matched,Formal_Lab,5,17,18,C,0.1,2,0.8002545229812368,True,
multinomial_logistic_regression,matched,Formal_Lab,5,17,18,C,0.3,2,0.7990080056419998,False,
multinomial_logistic_regression,matched,FL,6,17,18,C,0.03,0,0.6427897826605772,False,
multinomial_logistic_regression,matched,FL,6,17,18,C,0.1,0,0.6416435609942202,True,
multinomial_logistic_regression,matched,FL,6,17,18,C,0.3,0,0.638785291709315,False,
multinomial_logistic_regression,matched,FL,6,17,18,C,0.03,1,0.59293391273916,False,
multinomial_logistic_regression,matched,FL,6,17,18,C,0.1,1,0.5913086782682712,True,
multinomial_logistic_regression,matched,FL,6,17,18,C,0.3,1,0.5875204065050743,False,
multinomial_logistic_regression,matched,FL,6,17,18,C,0.03,2,0.6400045385745629,False,
multinomial_logistic_regression,matched,FL,6,17,18,C,0.1,2,0.6403194761877541,True,
multinomial_logistic_regression,matched,FL,6,17,18,C,0.3,2,0.6425994531432567,False,
multinomial_logistic_regression,matched,Formal_Lab,6,17,18,C,0.03,0,0.7979282259211188,False,
multinomial_logistic_regression,matched,Formal_Lab,6,17,18,C,0.1,0,0.7924215323422644,True,
multinomial_logistic_regression,matched,Formal_Lab,6,17,18,C,0.3,0,0.7896962391730642,False,
multinomial_logistic_regression,matched,Formal_Lab,6,17,18,C,0.03,1,0.7416600679049781,False,
multinomial_logistic_regression,matched,Formal_Lab,6,17,18,C,0.1,1,0.742982306890263,True,
multinomial_logistic_regression,matched,Formal_Lab,6,17,18,C,0.3,1,0.7449866014034195,False,
multinomial_logistic_regression,matched,Formal_Lab,6,17,18,C,0.03,2,0.7959651958117068,False,
multinomial_logistic_regression,matched,Formal_Lab,6,17,18,C,0.1,2,0.7988209133734117,True,
multinomial_logistic_regression,matched,Formal_Lab,6,17,18,C,0.3,2,0.7956481224443102,False,
multinomial_logistic_regression,matched,FL,7,17,18,C,0.03,0,0.6375592717964021,False,
multinomial_logistic_regression,matched,FL,7,17,18,C,0.1,0,0.6384611989641988,False,
multinomial_logistic_regression,matched,FL,7,17,18,C,0.3,0,0.6378711609329509,True,
multinomial_logistic_regression,matched,FL,7,17,18,C,0.03,1,0.6561111235023889,False,
multinomial_logistic_regression,matched,FL,7,17,18,C,0.1,1,0.6540305080177341,False,
multinomial_logistic_regression,matched,FL,7,17,18,C,0.3,1,0.6624352757773236,True,
multinomial_logistic_regression,matched,FL,7,17,18,C,0.03,2,0.657283806209566,False,
multinomial_logistic_regression,matched,FL,7,17,18,C,0.1,2,0.6576124062635693,False,
multinomial_logistic_regression,matched,FL,7,17,18,C,0.3,2,0.6615741940456025,True,
multinomial_logistic_regression,matched,Formal_Lab,7,17,18,C,0.03,0,0.7694192678611023,True,
multinomial_logistic_regression,matched,Formal_Lab,7,17,18,C,0.1,0,0.7642336815002793,False,
multinomial_logistic_regression,matched,Formal_Lab,7,17,18,C,0.3,0,0.7627448921138678,False,
multinomial_logistic_regression,matched,Formal_Lab,7,17,18,C,0.03,1,0.7706059183910349,True,
multinomial_logistic_regression,matched,Formal_Lab,7,17,18,C,0.1,1,0.7720307310234221,False,
multinomial_logistic_regression,matched,Formal_Lab,7,17,18,C,0.3,1,0.7733174667315202,False,
multinomial_logistic_regression,matched,Formal_Lab,7,17,18,C,0.03,2,0.8197904753985159,True,
multinomial_logistic_regression,matched,Formal_Lab,7,17,18,C,0.1,2,0.8201560947994658,False,
multinomial_logistic_regression,matched,Formal_Lab,7,17,18,C,0.3,2,0.8177172912214936,False,
multinomial_logistic_regression,matched,FL,8,17,18,C,0.03,0,0.6417995491821756,False,
multinomial_logistic_regression,matched,FL,8,17,18,C,0.1,0,0.6412642071901352,True,
multinomial_logistic_regression,matched,FL,8,17,18,C,0.3,0,0.6432826337364347,False,
multinomial_logistic_regression,matched,FL,8,17,18,C,0.03,1,0.5928921264759849,False,
multinomial_logistic_regression,matched,FL,8,17,18,C,0.1,1,0.5905369862923555,True,
multinomial_logistic_regression,matched,FL,8,17,18,C,0.3,1,0.5902146847514249,False,
multinomial_logistic_regression,matched,FL,8,17,18,C,0.03,2,0.6600480798754716,False,
multinomial_logistic_regression,matched,FL,8,17,18,C,0.1,2,0.6619158406995826,True,
multinomial_logistic_regression,matched,FL,8,17,18,C,0.3,2,0.6559645544205666,False,
multinomial_logistic_regression,matched,Formal_Lab,8,17,18,C,0.03,0,0.7719133671432111,False,
multinomial_logistic_regression,matched,Formal_Lab,8,17,18,C,0.1,0,0.77641287734031,True,
multinomial_logistic_regression,matched,Formal_Lab,8,17,18,C,0.3,0,0.7744740168378424,False,
multinomial_logistic_regression,matched,Formal_Lab,8,17,18,C,0.03,1,0.7989184858745192,False,
multinomial_logistic_regression,matched,Formal_Lab,8,17,18,C,0.1,1,0.797735537179272,True,
multinomial_logistic_regression,matched,Formal_Lab,8,17,18,C,0.3,1,0.7973765824123381,False,
multinomial_logistic_regression,matched,Formal_Lab,8,17,18,C,0.03,2,0.8068196963698008,False,
multinomial_logistic_regression,matched,Formal_Lab,8,17,18,C,0.1,2,0.8020254050679343,True,
multinomial_logistic_regression,matched,Formal_Lab,8,17,18,C,0.3,2,0.8041126044218311,False,
multinomial_logistic_regression,matched,FL,9,17,18,C,0.03,0,0.5604038532010591,False,
multinomial_logistic_regression,matched,FL,9,17,18,C,0.1,0,0.5575572638036288,True,
multinomial_logistic_regression,matched,FL,9,17,18,C,0.3,0,0.5598787801515611,False,
multinomial_logistic_regression,matched,FL,9,17,18,C,0.03,1,0.6246768364166458,False,
multinomial_logistic_regression,matched,FL,9,17,18,C,0.1,1,0.6277677966141725,True,
multinomial_logistic_regression,matched,FL,9,17,18,C,0.3,1,0.6265277912530859,False,
multinomial_logistic_regression,matched,FL,9,17,18,C,0.03,2,0.6616570101604993,False,
multinomial_logistic_regression,matched,FL,9,17,18,C,0.1,2,0.6707181068734608,True,
multinomial_logistic_regression,matched,FL,9,17,18,C,0.3,2,0.6670246280022348,False,
multinomial_logistic_regression,matched,Formal_Lab,9,17,18,C,0.03,0,0.7734155079935042,False,
multinomial_logistic_regression,matched,Formal_Lab,9,17,18,C,0.1,0,0.7805221638050143,False,
multinomial_logistic_regression,matched,Formal_Lab,9,17,18,C,0.3,0,0.7812703915285039,True,
multinomial_logistic_regression,matched,Formal_Lab,9,17,18,C,0.03,1,0.8009081520369042,False,
multinomial_logistic_regression,matched,Formal_Lab,9,17,18,C,0.1,1,0.8008452413537688,False,
multinomial_logistic_regression,matched,Formal_Lab,9,17,18,C,0.3,1,0.8016238636333429,True,
multinomial_logistic_regression,matched,Formal_Lab,9,17,18,C,0.03,2,0.7934101462002833,False,
multinomial_logistic_regression,matched,Formal_Lab,9,17,18,C,0.1,2,0.7925547733363927,False,
multinomial_logistic_regression,matched,Formal_Lab,9,17,18,C,0.3,2,0.797391161312857,True,
