model,analysis,training_domain,outer_fold,subset_seed,subset_size,hyperparameter_name,hyperparameter_value,inner_fold,participant_balanced_validation_macro_f1,selected,best_epoch
lightgbm,main,FL,0,17,6,num_leaves,63,0,0.6338561895499449,True,
lightgbm,main,FL,0,17,6,num_leaves,127,0,0.6346496297631268,False,
lightgbm,main,FL,0,17,6,num_leaves,255,0,0.6276846091976233,False,
lightgbm,main,FL,0,17,6,num_leaves,511,0,0.6173694795725242,False,
lightgbm,main,FL,0,17,6,num_leaves,63,1,0.6002660582336807,True,
lightgbm,main,FL,0,17,6,num_leaves,127,1,0.60883902010764,False,
lightgbm,main,FL,0,17,6,num_leaves,255,1,0.6108083915764386,False,
lightgbm,main,FL,0,17,6,num_leaves,511,1,0.6050775976823846,False,
lightgbm,main,FL,0,17,6,num_leaves,63,2,0.6828740552168995,True,
lightgbm,main,FL,0,17,6,num_leaves,127,2,0.670427588245345,False,
lightgbm,main,FL,0,17,6,num_leaves,255,2,0.6602205937579091,False,
lightgbm,main,FL,0,17,6,num_leaves,511,2,0.652211095497515,False,
lightgbm,main,FL,0,42,6,num_leaves,63,0,0.6033095438355394,True,
lightgbm,main,FL,0,42,6,num_leaves,127,0,0.5995773129026727,False,
lightgbm,main,FL,0,42,6,num_leaves,255,0,0.582818815896784,False,
lightgbm,main,FL,0,42,6,num_leaves,511,0,0.5638137522363004,False,
lightgbm,main,FL,0,42,6,num_leaves,63,1,0.4438398868802924,True,
lightgbm,main,FL,0,42,6,num_leaves,127,1,0.4441012695147306,False,
lightgbm,main,FL,0,42,6,num_leaves,255,1,0.4438916742261198,False,
lightgbm,main,FL,0,42,6,num_leaves,511,1,0.43990707041300814,False,
lightgbm,main,FL,0,42,6,num_leaves,63,2,0.602263300780481,True,
lightgbm,main,FL,0,42,6,num_leaves,127,2,0.5942088358996268,False,
lightgbm,main,FL,0,42,6,num_leaves,255,2,0.5768797189937747,False,
lightgbm,main,FL,0,42,6,num_leaves,511,2,0.5522708285535998,False,
lightgbm,main,FL,0,73,6,num_leaves,63,0,0.5899093977607606,False,
lightgbm,main,FL,0,73,6,num_leaves,127,0,0.5842899343884635,True,
lightgbm,main,FL,0,73,6,num_leaves,255,0,0.5740617612659612,False,
lightgbm,main,FL,0,73,6,num_leaves,511,0,0.5619461538871453,False,
lightgbm,main,FL,0,73,6,num_leaves,63,1,0.42952073331469387,False,
lightgbm,main,FL,0,73,6,num_leaves,127,1,0.4337357449541498,True,
lightgbm,main,FL,0,73,6,num_leaves,255,1,0.4383740794244897,False,
lightgbm,main,FL,0,73,6,num_leaves,511,1,0.43862077059132754,False,
lightgbm,main,FL,0,73,6,num_leaves,63,2,0.5925592649920315,False,
lightgbm,main,FL,0,73,6,num_leaves,127,2,0.5987056957423792,True,
lightgbm,main,FL,0,73,6,num_leaves,255,2,0.5969146319567498,False,
lightgbm,main,FL,0,73,6,num_leaves,511,2,0.5846033739017926,False,
lightgbm,main,FL,0,17,12,num_leaves,63,0,0.6205335205079916,False,
lightgbm,main,FL,0,17,12,num_leaves,127,0,0.6298355209499604,True,
lightgbm,main,FL,0,17,12,num_leaves,255,0,0.6223145411291847,False,
lightgbm,main,FL,0,17,12,num_leaves,511,0,0.6126604250056134,False,
lightgbm,main,FL,0,17,12,num_leaves,63,1,0.602214405626676,False,
lightgbm,main,FL,0,17,12,num_leaves,127,1,0.6245244858290899,True,
lightgbm,main,FL,0,17,12,num_leaves,255,1,0.6430854100450786,False,
lightgbm,main,FL,0,17,12,num_leaves,511,1,0.6534095282270487,False,
lightgbm,main,FL,0,17,12,num_leaves,63,2,0.5624688221133429,False,
lightgbm,main,FL,0,17,12,num_leaves,127,2,0.5598165034649489,True,
lightgbm,main,FL,0,17,12,num_leaves,255,2,0.5475307666643888,False,
lightgbm,main,FL,0,17,12,num_leaves,511,2,0.5387702196049806,False,
lightgbm,main,FL,0,42,12,num_leaves,63,0,0.5959499641734852,False,
lightgbm,main,FL,0,42,12,num_leaves,127,0,0.6058945447103241,False,
lightgbm,main,FL,0,42,12,num_leaves,255,0,0.6159163901298746,True,
lightgbm,main,FL,0,42,12,num_leaves,511,0,0.6154675653110975,False,
lightgbm,main,FL,0,42,12,num_leaves,63,1,0.5163092456164258,False,
lightgbm,main,FL,0,42,12,num_leaves,127,1,0.5236149389076443,False,
lightgbm,main,FL,0,42,12,num_leaves,255,1,0.5285868427538103,True,
lightgbm,main,FL,0,42,12,num_leaves,511,1,0.5276950685750169,False,
lightgbm,main,FL,0,42,12,num_leaves,63,2,0.606132225219713,False,
lightgbm,main,FL,0,42,12,num_leaves,127,2,0.6160244045218969,False,
lightgbm,main,FL,0,42,12,num_leaves,255,2,0.6141217360477876,True,
lightgbm,main,FL,0,42,12,num_leaves,511,2,0.5975696475934339,False,
lightgbm,main,FL,0,73,12,num_leaves,63,0,0.6015407622247066,False,
lightgbm,main,FL,0,73,12,num_leaves,127,0,0.6128210636425784,True,
lightgbm,main,FL,0,73,12,num_leaves,255,0,0.6155865089665911,False,
lightgbm,main,FL,0,73,12,num_leaves,511,0,0.6123053884639172,False,
lightgbm,main,FL,0,73,12,num_leaves,63,1,0.5236376063721702,False,
lightgbm,main,FL,0,73,12,num_leaves,127,1,0.5297974971584265,True,
lightgbm,main,FL,0,73,12,num_leaves,255,1,0.5335847887289616,False,
lightgbm,main,FL,0,73,12,num_leaves,511,1,0.531368248987323,False,
lightgbm,main,FL,0,73,12,num_leaves,63,2,0.6091732696452252,False,
lightgbm,main,FL,0,73,12,num_leaves,127,2,0.6109758001070781,True,
lightgbm,main,FL,0,73,12,num_leaves,255,2,0.6031492234007034,False,
lightgbm,main,FL,0,73,12,num_leaves,511,2,0.6011691753573634,False,
lightgbm,main,FL,0,17,18,num_leaves,63,0,0.6096060321645032,False,
lightgbm,main,FL,0,17,18,num_leaves,127,0,0.6173880503185935,False,
lightgbm,main,FL,0,17,18,num_leaves,255,0,0.6241122037759814,True,
lightgbm,main,FL,0,17,18,num_leaves,511,0,0.6236991775060224,False,
lightgbm,main,FL,0,17,18,num_leaves,63,1,0.6099934804865427,False,
lightgbm,main,FL,0,17,18,num_leaves,127,1,0.6223167818288838,False,
lightgbm,main,FL,0,17,18,num_leaves,255,1,0.6419129346208053,True,
lightgbm,main,FL,0,17,18,num_leaves,511,1,0.6508571173270383,False,
lightgbm,main,FL,0,17,18,num_leaves,63,2,0.5805582738683328,False,
lightgbm,main,FL,0,17,18,num_leaves,127,2,0.5823053774813318,False,
lightgbm,main,FL,0,17,18,num_leaves,255,2,0.5789672561281044,True,
lightgbm,main,FL,0,17,18,num_leaves,511,2,0.567072767676879,False,
lightgbm,main,FL,0,42,18,num_leaves,63,0,0.6043604046167864,False,
lightgbm,main,FL,0,42,18,num_leaves,127,0,0.6153794320836578,False,
lightgbm,main,FL,0,42,18,num_leaves,255,0,0.6241757753014839,False,
lightgbm,main,FL,0,42,18,num_leaves,511,0,0.625578686742197,True,
lightgbm,main,FL,0,42,18,num_leaves,63,1,0.5636158378215482,False,
lightgbm,main,FL,0,42,18,num_leaves,127,1,0.5749060411926156,False,
lightgbm,main,FL,0,42,18,num_leaves,255,1,0.5858716467876944,False,
lightgbm,main,FL,0,42,18,num_leaves,511,1,0.5914622214485902,True,
lightgbm,main,FL,0,42,18,num_leaves,63,2,0.6003475831362007,False,
lightgbm,main,FL,0,42,18,num_leaves,127,2,0.6067355612252535,False,
lightgbm,main,FL,0,42,18,num_leaves,255,2,0.6060008137573484,False,
lightgbm,main,FL,0,42,18,num_leaves,511,2,0.6011893623117436,True,
lightgbm,main,FL,0,73,18,num_leaves,63,0,0.627904399406419,False,
lightgbm,main,FL,0,73,18,num_leaves,127,0,0.6403179515850775,False,
lightgbm,main,FL,0,73,18,num_leaves,255,0,0.6534749679637568,False,
lightgbm,main,FL,0,73,18,num_leaves,511,0,0.6619193396745104,True,
lightgbm,main,FL,0,73,18,num_leaves,63,1,0.5504061783571876,False,
lightgbm,main,FL,0,73,18,num_leaves,127,1,0.5606368329139172,False,
lightgbm,main,FL,0,73,18,num_leaves,255,1,0.5685134361772309,False,
lightgbm,main,FL,0,73,18,num_leaves,511,1,0.5713062403820427,True,
lightgbm,main,FL,0,73,18,num_leaves,63,2,0.6213684061580016,False,
lightgbm,main,FL,0,73,18,num_leaves,127,2,0.6274558859752583,False,
lightgbm,main,FL,0,73,18,num_leaves,255,2,0.6317539638236113,False,
lightgbm,main,FL,0,73,18,num_leaves,511,2,0.6278704734322663,True,
lightgbm,main,Formal_Lab,0,17,6,num_leaves,63,0,0.746451906033405,True,
lightgbm,main,Formal_Lab,0,17,6,num_leaves,127,0,0.7527255088658273,False,
lightgbm,main,Formal_Lab,0,17,6,num_leaves,255,0,0.7527255088658273,False,
lightgbm,main,Formal_Lab,0,17,6,num_leaves,511,0,0.7527255088658273,False,
lightgbm,main,Formal_Lab,0,17,6,num_leaves,63,1,0.7456073646383056,True,
lightgbm,main,Formal_Lab,0,17,6,num_leaves,127,1,0.7318960190757323,False,
lightgbm,main,Formal_Lab,0,17,6,num_leaves,255,1,0.7318960190757323,False,
lightgbm,main,Formal_Lab,0,17,6,num_leaves,511,1,0.7318960190757323,False,
lightgbm,main,Formal_Lab,0,17,6,num_leaves,63,2,0.83481498142734,True,
lightgbm,main,Formal_Lab,0,17,6,num_leaves,127,2,0.8362987967550544,False,
lightgbm,main,Formal_Lab,0,17,6,num_leaves,255,2,0.8362987967550544,False,
lightgbm,main,Formal_Lab,0,17,6,num_leaves,511,2,0.8362987967550544,False,
lightgbm,main,Formal_Lab,0,42,6,num_leaves,63,0,0.7927923107671659,False,
lightgbm,main,Formal_Lab,0,42,6,num_leaves,127,0,0.7897354550291528,True,
lightgbm,main,Formal_Lab,0,42,6,num_leaves,255,0,0.7897354550291528,False,
lightgbm,main,Formal_Lab,0,42,6,num_leaves,511,0,0.7897354550291528,False,
lightgbm,main,Formal_Lab,0,42,6,num_leaves,63,1,0.7433293772112085,False,
lightgbm,main,Formal_Lab,0,42,6,num_leaves,127,1,0.7461394053427457,True,
lightgbm,main,Formal_Lab,0,42,6,num_leaves,255,1,0.7461394053427457,False,
lightgbm,main,Formal_Lab,0,42,6,num_leaves,511,1,0.7461394053427457,False,
lightgbm,main,Formal_Lab,0,42,6,num_leaves,63,2,0.7347586970283838,False,
lightgbm,main,Formal_Lab,0,42,6,num_leaves,127,2,0.737978093827385,True,
lightgbm,main,Formal_Lab,0,42,6,num_leaves,255,2,0.737978093827385,False,
lightgbm,main,Formal_Lab,0,42,6,num_leaves,511,2,0.737978093827385,False,
lightgbm,main,Formal_Lab,0,73,6,num_leaves,63,0,0.83026694786897,True,
lightgbm,main,Formal_Lab,0,73,6,num_leaves,127,0,0.8278414335315882,False,
lightgbm,main,Formal_Lab,0,73,6,num_leaves,255,0,0.8278414335315882,False,
lightgbm,main,Formal_Lab,0,73,6,num_leaves,511,0,0.8278414335315882,False,
lightgbm,main,Formal_Lab,0,73,6,num_leaves,63,1,0.7705182721974848,True,
lightgbm,main,Formal_Lab,0,73,6,num_leaves,127,1,0.7693046985028416,False,
lightgbm,main,Formal_Lab,0,73,6,num_leaves,255,1,0.7693046985028416,False,
lightgbm,main,Formal_Lab,0,73,6,num_leaves,511,1,0.7693046985028416,False,
lightgbm,main,Formal_Lab,0,73,6,num_leaves,63,2,0.7828740912173449,True,
lightgbm,main,Formal_Lab,0,73,6,num_leaves,127,2,0.7818398943957121,False,
lightgbm,main,Formal_Lab,0,73,6,num_leaves,255,2,0.7818398943957121,False,
lightgbm,main,Formal_Lab,0,73,6,num_leaves,511,2,0.7818398943957121,False,
lightgbm,main,Formal_Lab,0,17,12,num_leaves,63,0,0.746401107826803,False,
lightgbm,main,Formal_Lab,0,17,12,num_leaves,127,0,0.7477515690029086,False,
lightgbm,main,Formal_Lab,0,17,12,num_leaves,255,0,0.7542282681468626,True,
lightgbm,main,Formal_Lab,0,17,12,num_leaves,511,0,0.7542282681468626,False,
lightgbm,main,Formal_Lab,0,17,12,num_leaves,63,1,0.8155083618155818,False,
lightgbm,main,Formal_Lab,0,17,12,num_leaves,127,1,0.8140186053954044,False,
lightgbm,main,Formal_Lab,0,17,12,num_leaves,255,1,0.8177840855591556,True,
lightgbm,main,Formal_Lab,0,17,12,num_leaves,511,1,0.8177840855591556,False,
lightgbm,main,Formal_Lab,0,17,12,num_leaves,63,2,0.8080482969653853,False,
lightgbm,main,Formal_Lab,0,17,12,num_leaves,127,2,0.8066397854705082,False,
lightgbm,main,Formal_Lab,0,17,12,num_leaves,255,2,0.8088988189516966,True,
lightgbm,main,Formal_Lab,0,17,12,num_leaves,511,2,0.8088988189516966,False,
lightgbm,main,Formal_Lab,0,42,12,num_leaves,63,0,0.8456112819272292,False,
lightgbm,main,Formal_Lab,0,42,12,num_leaves,127,0,0.8511673486513716,True,
lightgbm,main,Formal_Lab,0,42,12,num_leaves,255,0,0.8488011059226958,False,
lightgbm,main,Formal_Lab,0,42,12,num_leaves,511,0,0.8488011059226958,False,
lightgbm,main,Formal_Lab,0,42,12,num_leaves,63,1,0.8013741929412841,False,
lightgbm,main,Formal_Lab,0,42,12,num_leaves,127,1,0.8057371950146439,True,
lightgbm,main,Formal_Lab,0,42,12,num_leaves,255,1,0.8022168057680226,False,
lightgbm,main,Formal_Lab,0,42,12,num_leaves,511,1,0.8022168057680226,False,
lightgbm,main,Formal_Lab,0,42,12,num_leaves,63,2,0.8002965471630344,False,
lightgbm,main,Formal_Lab,0,42,12,num_leaves,127,2,0.796323273109389,True,
lightgbm,main,Formal_Lab,0,42,12,num_leaves,255,2,0.8013269872446691,False,
lightgbm,main,Formal_Lab,0,42,12,num_leaves,511,2,0.8013269872446691,False,
lightgbm,main,Formal_Lab,0,73,12,num_leaves,63,0,0.8442756056561498,False,
lightgbm,main,Formal_Lab,0,73,12,num_leaves,127,0,0.844253343700555,True,
lightgbm,main,Formal_Lab,0,73,12,num_leaves,255,0,0.8409368862197664,False,
lightgbm,main,Formal_Lab,0,73,12,num_leaves,511,0,0.8409368862197664,False,
lightgbm,main,Formal_Lab,0,73,12,num_leaves,63,1,0.7726797050870725,False,
lightgbm,main,Formal_Lab,0,73,12,num_leaves,127,1,0.7724669757262608,True,
lightgbm,main,Formal_Lab,0,73,12,num_leaves,255,1,0.7737450727563338,False,
lightgbm,main,Formal_Lab,0,73,12,num_leaves,511,1,0.7737450727563338,False,
lightgbm,main,Formal_Lab,0,73,12,num_leaves,63,2,0.798114924273527,False,
lightgbm,main,Formal_Lab,0,73,12,num_leaves,127,2,0.8025036267611378,True,
lightgbm,main,Formal_Lab,0,73,12,num_leaves,255,2,0.804129223191846,False,
lightgbm,main,Formal_Lab,0,73,12,num_leaves,511,2,0.804129223191846,False,
lightgbm,main,Formal_Lab,0,17,18,num_leaves,63,0,0.7906270811329256,False,
lightgbm,main,Formal_Lab,0,17,18,num_leaves,127,0,0.793892536696185,True,
lightgbm,main,Formal_Lab,0,17,18,num_leaves,255,0,0.7942597574077723,False,
lightgbm,main,Formal_Lab,0,17,18,num_leaves,511,0,0.7942597574077723,False,
lightgbm,main,Formal_Lab,0,17,18,num_leaves,63,1,0.8231976720992075,False,
lightgbm,main,Formal_Lab,0,17,18,num_leaves,127,1,0.831149500002037,True,
lightgbm,main,Formal_Lab,0,17,18,num_leaves,255,1,0.8320511951456665,False,
lightgbm,main,Formal_Lab,0,17,18,num_leaves,511,1,0.8320511951456665,False,
lightgbm,main,Formal_Lab,0,17,18,num_leaves,63,2,0.8055629804095396,False,
lightgbm,main,Formal_Lab,0,17,18,num_leaves,127,2,0.8095135159299823,True,
lightgbm,main,Formal_Lab,0,17,18,num_leaves,255,2,0.8049677329831809,False,
lightgbm,main,Formal_Lab,0,17,18,num_leaves,511,2,0.8049677329831809,False,
lightgbm,main,Formal_Lab,0,42,18,num_leaves,63,0,0.810120074130917,False,
lightgbm,main,Formal_Lab,0,42,18,num_leaves,127,0,0.8123728773124731,True,
lightgbm,main,Formal_Lab,0,42,18,num_leaves,255,0,0.8112184418626226,False,
lightgbm,main,Formal_Lab,0,42,18,num_leaves,511,0,0.8112184418626226,False,
lightgbm,main,Formal_Lab,0,42,18,num_leaves,63,1,0.7812033478998472,False,
lightgbm,main,Formal_Lab,0,42,18,num_leaves,127,1,0.7868324565475048,True,
lightgbm,main,Formal_Lab,0,42,18,num_leaves,255,1,0.7787169032233813,False,
lightgbm,main,Formal_Lab,0,42,18,num_leaves,511,1,0.7787169032233813,False,
lightgbm,main,Formal_Lab,0,42,18,num_leaves,63,2,0.8311271968183284,False,
lightgbm,main,Formal_Lab,0,42,18,num_leaves,127,2,0.8263725049178644,True,
lightgbm,main,Formal_Lab,0,42,18,num_leaves,255,2,0.8264708125594474,False,
lightgbm,main,Formal_Lab,0,42,18,num_leaves,511,2,0.8264708125594474,False,
lightgbm,main,Formal_Lab,0,73,18,num_leaves,63,0,0.8444488271475219,False,
lightgbm,main,Formal_Lab,0,73,18,num_leaves,127,0,0.846572738500999,True,
lightgbm,main,Formal_Lab,0,73,18,num_leaves,255,0,0.8427065890976105,False,
lightgbm,main,Formal_Lab,0,73,18,num_leaves,511,0,0.8427065890976105,False,
lightgbm,main,Formal_Lab,0,73,18,num_leaves,63,1,0.8301687748549785,False,
lightgbm,main,Formal_Lab,0,73,18,num_leaves,127,1,0.8354296742097839,True,
lightgbm,main,Formal_Lab,0,73,18,num_leaves,255,1,0.8369707950367965,False,
lightgbm,main,Formal_Lab,0,73,18,num_leaves,511,1,0.8369707950367965,False,
lightgbm,main,Formal_Lab,0,73,18,num_leaves,63,2,0.7962712126507244,False,
lightgbm,main,Formal_Lab,0,73,18,num_leaves,127,2,0.7987128146538551,True,
lightgbm,main,Formal_Lab,0,73,18,num_leaves,255,2,0.7917818504044796,False,
lightgbm,main,Formal_Lab,0,73,18,num_leaves,511,2,0.7917818504044796,False,
lightgbm,main,FL,1,17,6,num_leaves,63,0,0.6188447057616253,False,
lightgbm,main,FL,1,17,6,num_leaves,127,0,0.6183097021362889,False,
lightgbm,main,FL,1,17,6,num_leaves,255,0,0.6143778543776821,True,
lightgbm,main,FL,1,17,6,num_leaves,511,0,0.6034755705263534,False,
lightgbm,main,FL,1,17,6,num_leaves,63,1,0.59133361610527,False,
lightgbm,main,FL,1,17,6,num_leaves,127,1,0.60118076957303,False,
lightgbm,main,FL,1,17,6,num_leaves,255,1,0.6049676706962366,True,
lightgbm,main,FL,1,17,6,num_leaves,511,1,0.6003336101274013,False,
lightgbm,main,FL,1,17,6,num_leaves,63,2,0.5944048736039915,False,
lightgbm,main,FL,1,17,6,num_leaves,127,2,0.605339286472685,False,
lightgbm,main,FL,1,17,6,num_leaves,255,2,0.6062174698765295,True,
lightgbm,main,FL,1,17,6,num_leaves,511,2,0.6043819643933501,False,
lightgbm,main,FL,1,42,6,num_leaves,63,0,0.6530200632607875,False,
lightgbm,main,FL,1,42,6,num_leaves,127,0,0.6748244200529263,True,
lightgbm,main,FL,1,42,6,num_leaves,255,0,0.6832893591259952,False,
lightgbm,main,FL,1,42,6,num_leaves,511,0,0.687010635289941,False,
lightgbm,main,FL,1,42,6,num_leaves,63,1,0.6116083834988657,False,
lightgbm,main,FL,1,42,6,num_leaves,127,1,0.613121958326408,True,
lightgbm,main,FL,1,42,6,num_leaves,255,1,0.6059012983027364,False,
lightgbm,main,FL,1,42,6,num_leaves,511,1,0.6023066622018298,False,
lightgbm,main,FL,1,42,6,num_leaves,63,2,0.5608043308034079,False,
lightgbm,main,FL,1,42,6,num_leaves,127,2,0.5619422257380311,True,
lightgbm,main,FL,1,42,6,num_leaves,255,2,0.5583633223027182,False,
lightgbm,main,FL,1,42,6,num_leaves,511,2,0.5568413778374668,False,
lightgbm,main,FL,1,73,6,num_leaves,63,0,0.5441722518844424,False,
lightgbm,main,FL,1,73,6,num_leaves,127,0,0.5543460204339903,False,
lightgbm,main,FL,1,73,6,num_leaves,255,0,0.558550262649649,True,
lightgbm,main,FL,1,73,6,num_leaves,511,0,0.5597032720352448,False,
lightgbm,main,FL,1,73,6,num_leaves,63,1,0.5739713503509762,False,
lightgbm,main,FL,1,73,6,num_leaves,127,1,0.5808488724308398,False,
lightgbm,main,FL,1,73,6,num_leaves,255,1,0.5698826616193751,True,
lightgbm,main,FL,1,73,6,num_leaves,511,1,0.5637992185379903,False,
lightgbm,main,FL,1,73,6,num_leaves,63,2,0.5395397069807499,False,
lightgbm,main,FL,1,73,6,num_leaves,127,2,0.5628033785121755,False,
lightgbm,main,FL,1,73,6,num_leaves,255,2,0.5732574158291621,True,
lightgbm,main,FL,1,73,6,num_leaves,511,2,0.5763739398481776,False,
lightgbm,main,FL,1,17,12,num_leaves,63,0,0.505329844609195,False,
lightgbm,main,FL,1,17,12,num_leaves,127,0,0.5173933951789071,False,
lightgbm,main,FL,1,17,12,num_leaves,255,0,0.5232445274437586,True,
lightgbm,main,FL,1,17,12,num_leaves,511,0,0.5241393930141717,False,
lightgbm,main,FL,1,17,12,num_leaves,63,1,0.6119238390168039,False,
lightgbm,main,FL,1,17,12,num_leaves,127,1,0.6215039949061125,False,
lightgbm,main,FL,1,17,12,num_leaves,255,1,0.6183185834226322,True,
lightgbm,main,FL,1,17,12,num_leaves,511,1,0.6012978280977729,False,
lightgbm,main,FL,1,17,12,num_leaves,63,2,0.6171631834251623,False,
lightgbm,main,FL,1,17,12,num_leaves,127,2,0.6346466230069165,False,
lightgbm,main,FL,1,17,12,num_leaves,255,2,0.6452123235488163,True,
lightgbm,main,FL,1,17,12,num_leaves,511,2,0.6427098638522322,False,
lightgbm,main,FL,1,42,12,num_leaves,63,0,0.6132896835016542,False,
lightgbm,main,FL,1,42,12,num_leaves,127,0,0.6313896065428445,False,
lightgbm,main,FL,1,42,12,num_leaves,255,0,0.6510227071045843,True,
lightgbm,main,FL,1,42,12,num_leaves,511,0,0.6602737151277563,False,
lightgbm,main,FL,1,42,12,num_leaves,63,1,0.6332845336033377,False,
lightgbm,main,FL,1,42,12,num_leaves,127,1,0.63538246117566,False,
lightgbm,main,FL,1,42,12,num_leaves,255,1,0.6343924217708534,True,
lightgbm,main,FL,1,42,12,num_leaves,511,1,0.6282304494843982,False,
lightgbm,main,FL,1,42,12,num_leaves,63,2,0.5824126721061369,False,
lightgbm,main,FL,1,42,12,num_leaves,127,2,0.5848324076747483,False,
lightgbm,main,FL,1,42,12,num_leaves,255,2,0.5840207504571231,True,
lightgbm,main,FL,1,42,12,num_leaves,511,2,0.5768448029806623,False,
lightgbm,main,FL,1,73,12,num_leaves,63,0,0.6119036344611449,False,
lightgbm,main,FL,1,73,12,num_leaves,127,0,0.6212677918034173,False,
lightgbm,main,FL,1,73,12,num_leaves,255,0,0.6238722902005696,True,
lightgbm,main,FL,1,73,12,num_leaves,511,0,0.618390423408536,False,
lightgbm,main,FL,1,73,12,num_leaves,63,1,0.6187394862630037,False,
lightgbm,main,FL,1,73,12,num_leaves,127,1,0.6253832218657157,False,
lightgbm,main,FL,1,73,12,num_leaves,255,1,0.6303117632062074,True,
lightgbm,main,FL,1,73,12,num_leaves,511,1,0.6235133286318875,False,
lightgbm,main,FL,1,73,12,num_leaves,63,2,0.5797648999798792,False,
lightgbm,main,FL,1,73,12,num_leaves,127,2,0.5939863794385827,False,
lightgbm,main,FL,1,73,12,num_leaves,255,2,0.6099493635343117,True,
lightgbm,main,FL,1,73,12,num_leaves,511,2,0.6200764693278569,False,
lightgbm,main,FL,1,17,18,num_leaves,63,0,0.5345740835789359,False,
lightgbm,main,FL,1,17,18,num_leaves,127,0,0.550428068400832,False,
lightgbm,main,FL,1,17,18,num_leaves,255,0,0.5679694377596395,False,
lightgbm,main,FL,1,17,18,num_leaves,511,0,0.5777756068356982,True,
lightgbm,main,FL,1,17,18,num_leaves,63,1,0.636271078841608,False,
lightgbm,main,FL,1,17,18,num_leaves,127,1,0.6402259200021462,False,
lightgbm,main,FL,1,17,18,num_leaves,255,1,0.6400971111588427,False,
lightgbm,main,FL,1,17,18,num_leaves,511,1,0.6282686700934625,True,
lightgbm,main,FL,1,17,18,num_leaves,63,2,0.6069435429683815,False,
lightgbm,main,FL,1,17,18,num_leaves,127,2,0.6217681149904198,False,
lightgbm,main,FL,1,17,18,num_leaves,255,2,0.6342670454617827,False,
lightgbm,main,FL,1,17,18,num_leaves,511,2,0.6428685894706092,True,
lightgbm,main,FL,1,42,18,num_leaves,63,0,0.555328984149906,False,
lightgbm,main,FL,1,42,18,num_leaves,127,0,0.569070739049226,False,
lightgbm,main,FL,1,42,18,num_leaves,255,0,0.5830566816188821,False,
lightgbm,main,FL,1,42,18,num_leaves,511,0,0.5935051705602458,True,
lightgbm,main,FL,1,42,18,num_leaves,63,1,0.630623799711606,False,
lightgbm,main,FL,1,42,18,num_leaves,127,1,0.6348575878626549,False,
lightgbm,main,FL,1,42,18,num_leaves,255,1,0.6381520980243401,False,
lightgbm,main,FL,1,42,18,num_leaves,511,1,0.6273963127503704,True,
lightgbm,main,FL,1,42,18,num_leaves,63,2,0.600704482928928,False,
lightgbm,main,FL,1,42,18,num_leaves,127,2,0.6107229557998776,False,
lightgbm,main,FL,1,42,18,num_leaves,255,2,0.6159970049540956,False,
lightgbm,main,FL,1,42,18,num_leaves,511,2,0.6164451085459876,True,
lightgbm,main,FL,1,73,18,num_leaves,63,0,0.5547384688921793,False,
lightgbm,main,FL,1,73,18,num_leaves,127,0,0.5591667398744714,False,
lightgbm,main,FL,1,73,18,num_leaves,255,0,0.5617981627805396,False,
lightgbm,main,FL,1,73,18,num_leaves,511,0,0.5621092839243583,True,
lightgbm,main,FL,1,73,18,num_leaves,63,1,0.6243480493590736,False,
lightgbm,main,FL,1,73,18,num_leaves,127,1,0.6307341430329613,False,
lightgbm,main,FL,1,73,18,num_leaves,255,1,0.6380039111502452,False,
lightgbm,main,FL,1,73,18,num_leaves,511,1,0.6328416460656056,True,
lightgbm,main,FL,1,73,18,num_leaves,63,2,0.5916979883455936,False,
lightgbm,main,FL,1,73,18,num_leaves,127,2,0.6095328592053768,False,
lightgbm,main,FL,1,73,18,num_leaves,255,2,0.630217153087055,False,
lightgbm,main,FL,1,73,18,num_leaves,511,2,0.646305952148097,True,
lightgbm,main,Formal_Lab,1,17,6,num_leaves,63,0,0.7035430588707686,False,
lightgbm,main,Formal_Lab,1,17,6,num_leaves,127,0,0.7070966600944375,True,
lightgbm,main,Formal_Lab,1,17,6,num_leaves,255,0,0.7070966600944375,False,
lightgbm,main,Formal_Lab,1,17,6,num_leaves,511,0,0.7070966600944375,False,
lightgbm,main,Formal_Lab,1,17,6,num_leaves,63,1,0.7472973836032208,False,
lightgbm,main,Formal_Lab,1,17,6,num_leaves,127,1,0.744197233926321,True,
lightgbm,main,Formal_Lab,1,17,6,num_leaves,255,1,0.744197233926321,False,
lightgbm,main,Formal_Lab,1,17,6,num_leaves,511,1,0.744197233926321,False,
lightgbm,main,Formal_Lab,1,17,6,num_leaves,63,2,0.7946986199480801,False,
lightgbm,main,Formal_Lab,1,17,6,num_leaves,127,2,0.8077353104247447,True,
lightgbm,main,Formal_Lab,1,17,6,num_leaves,255,2,0.8077353104247447,False,
lightgbm,main,Formal_Lab,1,17,6,num_leaves,511,2,0.8077353104247447,False,
lightgbm,main,Formal_Lab,1,42,6,num_leaves,63,0,0.7843569349932646,False,
lightgbm,main,Formal_Lab,1,42,6,num_leaves,127,0,0.7844282873179163,True,
lightgbm,main,Formal_Lab,1,42,6,num_leaves,255,0,0.7844282873179163,False,
lightgbm,main,Formal_Lab,1,42,6,num_leaves,511,0,0.7844282873179163,False,
lightgbm,main,Formal_Lab,1,42,6,num_leaves,63,1,0.8038505981111328,False,
lightgbm,main,Formal_Lab,1,42,6,num_leaves,127,1,0.8092048801668474,True,
lightgbm,main,Formal_Lab,1,42,6,num_leaves,255,1,0.8092048801668474,False,
lightgbm,main,Formal_Lab,1,42,6,num_leaves,511,1,0.8092048801668474,False,
lightgbm,main,Formal_Lab,1,42,6,num_leaves,63,2,0.7434932544694515,False,
lightgbm,main,Formal_Lab,1,42,6,num_leaves,127,2,0.7460115001071848,True,
lightgbm,main,Formal_Lab,1,42,6,num_leaves,255,2,0.7460115001071848,False,
lightgbm,main,Formal_Lab,1,42,6,num_leaves,511,2,0.7460115001071848,False,
lightgbm,main,Formal_Lab,1,73,6,num_leaves,63,0,0.7331831927413868,False,
lightgbm,main,Formal_Lab,1,73,6,num_leaves,127,0,0.7331831927413868,True,
lightgbm,main,Formal_Lab,1,73,6,num_leaves,255,0,0.7331831927413868,False,
lightgbm,main,Formal_Lab,1,73,6,num_leaves,511,0,0.7331831927413868,False,
lightgbm,main,Formal_Lab,1,73,6,num_leaves,63,1,0.7376230132694601,False,
lightgbm,main,Formal_Lab,1,73,6,num_leaves,127,1,0.7522924085810402,True,
lightgbm,main,Formal_Lab,1,73,6,num_leaves,255,1,0.7522924085810402,False,
lightgbm,main,Formal_Lab,1,73,6,num_leaves,511,1,0.7522924085810402,False,
lightgbm,main,Formal_Lab,1,73,6,num_leaves,63,2,0.7737848642873222,False,
lightgbm,main,Formal_Lab,1,73,6,num_leaves,127,2,0.7757590886864932,True,
lightgbm,main,Formal_Lab,1,73,6,num_leaves,255,2,0.7757590886864932,False,
lightgbm,main,Formal_Lab,1,73,6,num_leaves,511,2,0.7757590886864932,False,
lightgbm,main,Formal_Lab,1,17,12,num_leaves,63,0,0.7479877980584264,True,
lightgbm,main,Formal_Lab,1,17,12,num_leaves,127,0,0.7422172182188662,False,
lightgbm,main,Formal_Lab,1,17,12,num_leaves,255,0,0.7413340692725126,False,
lightgbm,main,Formal_Lab,1,17,12,num_leaves,511,0,0.7413340692725126,False,
lightgbm,main,Formal_Lab,1,17,12,num_leaves,63,1,0.6896840984796815,True,
lightgbm,main,Formal_Lab,1,17,12,num_leaves,127,1,0.6902735725178769,False,
lightgbm,main,Formal_Lab,1,17,12,num_leaves,255,1,0.695083691196227,False,
lightgbm,main,Formal_Lab,1,17,12,num_leaves,511,1,0.695083691196227,False,
lightgbm,main,Formal_Lab,1,17,12,num_leaves,63,2,0.8688991575116742,True,
lightgbm,main,Formal_Lab,1,17,12,num_leaves,127,2,0.8736194063976331,False,
lightgbm,main,Formal_Lab,1,17,12,num_leaves,255,2,0.8678643004052722,False,
lightgbm,main,Formal_Lab,1,17,12,num_leaves,511,2,0.8678643004052722,False,
lightgbm,main,Formal_Lab,1,42,12,num_leaves,63,0,0.779636976849817,True,
lightgbm,main,Formal_Lab,1,42,12,num_leaves,127,0,0.7797134087846594,False,
lightgbm,main,Formal_Lab,1,42,12,num_leaves,255,0,0.7786362278130887,False,
lightgbm,main,Formal_Lab,1,42,12,num_leaves,511,0,0.7786362278130887,False,
lightgbm,main,Formal_Lab,1,42,12,num_leaves,63,1,0.7650135449260573,True,
lightgbm,main,Formal_Lab,1,42,12,num_leaves,127,1,0.7545688778389781,False,
lightgbm,main,Formal_Lab,1,42,12,num_leaves,255,1,0.7504195355894296,False,
lightgbm,main,Formal_Lab,1,42,12,num_leaves,511,1,0.7504195355894296,False,
lightgbm,main,Formal_Lab,1,42,12,num_leaves,63,2,0.790212098169401,True,
lightgbm,main,Formal_Lab,1,42,12,num_leaves,127,2,0.7925712967439007,False,
lightgbm,main,Formal_Lab,1,42,12,num_leaves,255,2,0.785984086384054,False,
lightgbm,main,Formal_Lab,1,42,12,num_leaves,511,2,0.785984086384054,False,
lightgbm,main,Formal_Lab,1,73,12,num_leaves,63,0,0.8299816794975075,True,
lightgbm,main,Formal_Lab,1,73,12,num_leaves,127,0,0.8255533495915861,False,
lightgbm,main,Formal_Lab,1,73,12,num_leaves,255,0,0.8276828750187798,False,
lightgbm,main,Formal_Lab,1,73,12,num_leaves,511,0,0.8276828750187798,False,
lightgbm,main,Formal_Lab,1,73,12,num_leaves,63,1,0.7298405670408451,True,
lightgbm,main,Formal_Lab,1,73,12,num_leaves,127,1,0.7332384647432505,False,
lightgbm,main,Formal_Lab,1,73,12,num_leaves,255,1,0.7282472545201863,False,
lightgbm,main,Formal_Lab,1,73,12,num_leaves,511,1,0.7282472545201863,False,
lightgbm,main,Formal_Lab,1,73,12,num_leaves,63,2,0.8207270462253654,True,
lightgbm,main,Formal_Lab,1,73,12,num_leaves,127,2,0.8168097414712446,False,
lightgbm,main,Formal_Lab,1,73,12,num_leaves,255,2,0.8181071191670141,False,
lightgbm,main,Formal_Lab,1,73,12,num_leaves,511,2,0.8181071191670141,False,
lightgbm,main,Formal_Lab,1,17,18,num_leaves,63,0,0.7321488435913087,False,
lightgbm,main,Formal_Lab,1,17,18,num_leaves,127,0,0.7384951215434855,False,
lightgbm,main,Formal_Lab,1,17,18,num_leaves,255,0,0.7338817115954631,True,
lightgbm,main,Formal_Lab,1,17,18,num_leaves,511,0,0.7338817115954631,False,
lightgbm,main,Formal_Lab,1,17,18,num_leaves,63,1,0.8224447472809668,False,
lightgbm,main,Formal_Lab,1,17,18,num_leaves,127,1,0.8212996916392111,False,
lightgbm,main,Formal_Lab,1,17,18,num_leaves,255,1,0.8219135933307876,True,
lightgbm,main,Formal_Lab,1,17,18,num_leaves,511,1,0.8219135933307876,False,
lightgbm,main,Formal_Lab,1,17,18,num_leaves,63,2,0.8479452751897093,False,
lightgbm,main,Formal_Lab,1,17,18,num_leaves,127,2,0.8473390910729743,False,
lightgbm,main,Formal_Lab,1,17,18,num_leaves,255,2,0.8526914421474684,True,
lightgbm,main,Formal_Lab,1,17,18,num_leaves,511,2,0.8526914421474684,False,
lightgbm,main,Formal_Lab,1,42,18,num_leaves,63,0,0.7935096016231206,False,
lightgbm,main,Formal_Lab,1,42,18,num_leaves,127,0,0.7931056807048374,True,
lightgbm,main,Formal_Lab,1,42,18,num_leaves,255,0,0.7914205077212341,False,
lightgbm,main,Formal_Lab,1,42,18,num_leaves,511,0,0.7914205077212341,False,
lightgbm,main,Formal_Lab,1,42,18,num_leaves,63,1,0.7738344690079768,False,
lightgbm,main,Formal_Lab,1,42,18,num_leaves,127,1,0.7725877698492724,True,
lightgbm,main,Formal_Lab,1,42,18,num_leaves,255,1,0.7745177931639452,False,
lightgbm,main,Formal_Lab,1,42,18,num_leaves,511,1,0.7745177931639452,False,
lightgbm,main,Formal_Lab,1,42,18,num_leaves,63,2,0.8572800426018694,False,
lightgbm,main,Formal_Lab,1,42,18,num_leaves,127,2,0.8590339815726119,True,
lightgbm,main,Formal_Lab,1,42,18,num_leaves,255,2,0.8544845158195703,False,
lightgbm,main,Formal_Lab,1,42,18,num_leaves,511,2,0.8544845158195703,False,
lightgbm,main,Formal_Lab,1,73,18,num_leaves,63,0,0.8254419547688432,False,
lightgbm,main,Formal_Lab,1,73,18,num_leaves,127,0,0.8295743094719162,True,
lightgbm,main,Formal_Lab,1,73,18,num_leaves,255,0,0.8273887058458452,False,
lightgbm,main,Formal_Lab,1,73,18,num_leaves,511,0,0.8273887058458452,False,
lightgbm,main,Formal_Lab,1,73,18,num_leaves,63,1,0.8106583861451614,False,
lightgbm,main,Formal_Lab,1,73,18,num_leaves,127,1,0.8117218609754594,True,
lightgbm,main,Formal_Lab,1,73,18,num_leaves,255,1,0.814720302704867,False,
lightgbm,main,Formal_Lab,1,73,18,num_leaves,511,1,0.814720302704867,False,
lightgbm,main,Formal_Lab,1,73,18,num_leaves,63,2,0.8053617132984351,False,
lightgbm,main,Formal_Lab,1,73,18,num_leaves,127,2,0.8086401578852523,True,
lightgbm,main,Formal_Lab,1,73,18,num_leaves,255,2,0.8009614667243419,False,
lightgbm,main,Formal_Lab,1,73,18,num_leaves,511,2,0.8009614667243419,False,
lightgbm,main,FL,2,17,6,num_leaves,63,0,0.590009155658362,False,
lightgbm,main,FL,2,17,6,num_leaves,127,0,0.5880191587008678,True,
lightgbm,main,FL,2,17,6,num_leaves,255,0,0.5847766359110709,False,
lightgbm,main,FL,2,17,6,num_leaves,511,0,0.5799134414174345,False,
lightgbm,main,FL,2,17,6,num_leaves,63,1,0.6776079201115228,False,
lightgbm,main,FL,2,17,6,num_leaves,127,1,0.6991428385492975,True,
lightgbm,main,FL,2,17,6,num_leaves,255,1,0.6990799090556434,False,
lightgbm,main,FL,2,17,6,num_leaves,511,1,0.702293870849543,False,
lightgbm,main,FL,2,17,6,num_leaves,63,2,0.6476628944600378,False,
lightgbm,main,FL,2,17,6,num_leaves,127,2,0.6460402065964597,True,
lightgbm,main,FL,2,17,6,num_leaves,255,2,0.6372955347539518,False,
lightgbm,main,FL,2,17,6,num_leaves,511,2,0.6243569604852484,False,
lightgbm,main,FL,2,42,6,num_leaves,63,0,0.6446380594226124,False,
lightgbm,main,FL,2,42,6,num_leaves,127,0,0.6616468302739609,True,
lightgbm,main,FL,2,42,6,num_leaves,255,0,0.670726936919905,False,
lightgbm,main,FL,2,42,6,num_leaves,511,0,0.6720573244210204,False,
lightgbm,main,FL,2,42,6,num_leaves,63,1,0.6734653169607236,False,
lightgbm,main,FL,2,42,6,num_leaves,127,1,0.681058236191691,True,
lightgbm,main,FL,2,42,6,num_leaves,255,1,0.6820819568772395,False,
lightgbm,main,FL,2,42,6,num_leaves,511,1,0.6770527696902322,False,
lightgbm,main,FL,2,42,6,num_leaves,63,2,0.6750128542740772,False,
lightgbm,main,FL,2,42,6,num_leaves,127,2,0.6640868787845905,True,
lightgbm,main,FL,2,42,6,num_leaves,255,2,0.6424230189555906,False,
lightgbm,main,FL,2,42,6,num_leaves,511,2,0.6315030019350687,False,
lightgbm,main,FL,2,73,6,num_leaves,63,0,0.6379271046758913,False,
lightgbm,main,FL,2,73,6,num_leaves,127,0,0.6391263530361553,True,
lightgbm,main,FL,2,73,6,num_leaves,255,0,0.6265266581137334,False,
lightgbm,main,FL,2,73,6,num_leaves,511,0,0.6176343434151874,False,
lightgbm,main,FL,2,73,6,num_leaves,63,1,0.6468983153476632,False,
lightgbm,main,FL,2,73,6,num_leaves,127,1,0.6542367876052664,True,
lightgbm,main,FL,2,73,6,num_leaves,255,1,0.6568139762525005,False,
lightgbm,main,FL,2,73,6,num_leaves,511,1,0.6507340574349141,False,
lightgbm,main,FL,2,73,6,num_leaves,63,2,0.6078139244030775,False,
lightgbm,main,FL,2,73,6,num_leaves,127,2,0.6213958118454259,True,
lightgbm,main,FL,2,73,6,num_leaves,255,2,0.6270455332934104,False,
lightgbm,main,FL,2,73,6,num_leaves,511,2,0.6260634635066342,False,
lightgbm,main,FL,2,17,12,num_leaves,63,0,0.6212798286865129,False,
lightgbm,main,FL,2,17,12,num_leaves,127,0,0.6287463343578306,False,
lightgbm,main,FL,2,17,12,num_leaves,255,0,0.6233800884856748,True,
lightgbm,main,FL,2,17,12,num_leaves,511,0,0.6148120684903158,False,
lightgbm,main,FL,2,17,12,num_leaves,63,1,0.6444439639984221,False,
lightgbm,main,FL,2,17,12,num_leaves,127,1,0.6590095753111799,False,
lightgbm,main,FL,2,17,12,num_leaves,255,1,0.6699405733971369,True,
lightgbm,main,FL,2,17,12,num_leaves,511,1,0.6715552843183548,False,
lightgbm,main,FL,2,17,12,num_leaves,63,2,0.6309467599250183,False,
lightgbm,main,FL,2,17,12,num_leaves,127,2,0.6389366090604001,False,
lightgbm,main,FL,2,17,12,num_leaves,255,2,0.643935501646245,True,
lightgbm,main,FL,2,17,12,num_leaves,511,2,0.6374248439031105,False,
lightgbm,main,FL,2,42,12,num_leaves,63,0,0.6321086907075615,False,
lightgbm,main,FL,2,42,12,num_leaves,127,0,0.6404643572778961,False,
lightgbm,main,FL,2,42,12,num_leaves,255,0,0.6397446153654709,True,
lightgbm,main,FL,2,42,12,num_leaves,511,0,0.6308393989072556,False,
lightgbm,main,FL,2,42,12,num_leaves,63,1,0.6381355255189796,False,
lightgbm,main,FL,2,42,12,num_leaves,127,1,0.653900214343212,False,
lightgbm,main,FL,2,42,12,num_leaves,255,1,0.6666940153609358,True,
lightgbm,main,FL,2,42,12,num_leaves,511,1,0.6652169544685745,False,
lightgbm,main,FL,2,42,12,num_leaves,63,2,0.5676526826627658,False,
lightgbm,main,FL,2,42,12,num_leaves,127,2,0.5692895095720876,False,
lightgbm,main,FL,2,42,12,num_leaves,255,2,0.5673680747573338,True,
lightgbm,main,FL,2,42,12,num_leaves,511,2,0.5599811812761852,False,
lightgbm,main,FL,2,73,12,num_leaves,63,0,0.6379986522208121,False,
lightgbm,main,FL,2,73,12,num_leaves,127,0,0.6525115438284717,False,
lightgbm,main,FL,2,73,12,num_leaves,255,0,0.662425457752733,True,
lightgbm,main,FL,2,73,12,num_leaves,511,0,0.6593294404397143,False,
lightgbm,main,FL,2,73,12,num_leaves,63,1,0.6135405159150513,False,
lightgbm,main,FL,2,73,12,num_leaves,127,1,0.6234951947035693,False,
lightgbm,main,FL,2,73,12,num_leaves,255,1,0.6207210305430932,True,
lightgbm,main,FL,2,73,12,num_leaves,511,1,0.6124064255757004,False,
lightgbm,main,FL,2,73,12,num_leaves,63,2,0.6243430314931326,False,
lightgbm,main,FL,2,73,12,num_leaves,127,2,0.6381239709521663,False,
lightgbm,main,FL,2,73,12,num_leaves,255,2,0.6461707110254709,True,
lightgbm,main,FL,2,73,12,num_leaves,511,2,0.6484360678259216,False,
lightgbm,main,FL,2,17,18,num_leaves,63,0,0.6081167069220575,False,
lightgbm,main,FL,2,17,18,num_leaves,127,0,0.6164146890851762,False,
lightgbm,main,FL,2,17,18,num_leaves,255,0,0.6232897269546157,False,
lightgbm,main,FL,2,17,18,num_leaves,511,0,0.6198013969872412,True,
lightgbm,main,FL,2,17,18,num_leaves,63,1,0.5503273644572887,False,
lightgbm,main,FL,2,17,18,num_leaves,127,1,0.5623270189832841,False,
lightgbm,main,FL,2,17,18,num_leaves,255,1,0.5760947882594109,False,
lightgbm,main,FL,2,17,18,num_leaves,511,1,0.588724681931769,True,
lightgbm,main,FL,2,17,18,num_leaves,63,2,0.6202160619874496,False,
lightgbm,main,FL,2,17,18,num_leaves,127,2,0.6213437417556422,False,
lightgbm,main,FL,2,17,18,num_leaves,255,2,0.6248882797845737,False,
lightgbm,main,FL,2,17,18,num_leaves,511,2,0.6199360247027731,True,
lightgbm,main,FL,2,42,18,num_leaves,63,0,0.6203697715032995,False,
lightgbm,main,FL,2,42,18,num_leaves,127,0,0.6285836225405963,False,
lightgbm,main,FL,2,42,18,num_leaves,255,0,0.6404454925857773,False,
lightgbm,main,FL,2,42,18,num_leaves,511,0,0.6438252161015937,True,
lightgbm,main,FL,2,42,18,num_leaves,63,1,0.6406629230617615,False,
lightgbm,main,FL,2,42,18,num_leaves,127,1,0.6437330961893374,False,
lightgbm,main,FL,2,42,18,num_leaves,255,1,0.6491357623129873,False,
lightgbm,main,FL,2,42,18,num_leaves,511,1,0.644896210699728,True,
lightgbm,main,FL,2,42,18,num_leaves,63,2,0.5935637575232832,False,
lightgbm,main,FL,2,42,18,num_leaves,127,2,0.600091559352958,False,
lightgbm,main,FL,2,42,18,num_leaves,255,2,0.605121649961435,False,
lightgbm,main,FL,2,42,18,num_leaves,511,2,0.6072267349510881,True,
lightgbm,main,FL,2,73,18,num_leaves,63,0,0.6393229571862662,False,
lightgbm,main,FL,2,73,18,num_leaves,127,0,0.652495605494191,False,
lightgbm,main,FL,2,73,18,num_leaves,255,0,0.6680369634438552,True,
lightgbm,main,FL,2,73,18,num_leaves,511,0,0.6693474114805417,False,
lightgbm,main,FL,2,73,18,num_leaves,63,1,0.5595601679545626,False,
lightgbm,main,FL,2,73,18,num_leaves,127,1,0.567911061482778,False,
lightgbm,main,FL,2,73,18,num_leaves,255,1,0.5794854069100476,True,
lightgbm,main,FL,2,73,18,num_leaves,511,1,0.5833347472039144,False,
lightgbm,main,FL,2,73,18,num_leaves,63,2,0.621568939235679,False,
lightgbm,main,FL,2,73,18,num_leaves,127,2,0.6281506857380185,False,
lightgbm,main,FL,2,73,18,num_leaves,255,2,0.6312366273862158,True,
lightgbm,main,FL,2,73,18,num_leaves,511,2,0.6248474582694313,False,
lightgbm,main,Formal_Lab,2,17,6,num_leaves,63,0,0.758980247239289,False,
lightgbm,main,Formal_Lab,2,17,6,num_leaves,127,0,0.7584529970331527,True,
lightgbm,main,Formal_Lab,2,17,6,num_leaves,255,0,0.7584529970331527,False,
lightgbm,main,Formal_Lab,2,17,6,num_leaves,511,0,0.7584529970331527,False,
lightgbm,main,Formal_Lab,2,17,6,num_leaves,63,1,0.7612198629165114,False,
lightgbm,main,Formal_Lab,2,17,6,num_leaves,127,1,0.7599662772599716,True,
lightgbm,main,Formal_Lab,2,17,6,num_leaves,255,1,0.7599662772599716,False,
lightgbm,main,Formal_Lab,2,17,6,num_leaves,511,1,0.7599662772599716,False,
lightgbm,main,Formal_Lab,2,17,6,num_leaves,63,2,0.8195607931004085,False,
lightgbm,main,Formal_Lab,2,17,6,num_leaves,127,2,0.8221963941237334,True,
lightgbm,main,Formal_Lab,2,17,6,num_leaves,255,2,0.8221963941237334,False,
lightgbm,main,Formal_Lab,2,17,6,num_leaves,511,2,0.8221963941237334,False,
lightgbm,main,Formal_Lab,2,42,6,num_leaves,63,0,0.7844293525094568,False,
lightgbm,main,Formal_Lab,2,42,6,num_leaves,127,0,0.794426718843247,True,
lightgbm,main,Formal_Lab,2,42,6,num_leaves,255,0,0.794426718843247,False,
lightgbm,main,Formal_Lab,2,42,6,num_leaves,511,0,0.794426718843247,False,
lightgbm,main,Formal_Lab,2,42,6,num_leaves,63,1,0.8180837833994974,False,
lightgbm,main,Formal_Lab,2,42,6,num_leaves,127,1,0.8164872471873945,True,
lightgbm,main,Formal_Lab,2,42,6,num_leaves,255,1,0.8164872471873945,False,
lightgbm,main,Formal_Lab,2,42,6,num_leaves,511,1,0.8164872471873945,False,
lightgbm,main,Formal_Lab,2,42,6,num_leaves,63,2,0.6931732729710469,False,
lightgbm,main,Formal_Lab,2,42,6,num_leaves,127,2,0.6944404541254482,True,
lightgbm,main,Formal_Lab,2,42,6,num_leaves,255,2,0.6944404541254482,False,
lightgbm,main,Formal_Lab,2,42,6,num_leaves,511,2,0.6944404541254482,False,
lightgbm,main,Formal_Lab,2,73,6,num_leaves,63,0,0.7728485328959588,False,
lightgbm,main,Formal_Lab,2,73,6,num_leaves,127,0,0.7753309773231369,True,
lightgbm,main,Formal_Lab,2,73,6,num_leaves,255,0,0.7753309773231369,False,
lightgbm,main,Formal_Lab,2,73,6,num_leaves,511,0,0.7753309773231369,False,
lightgbm,main,Formal_Lab,2,73,6,num_leaves,63,1,0.7723118595367704,False,
lightgbm,main,Formal_Lab,2,73,6,num_leaves,127,1,0.7650592605505842,True,
lightgbm,main,Formal_Lab,2,73,6,num_leaves,255,1,0.7650592605505842,False,
lightgbm,main,Formal_Lab,2,73,6,num_leaves,511,1,0.7650592605505842,False,
lightgbm,main,Formal_Lab,2,73,6,num_leaves,63,2,0.8140399735279689,False,
lightgbm,main,Formal_Lab,2,73,6,num_leaves,127,2,0.8192023016438776,True,
lightgbm,main,Formal_Lab,2,73,6,num_leaves,255,2,0.8192023016438776,False,
lightgbm,main,Formal_Lab,2,73,6,num_leaves,511,2,0.8192023016438776,False,
lightgbm,main,Formal_Lab,2,17,12,num_leaves,63,0,0.7878126414733945,False,
lightgbm,main,Formal_Lab,2,17,12,num_leaves,127,0,0.7940358554567752,True,
lightgbm,main,Formal_Lab,2,17,12,num_leaves,255,0,0.780559716011649,False,
lightgbm,main,Formal_Lab,2,17,12,num_leaves,511,0,0.780559716011649,False,
lightgbm,main,Formal_Lab,2,17,12,num_leaves,63,1,0.8101961860125654,False,
lightgbm,main,Formal_Lab,2,17,12,num_leaves,127,1,0.8113922239874918,True,
lightgbm,main,Formal_Lab,2,17,12,num_leaves,255,1,0.8084356616340842,False,
lightgbm,main,Formal_Lab,2,17,12,num_leaves,511,1,0.8084356616340842,False,
lightgbm,main,Formal_Lab,2,17,12,num_leaves,63,2,0.8105863413861825,False,
lightgbm,main,Formal_Lab,2,17,12,num_leaves,127,2,0.8057131044110729,True,
lightgbm,main,Formal_Lab,2,17,12,num_leaves,255,2,0.8084931429348186,False,
lightgbm,main,Formal_Lab,2,17,12,num_leaves,511,2,0.8084931429348186,False,
lightgbm,main,Formal_Lab,2,42,12,num_leaves,63,0,0.7921852440547048,True,
lightgbm,main,Formal_Lab,2,42,12,num_leaves,127,0,0.7852636929616675,False,
lightgbm,main,Formal_Lab,2,42,12,num_leaves,255,0,0.7816526461832225,False,
lightgbm,main,Formal_Lab,2,42,12,num_leaves,511,0,0.7816526461832225,False,
lightgbm,main,Formal_Lab,2,42,12,num_leaves,63,1,0.8327372504142463,True,
lightgbm,main,Formal_Lab,2,42,12,num_leaves,127,1,0.8349595765792321,False,
lightgbm,main,Formal_Lab,2,42,12,num_leaves,255,1,0.8337932500617624,False,
lightgbm,main,Formal_Lab,2,42,12,num_leaves,511,1,0.8337932500617624,False,
lightgbm,main,Formal_Lab,2,42,12,num_leaves,63,2,0.7616950564964782,True,
lightgbm,main,Formal_Lab,2,42,12,num_leaves,127,2,0.7599611918899409,False,
lightgbm,main,Formal_Lab,2,42,12,num_leaves,255,2,0.7631427980966545,False,
lightgbm,main,Formal_Lab,2,42,12,num_leaves,511,2,0.7631427980966545,False,
lightgbm,main,Formal_Lab,2,73,12,num_leaves,63,0,0.8500600781202495,False,
lightgbm,main,Formal_Lab,2,73,12,num_leaves,127,0,0.8480215545927939,True,
lightgbm,main,Formal_Lab,2,73,12,num_leaves,255,0,0.847667506482014,False,
lightgbm,main,Formal_Lab,2,73,12,num_leaves,511,0,0.847667506482014,False,
lightgbm,main,Formal_Lab,2,73,12,num_leaves,63,1,0.7102559886167376,False,
lightgbm,main,Formal_Lab,2,73,12,num_leaves,127,1,0.7244491383044409,True,
lightgbm,main,Formal_Lab,2,73,12,num_leaves,255,1,0.7196979031695849,False,
lightgbm,main,Formal_Lab,2,73,12,num_leaves,511,1,0.7196979031695849,False,
lightgbm,main,Formal_Lab,2,73,12,num_leaves,63,2,0.8290869541263034,False,
lightgbm,main,Formal_Lab,2,73,12,num_leaves,127,2,0.8347555517686062,True,
lightgbm,main,Formal_Lab,2,73,12,num_leaves,255,2,0.8312376329268398,False,
lightgbm,main,Formal_Lab,2,73,12,num_leaves,511,2,0.8312376329268398,False,
lightgbm,main,Formal_Lab,2,17,18,num_leaves,63,0,0.8213547996395446,False,
lightgbm,main,Formal_Lab,2,17,18,num_leaves,127,0,0.8222180446884564,True,
lightgbm,main,Formal_Lab,2,17,18,num_leaves,255,0,0.8180513707210607,False,
lightgbm,main,Formal_Lab,2,17,18,num_leaves,511,0,0.8180513707210607,False,
lightgbm,main,Formal_Lab,2,17,18,num_leaves,63,1,0.8180700654322869,False,
lightgbm,main,Formal_Lab,2,17,18,num_leaves,127,1,0.8175080215629366,True,
lightgbm,main,Formal_Lab,2,17,18,num_leaves,255,1,0.8190954528980999,False,
lightgbm,main,Formal_Lab,2,17,18,num_leaves,511,1,0.8190954528980999,False,
lightgbm,main,Formal_Lab,2,17,18,num_leaves,63,2,0.7951374482649621,False,
lightgbm,main,Formal_Lab,2,17,18,num_leaves,127,2,0.7998916029148315,True,
lightgbm,main,Formal_Lab,2,17,18,num_leaves,255,2,0.7936722940284029,False,
lightgbm,main,Formal_Lab,2,17,18,num_leaves,511,2,0.7936722940284029,False,
lightgbm,main,Formal_Lab,2,42,18,num_leaves,63,0,0.7895260787552649,False,
lightgbm,main,Formal_Lab,2,42,18,num_leaves,127,0,0.7934052324890928,True,
lightgbm,main,Formal_Lab,2,42,18,num_leaves,255,0,0.7897241559178259,False,
lightgbm,main,Formal_Lab,2,42,18,num_leaves,511,0,0.7897241559178259,False,
lightgbm,main,Formal_Lab,2,42,18,num_leaves,63,1,0.8276841622161665,False,
lightgbm,main,Formal_Lab,2,42,18,num_leaves,127,1,0.8283607562036998,True,
lightgbm,main,Formal_Lab,2,42,18,num_leaves,255,1,0.8282969844908449,False,
lightgbm,main,Formal_Lab,2,42,18,num_leaves,511,1,0.8282969844908449,False,
lightgbm,main,Formal_Lab,2,42,18,num_leaves,63,2,0.7800945830521532,False,
lightgbm,main,Formal_Lab,2,42,18,num_leaves,127,2,0.783051698650676,True,
lightgbm,main,Formal_Lab,2,42,18,num_leaves,255,2,0.775960988834166,False,
lightgbm,main,Formal_Lab,2,42,18,num_leaves,511,2,0.775960988834166,False,
lightgbm,main,Formal_Lab,2,73,18,num_leaves,63,0,0.8208250837184786,False,
lightgbm,main,Formal_Lab,2,73,18,num_leaves,127,0,0.8275337772506024,False,
lightgbm,main,Formal_Lab,2,73,18,num_leaves,255,0,0.8270077709271736,True,
lightgbm,main,Formal_Lab,2,73,18,num_leaves,511,0,0.8270077709271736,False,
lightgbm,main,Formal_Lab,2,73,18,num_leaves,63,1,0.7896436085011883,False,
lightgbm,main,Formal_Lab,2,73,18,num_leaves,127,1,0.7827562380873582,False,
lightgbm,main,Formal_Lab,2,73,18,num_leaves,255,1,0.790805283633249,True,
lightgbm,main,Formal_Lab,2,73,18,num_leaves,511,1,0.790805283633249,False,
lightgbm,main,Formal_Lab,2,73,18,num_leaves,63,2,0.8194602242822523,False,
lightgbm,main,Formal_Lab,2,73,18,num_leaves,127,2,0.8177884336178676,False,
lightgbm,main,Formal_Lab,2,73,18,num_leaves,255,2,0.8185165021522697,True,
lightgbm,main,Formal_Lab,2,73,18,num_leaves,511,2,0.817042992723573,False,
lightgbm,main,FL,3,17,6,num_leaves,63,0,0.576967993972993,False,
lightgbm,main,FL,3,17,6,num_leaves,127,0,0.5648737662169188,True,
lightgbm,main,FL,3,17,6,num_leaves,255,0,0.5456110693090033,False,
lightgbm,main,FL,3,17,6,num_leaves,511,0,0.5274434466560426,False,
lightgbm,main,FL,3,17,6,num_leaves,63,1,0.4699226701922302,False,
lightgbm,main,FL,3,17,6,num_leaves,127,1,0.4895806133854893,True,
lightgbm,main,FL,3,17,6,num_leaves,255,1,0.5034675995773163,False,
lightgbm,main,FL,3,17,6,num_leaves,511,1,0.5121536978308777,False,
lightgbm,main,FL,3,17,6,num_leaves,63,2,0.5575719491704079,False,
lightgbm,main,FL,3,17,6,num_leaves,127,2,0.5702794092683773,True,
lightgbm,main,FL,3,17,6,num_leaves,255,2,0.5728084287036789,False,
lightgbm,main,FL,3,17,6,num_leaves,511,2,0.5639617847789105,False,
lightgbm,main,FL,3,42,6,num_leaves,63,0,0.5315321903898502,False,
lightgbm,main,FL,3,42,6,num_leaves,127,0,0.5449251987910871,False,
lightgbm,main,FL,3,42,6,num_leaves,255,0,0.5551087311453118,True,
lightgbm,main,FL,3,42,6,num_leaves,511,0,0.5564135155000084,False,
lightgbm,main,FL,3,42,6,num_leaves,63,1,0.5526191053143662,False,
lightgbm,main,FL,3,42,6,num_leaves,127,1,0.5633509899634283,False,
lightgbm,main,FL,3,42,6,num_leaves,255,1,0.5640071756754834,True,
lightgbm,main,FL,3,42,6,num_leaves,511,1,0.5571046993612712,False,
lightgbm,main,FL,3,42,6,num_leaves,63,2,0.600300978524142,False,
lightgbm,main,FL,3,42,6,num_leaves,127,2,0.6095716570423679,False,
lightgbm,main,FL,3,42,6,num_leaves,255,2,0.6116760332748643,True,
lightgbm,main,FL,3,42,6,num_leaves,511,2,0.6010182677589995,False,
lightgbm,main,FL,3,73,6,num_leaves,63,0,0.5923618531169408,False,
lightgbm,main,FL,3,73,6,num_leaves,127,0,0.6038287831821983,False,
lightgbm,main,FL,3,73,6,num_leaves,255,0,0.6109176646736307,True,
lightgbm,main,FL,3,73,6,num_leaves,511,0,0.604235128796984,False,
lightgbm,main,FL,3,73,6,num_leaves,63,1,0.5606780330223751,False,
lightgbm,main,FL,3,73,6,num_leaves,127,1,0.5830520793528937,False,
lightgbm,main,FL,3,73,6,num_leaves,255,1,0.5883230382886606,True,
lightgbm,main,FL,3,73,6,num_leaves,511,1,0.5921616191949011,False,
lightgbm,main,FL,3,73,6,num_leaves,63,2,0.5641435184292385,False,
lightgbm,main,FL,3,73,6,num_leaves,127,2,0.5657857283970209,False,
lightgbm,main,FL,3,73,6,num_leaves,255,2,0.5615151896113595,True,
lightgbm,main,FL,3,73,6,num_leaves,511,2,0.5513417224585335,False,
lightgbm,main,FL,3,17,12,num_leaves,63,0,0.558490078300874,False,
lightgbm,main,FL,3,17,12,num_leaves,127,0,0.5725889030253016,False,
lightgbm,main,FL,3,17,12,num_leaves,255,0,0.5805519047056983,False,
lightgbm,main,FL,3,17,12,num_leaves,511,0,0.5825161359493324,True,
lightgbm,main,FL,3,17,12,num_leaves,63,1,0.5285598132720088,False,
lightgbm,main,FL,3,17,12,num_leaves,127,1,0.5399224614359348,False,
lightgbm,main,FL,3,17,12,num_leaves,255,1,0.5525554762283749,False,
lightgbm,main,FL,3,17,12,num_leaves,511,1,0.5615799860218181,True,
lightgbm,main,FL,3,17,12,num_leaves,63,2,0.5921099301862938,False,
lightgbm,main,FL,3,17,12,num_leaves,127,2,0.6018559297411155,False,
lightgbm,main,FL,3,17,12,num_leaves,255,2,0.6055072788683709,False,
lightgbm,main,FL,3,17,12,num_leaves,511,2,0.6047433347946796,True,
lightgbm,main,FL,3,42,12,num_leaves,63,0,0.5543530170154525,False,
lightgbm,main,FL,3,42,12,num_leaves,127,0,0.5729388324948828,False,
lightgbm,main,FL,3,42,12,num_leaves,255,0,0.587811667774864,True,
lightgbm,main,FL,3,42,12,num_leaves,511,0,0.594322939421834,False,
lightgbm,main,FL,3,42,12,num_leaves,63,1,0.5634754636446214,False,
lightgbm,main,FL,3,42,12,num_leaves,127,1,0.5778474838272323,False,
lightgbm,main,FL,3,42,12,num_leaves,255,1,0.5845063099453884,True,
lightgbm,main,FL,3,42,12,num_leaves,511,1,0.5837075635570659,False,
lightgbm,main,FL,3,42,12,num_leaves,63,2,0.534332970023477,False,
lightgbm,main,FL,3,42,12,num_leaves,127,2,0.5292180323550629,False,
lightgbm,main,FL,3,42,12,num_leaves,255,2,0.5224078655023756,True,
lightgbm,main,FL,3,42,12,num_leaves,511,2,0.5133470701753489,False,
lightgbm,main,FL,3,73,12,num_leaves,63,0,0.6197319979431933,False,
lightgbm,main,FL,3,73,12,num_leaves,127,0,0.6239806879252626,False,
lightgbm,main,FL,3,73,12,num_leaves,255,0,0.6240126854365917,True,
lightgbm,main,FL,3,73,12,num_leaves,511,0,0.6154071515540422,False,
lightgbm,main,FL,3,73,12,num_leaves,63,1,0.5801737237885649,False,
lightgbm,main,FL,3,73,12,num_leaves,127,1,0.5937135616885081,False,
lightgbm,main,FL,3,73,12,num_leaves,255,1,0.6078012945913208,True,
lightgbm,main,FL,3,73,12,num_leaves,511,1,0.6156345891745616,False,
lightgbm,main,FL,3,73,12,num_leaves,63,2,0.6355778045139073,False,
lightgbm,main,FL,3,73,12,num_leaves,127,2,0.6522782710978464,False,
lightgbm,main,FL,3,73,12,num_leaves,255,2,0.6600455300680041,True,
lightgbm,main,FL,3,73,12,num_leaves,511,2,0.6588722495168589,False,
lightgbm,main,FL,3,17,18,num_leaves,63,0,0.5880454514586821,False,
lightgbm,main,FL,3,17,18,num_leaves,127,0,0.5993109079318306,False,
lightgbm,main,FL,3,17,18,num_leaves,255,0,0.6103601126808648,False,
lightgbm,main,FL,3,17,18,num_leaves,511,0,0.6154328847448021,True,
lightgbm,main,FL,3,17,18,num_leaves,63,1,0.5613995824765726,False,
lightgbm,main,FL,3,17,18,num_leaves,127,1,0.5721470716399469,False,
lightgbm,main,FL,3,17,18,num_leaves,255,1,0.5822042325254072,False,
lightgbm,main,FL,3,17,18,num_leaves,511,1,0.5874619970373061,True,
lightgbm,main,FL,3,17,18,num_leaves,63,2,0.6046258342116294,False,
lightgbm,main,FL,3,17,18,num_leaves,127,2,0.6165811896983534,False,
lightgbm,main,FL,3,17,18,num_leaves,255,2,0.6268548262273648,False,
lightgbm,main,FL,3,17,18,num_leaves,511,2,0.6294494915142589,True,
lightgbm,main,FL,3,42,18,num_leaves,63,0,0.595979385015288,False,
lightgbm,main,FL,3,42,18,num_leaves,127,0,0.6068039961228793,False,
lightgbm,main,FL,3,42,18,num_leaves,255,0,0.6191179527042455,False,
lightgbm,main,FL,3,42,18,num_leaves,511,0,0.6197686354931268,True,
lightgbm,main,FL,3,42,18,num_leaves,63,1,0.6025346767835423,False,
lightgbm,main,FL,3,42,18,num_leaves,127,1,0.6127668451351438,False,
lightgbm,main,FL,3,42,18,num_leaves,255,1,0.6229288740047262,False,
lightgbm,main,FL,3,42,18,num_leaves,511,1,0.6255604081190392,True,
lightgbm,main,FL,3,42,18,num_leaves,63,2,0.6037989031513612,False,
lightgbm,main,FL,3,42,18,num_leaves,127,2,0.6133579244839362,False,
lightgbm,main,FL,3,42,18,num_leaves,255,2,0.620648535712311,False,
lightgbm,main,FL,3,42,18,num_leaves,511,2,0.6175381401946062,True,
lightgbm,main,FL,3,73,18,num_leaves,63,0,0.5692913347885307,False,
lightgbm,main,FL,3,73,18,num_leaves,127,0,0.5754881144332501,False,
lightgbm,main,FL,3,73,18,num_leaves,255,0,0.5831163090133196,False,
lightgbm,main,FL,3,73,18,num_leaves,511,0,0.5792453445801761,True,
lightgbm,main,FL,3,73,18,num_leaves,63,1,0.5819307111139739,False,
lightgbm,main,FL,3,73,18,num_leaves,127,1,0.594566093658498,False,
lightgbm,main,FL,3,73,18,num_leaves,255,1,0.6084105355699684,False,
lightgbm,main,FL,3,73,18,num_leaves,511,1,0.6207541816453803,True,
lightgbm,main,FL,3,73,18,num_leaves,63,2,0.6326119379795059,False,
lightgbm,main,FL,3,73,18,num_leaves,127,2,0.6398795930122473,False,
lightgbm,main,FL,3,73,18,num_leaves,255,2,0.6464246859311067,False,
lightgbm,main,FL,3,73,18,num_leaves,511,2,0.6431430197242234,True,
lightgbm,main,Formal_Lab,3,17,6,num_leaves,63,0,0.741814311005388,True,
lightgbm,main,Formal_Lab,3,17,6,num_leaves,127,0,0.7381409968580398,False,
lightgbm,main,Formal_Lab,3,17,6,num_leaves,255,0,0.7381409968580398,False,
lightgbm,main,Formal_Lab,3,17,6,num_leaves,511,0,0.7381409968580398,False,
lightgbm,main,Formal_Lab,3,17,6,num_leaves,63,1,0.7109370780437502,True,
lightgbm,main,Formal_Lab,3,17,6,num_leaves,127,1,0.706872403313096,False,
lightgbm,main,Formal_Lab,3,17,6,num_leaves,255,1,0.706872403313096,False,
lightgbm,main,Formal_Lab,3,17,6,num_leaves,511,1,0.706872403313096,False,
lightgbm,main,Formal_Lab,3,17,6,num_leaves,63,2,0.7452909859403911,True,
lightgbm,main,Formal_Lab,3,17,6,num_leaves,127,2,0.7437460232239651,False,
lightgbm,main,Formal_Lab,3,17,6,num_leaves,255,2,0.7437460232239651,False,
lightgbm,main,Formal_Lab,3,17,6,num_leaves,511,2,0.7437460232239651,False,
lightgbm,main,Formal_Lab,3,42,6,num_leaves,63,0,0.7537999892164142,True,
lightgbm,main,Formal_Lab,3,42,6,num_leaves,127,0,0.7517115584717016,False,
lightgbm,main,Formal_Lab,3,42,6,num_leaves,255,0,0.7517115584717016,False,
lightgbm,main,Formal_Lab,3,42,6,num_leaves,511,0,0.7517115584717016,False,
lightgbm,main,Formal_Lab,3,42,6,num_leaves,63,1,0.7884320647282206,True,
lightgbm,main,Formal_Lab,3,42,6,num_leaves,127,1,0.7792958259949747,False,
lightgbm,main,Formal_Lab,3,42,6,num_leaves,255,1,0.7792958259949747,False,
lightgbm,main,Formal_Lab,3,42,6,num_leaves,511,1,0.7792958259949747,False,
lightgbm,main,Formal_Lab,3,42,6,num_leaves,63,2,0.7570920165176813,True,
lightgbm,main,Formal_Lab,3,42,6,num_leaves,127,2,0.7539240037643138,False,
lightgbm,main,Formal_Lab,3,42,6,num_leaves,255,2,0.7539240037643138,False,
lightgbm,main,Formal_Lab,3,42,6,num_leaves,511,2,0.7539240037643138,False,
lightgbm,main,Formal_Lab,3,73,6,num_leaves,63,0,0.7339808134444541,True,
lightgbm,main,Formal_Lab,3,73,6,num_leaves,127,0,0.733873569304529,False,
lightgbm,main,Formal_Lab,3,73,6,num_leaves,255,0,0.733873569304529,False,
lightgbm,main,Formal_Lab,3,73,6,num_leaves,511,0,0.733873569304529,False,
lightgbm,main,Formal_Lab,3,73,6,num_leaves,63,1,0.7847774592041932,True,
lightgbm,main,Formal_Lab,3,73,6,num_leaves,127,1,0.7838690782881976,False,
lightgbm,main,Formal_Lab,3,73,6,num_leaves,255,1,0.7838690782881976,False,
lightgbm,main,Formal_Lab,3,73,6,num_leaves,511,1,0.7838690782881976,False,
lightgbm,main,Formal_Lab,3,73,6,num_leaves,63,2,0.7143354057466247,True,
lightgbm,main,Formal_Lab,3,73,6,num_leaves,127,2,0.7128207965532221,False,
lightgbm,main,Formal_Lab,3,73,6,num_leaves,255,2,0.7128207965532221,False,
lightgbm,main,Formal_Lab,3,73,6,num_leaves,511,2,0.7128207965532221,False,
lightgbm,main,Formal_Lab,3,17,12,num_leaves,63,0,0.8192354546689953,False,
lightgbm,main,Formal_Lab,3,17,12,num_leaves,127,0,0.8212016698799374,False,
lightgbm,main,Formal_Lab,3,17,12,num_leaves,255,0,0.8254819405711123,True,
lightgbm,main,Formal_Lab,3,17,12,num_leaves,511,0,0.8254819405711123,False,
lightgbm,main,Formal_Lab,3,17,12,num_leaves,63,1,0.7288607982252668,False,
lightgbm,main,Formal_Lab,3,17,12,num_leaves,127,1,0.7290497014757955,False,
lightgbm,main,Formal_Lab,3,17,12,num_leaves,255,1,0.7353268256533972,True,
lightgbm,main,Formal_Lab,3,17,12,num_leaves,511,1,0.7353268256533972,False,
lightgbm,main,Formal_Lab,3,17,12,num_leaves,63,2,0.7502531394792169,False,
lightgbm,main,Formal_Lab,3,17,12,num_leaves,127,2,0.7533775547661529,False,
lightgbm,main,Formal_Lab,3,17,12,num_leaves,255,2,0.7558113419235656,True,
lightgbm,main,Formal_Lab,3,17,12,num_leaves,511,2,0.7558113419235656,False,
lightgbm,main,Formal_Lab,3,42,12,num_leaves,63,0,0.8350543502327098,False,
lightgbm,main,Formal_Lab,3,42,12,num_leaves,127,0,0.8319083272929922,False,
lightgbm,main,Formal_Lab,3,42,12,num_leaves,255,0,0.8309374656659418,True,
lightgbm,main,Formal_Lab,3,42,12,num_leaves,511,0,0.8309374656659418,False,
lightgbm,main,Formal_Lab,3,42,12,num_leaves,63,1,0.7857438988914638,False,
lightgbm,main,Formal_Lab,3,42,12,num_leaves,127,1,0.7895189820215655,False,
lightgbm,main,Formal_Lab,3,42,12,num_leaves,255,1,0.7904099831144333,True,
lightgbm,main,Formal_Lab,3,42,12,num_leaves,511,1,0.7904099831144333,False,
lightgbm,main,Formal_Lab,3,42,12,num_leaves,63,2,0.7616455513374984,False,
lightgbm,main,Formal_Lab,3,42,12,num_leaves,127,2,0.7704059655086677,False,
lightgbm,main,Formal_Lab,3,42,12,num_leaves,255,2,0.7714084904968845,True,
lightgbm,main,Formal_Lab,3,42,12,num_leaves,511,2,0.7714084904968845,False,
lightgbm,main,Formal_Lab,3,73,12,num_leaves,63,0,0.8004837131991733,True,
lightgbm,main,Formal_Lab,3,73,12,num_leaves,127,0,0.796390702445076,False,
lightgbm,main,Formal_Lab,3,73,12,num_leaves,255,0,0.7988939521792947,False,
lightgbm,main,Formal_Lab,3,73,12,num_leaves,511,0,0.7988939521792947,False,
lightgbm,main,Formal_Lab,3,73,12,num_leaves,63,1,0.829493082229296,True,
lightgbm,main,Formal_Lab,3,73,12,num_leaves,127,1,0.8351246204139933,False,
lightgbm,main,Formal_Lab,3,73,12,num_leaves,255,1,0.8332375282030656,False,
lightgbm,main,Formal_Lab,3,73,12,num_leaves,511,1,0.8332375282030656,False,
lightgbm,main,Formal_Lab,3,73,12,num_leaves,63,2,0.7865172588495157,True,
lightgbm,main,Formal_Lab,3,73,12,num_leaves,127,2,0.7833622309116639,False,
lightgbm,main,Formal_Lab,3,73,12,num_leaves,255,2,0.7796272177701085,False,
lightgbm,main,Formal_Lab,3,73,12,num_leaves,511,2,0.7796272177701085,False,
lightgbm,main,Formal_Lab,3,17,18,num_leaves,63,0,0.8159160310517145,False,
lightgbm,main,Formal_Lab,3,17,18,num_leaves,127,0,0.8217799327362417,True,
lightgbm,main,Formal_Lab,3,17,18,num_leaves,255,0,0.8194361837251624,False,
lightgbm,main,Formal_Lab,3,17,18,num_leaves,511,0,0.8194361837251624,False,
lightgbm,main,Formal_Lab,3,17,18,num_leaves,63,1,0.7496291051134159,False,
lightgbm,main,Formal_Lab,3,17,18,num_leaves,127,1,0.7544351519090888,True,
lightgbm,main,Formal_Lab,3,17,18,num_leaves,255,1,0.7497150824406636,False,
lightgbm,main,Formal_Lab,3,17,18,num_leaves,511,1,0.7497150824406636,False,
lightgbm,main,Formal_Lab,3,17,18,num_leaves,63,2,0.7984981454050942,False,
lightgbm,main,Formal_Lab,3,17,18,num_leaves,127,2,0.7990357994210476,True,
lightgbm,main,Formal_Lab,3,17,18,num_leaves,255,2,0.8029138483621163,False,
lightgbm,main,Formal_Lab,3,17,18,num_leaves,511,2,0.8029138483621163,False,
lightgbm,main,Formal_Lab,3,42,18,num_leaves,63,0,0.8155981145718011,False,
lightgbm,main,Formal_Lab,3,42,18,num_leaves,127,0,0.8149067705800825,True,
lightgbm,main,Formal_Lab,3,42,18,num_leaves,255,0,0.8194523962587065,False,
lightgbm,main,Formal_Lab,3,42,18,num_leaves,511,0,0.8194523962587065,False,
lightgbm,main,Formal_Lab,3,42,18,num_leaves,63,1,0.8102174486515507,False,
lightgbm,main,Formal_Lab,3,42,18,num_leaves,127,1,0.8104369768239227,True,
lightgbm,main,Formal_Lab,3,42,18,num_leaves,255,1,0.8116158052820213,False,
lightgbm,main,Formal_Lab,3,42,18,num_leaves,511,1,0.8116158052820213,False,
lightgbm,main,Formal_Lab,3,42,18,num_leaves,63,2,0.7861691412730761,False,
lightgbm,main,Formal_Lab,3,42,18,num_leaves,127,2,0.7891457070487521,True,
lightgbm,main,Formal_Lab,3,42,18,num_leaves,255,2,0.7828268255591748,False,
lightgbm,main,Formal_Lab,3,42,18,num_leaves,511,2,0.7828268255591748,False,
lightgbm,main,Formal_Lab,3,73,18,num_leaves,63,0,0.7991835087884137,False,
lightgbm,main,Formal_Lab,3,73,18,num_leaves,127,0,0.8027498788082367,True,
lightgbm,main,Formal_Lab,3,73,18,num_leaves,255,0,0.7954792068461239,False,
lightgbm,main,Formal_Lab,3,73,18,num_leaves,511,0,0.7954792068461239,False,
lightgbm,main,Formal_Lab,3,73,18,num_leaves,63,1,0.8141454257495345,False,
lightgbm,main,Formal_Lab,3,73,18,num_leaves,127,1,0.8158146472471309,True,
lightgbm,main,Formal_Lab,3,73,18,num_leaves,255,1,0.8094854475950899,False,
lightgbm,main,Formal_Lab,3,73,18,num_leaves,511,1,0.8094854475950899,False,
lightgbm,main,Formal_Lab,3,73,18,num_leaves,63,2,0.7719718228453529,False,
lightgbm,main,Formal_Lab,3,73,18,num_leaves,127,2,0.7717815438650288,True,
lightgbm,main,Formal_Lab,3,73,18,num_leaves,255,2,0.7724203212338651,False,
lightgbm,main,Formal_Lab,3,73,18,num_leaves,511,2,0.7742185235032734,False,
lightgbm,main,FL,4,17,6,num_leaves,63,0,0.6421701140387819,False,
lightgbm,main,FL,4,17,6,num_leaves,127,0,0.6589151780819213,True,
lightgbm,main,FL,4,17,6,num_leaves,255,0,0.6667102221787679,False,
lightgbm,main,FL,4,17,6,num_leaves,511,0,0.6723234652343024,False,
lightgbm,main,FL,4,17,6,num_leaves,63,1,0.602054490600884,False,
lightgbm,main,FL,4,17,6,num_leaves,127,1,0.5960340922479914,True,
lightgbm,main,FL,4,17,6,num_leaves,255,1,0.5838065862197166,False,
lightgbm,main,FL,4,17,6,num_leaves,511,1,0.5730792206364332,False,
lightgbm,main,FL,4,17,6,num_leaves,63,2,0.5945764860475147,False,
lightgbm,main,FL,4,17,6,num_leaves,127,2,0.589200236083265,True,
lightgbm,main,FL,4,17,6,num_leaves,255,2,0.5884059438944401,False,
lightgbm,main,FL,4,17,6,num_leaves,511,2,0.5846847328658815,False,
lightgbm,main,FL,4,42,6,num_leaves,63,0,0.4090991483688674,False,
lightgbm,main,FL,4,42,6,num_leaves,127,0,0.4112224795048781,True,
lightgbm,main,FL,4,42,6,num_leaves,255,0,0.4042033348482572,False,
lightgbm,main,FL,4,42,6,num_leaves,511,0,0.40066425702894715,False,
lightgbm,main,FL,4,42,6,num_leaves,63,1,0.5754279865173823,False,
lightgbm,main,FL,4,42,6,num_leaves,127,1,0.5924573614890642,True,
lightgbm,main,FL,4,42,6,num_leaves,255,1,0.5896038336804675,False,
lightgbm,main,FL,4,42,6,num_leaves,511,1,0.5839475450020419,False,
lightgbm,main,FL,4,42,6,num_leaves,63,2,0.5993928207006062,False,
lightgbm,main,FL,4,42,6,num_leaves,127,2,0.5971295547513609,True,
lightgbm,main,FL,4,42,6,num_leaves,255,2,0.5853116913237019,False,
lightgbm,main,FL,4,42,6,num_leaves,511,2,0.5699096133669708,False,
lightgbm,main,FL,4,73,6,num_leaves,63,0,0.5848294576430073,True,
lightgbm,main,FL,4,73,6,num_leaves,127,0,0.5807682063635564,False,
lightgbm,main,FL,4,73,6,num_leaves,255,0,0.5747481132734382,False,
lightgbm,main,FL,4,73,6,num_leaves,511,0,0.5719715983010059,False,
lightgbm,main,FL,4,73,6,num_leaves,63,1,0.5914024749729172,True,
lightgbm,main,FL,4,73,6,num_leaves,127,1,0.5846971438368416,False,
lightgbm,main,FL,4,73,6,num_leaves,255,1,0.577590727645346,False,
lightgbm,main,FL,4,73,6,num_leaves,511,1,0.5696983088571392,False,
lightgbm,main,FL,4,73,6,num_leaves,63,2,0.6909664945909177,True,
lightgbm,main,FL,4,73,6,num_leaves,127,2,0.7011710968822427,False,
lightgbm,main,FL,4,73,6,num_leaves,255,2,0.6992963326365929,False,
lightgbm,main,FL,4,73,6,num_leaves,511,2,0.6904027068074967,False,
lightgbm,main,FL,4,17,12,num_leaves,63,0,0.638044805951277,False,
lightgbm,main,FL,4,17,12,num_leaves,127,0,0.654065344445161,False,
lightgbm,main,FL,4,17,12,num_leaves,255,0,0.6649581222627885,True,
lightgbm,main,FL,4,17,12,num_leaves,511,0,0.6713858251869351,False,
lightgbm,main,FL,4,17,12,num_leaves,63,1,0.6100661710847878,False,
lightgbm,main,FL,4,17,12,num_leaves,127,1,0.6135579622176934,False,
lightgbm,main,FL,4,17,12,num_leaves,255,1,0.6174523673381854,True,
lightgbm,main,FL,4,17,12,num_leaves,511,1,0.6098367812420817,False,
lightgbm,main,FL,4,17,12,num_leaves,63,2,0.6271912645271487,False,
lightgbm,main,FL,4,17,12,num_leaves,127,2,0.6427415631430191,False,
lightgbm,main,FL,4,17,12,num_leaves,255,2,0.6494176405494324,True,
lightgbm,main,FL,4,17,12,num_leaves,511,2,0.6456659540663386,False,
lightgbm,main,FL,4,42,12,num_leaves,63,0,0.5351609273729766,False,
lightgbm,main,FL,4,42,12,num_leaves,127,0,0.5303836152128988,False,
lightgbm,main,FL,4,42,12,num_leaves,255,0,0.5160996405982541,True,
lightgbm,main,FL,4,42,12,num_leaves,511,0,0.502593631353035,False,
lightgbm,main,FL,4,42,12,num_leaves,63,1,0.5995761379950273,False,
lightgbm,main,FL,4,42,12,num_leaves,127,1,0.6228790231571429,False,
lightgbm,main,FL,4,42,12,num_leaves,255,1,0.6402781092665639,True,
lightgbm,main,FL,4,42,12,num_leaves,511,1,0.6468052630389773,False,
lightgbm,main,FL,4,42,12,num_leaves,63,2,0.5944388529003588,False,
lightgbm,main,FL,4,42,12,num_leaves,127,2,0.6049212211603627,False,
lightgbm,main,FL,4,42,12,num_leaves,255,2,0.6129505217024267,True,
lightgbm,main,FL,4,42,12,num_leaves,511,2,0.6172489601113552,False,
lightgbm,main,FL,4,73,12,num_leaves,63,0,0.5984271801814025,False,
lightgbm,main,FL,4,73,12,num_leaves,127,0,0.5944476092413429,False,
lightgbm,main,FL,4,73,12,num_leaves,255,0,0.591374620094506,True,
lightgbm,main,FL,4,73,12,num_leaves,511,0,0.5877129141316375,False,
lightgbm,main,FL,4,73,12,num_leaves,63,1,0.6028887323035526,False,
lightgbm,main,FL,4,73,12,num_leaves,127,1,0.6040082111645054,False,
lightgbm,main,FL,4,73,12,num_leaves,255,1,0.5972814812988947,True,
lightgbm,main,FL,4,73,12,num_leaves,511,1,0.5899713000320796,False,
lightgbm,main,FL,4,73,12,num_leaves,63,2,0.6196409627598692,False,
lightgbm,main,FL,4,73,12,num_leaves,127,2,0.6367342544711896,False,
lightgbm,main,FL,4,73,12,num_leaves,255,2,0.6496384249528018,True,
lightgbm,main,FL,4,73,12,num_leaves,511,2,0.6522895704164067,False,
lightgbm,main,FL,4,17,18,num_leaves,63,0,0.5648650656070092,False,
lightgbm,main,FL,4,17,18,num_leaves,127,0,0.5776469966617822,False,
lightgbm,main,FL,4,17,18,num_leaves,255,0,0.5920364256157051,False,
lightgbm,main,FL,4,17,18,num_leaves,511,0,0.6047675250123312,True,
lightgbm,main,FL,4,17,18,num_leaves,63,1,0.6134664895413281,False,
lightgbm,main,FL,4,17,18,num_leaves,127,1,0.620180395825901,False,
lightgbm,main,FL,4,17,18,num_leaves,255,1,0.6234405491381171,False,
lightgbm,main,FL,4,17,18,num_leaves,511,1,0.6164219868958561,True,
lightgbm,main,FL,4,17,18,num_leaves,63,2,0.6236532999127465,False,
lightgbm,main,FL,4,17,18,num_leaves,127,2,0.6341845906444091,False,
lightgbm,main,FL,4,17,18,num_leaves,255,2,0.6360858837565784,False,
lightgbm,main,FL,4,17,18,num_leaves,511,2,0.6320690309284677,True,
lightgbm,main,FL,4,42,18,num_leaves,63,0,0.5618339300216874,False,
lightgbm,main,FL,4,42,18,num_leaves,127,0,0.5683855359810699,False,
lightgbm,main,FL,4,42,18,num_leaves,255,0,0.5632405489141563,False,
lightgbm,main,FL,4,42,18,num_leaves,511,0,0.5606018989720317,True,
lightgbm,main,FL,4,42,18,num_leaves,63,1,0.6137870097049708,False,
lightgbm,main,FL,4,42,18,num_leaves,127,1,0.6265051696190046,False,
lightgbm,main,FL,4,42,18,num_leaves,255,1,0.6383251230787419,False,
lightgbm,main,FL,4,42,18,num_leaves,511,1,0.6436394283991853,True,
lightgbm,main,FL,4,42,18,num_leaves,63,2,0.5943250138001349,False,
lightgbm,main,FL,4,42,18,num_leaves,127,2,0.6063770097607089,False,
lightgbm,main,FL,4,42,18,num_leaves,255,2,0.6240435482398392,False,
lightgbm,main,FL,4,42,18,num_leaves,511,2,0.6341486102523295,True,
lightgbm,main,FL,4,73,18,num_leaves,63,0,0.6094928342877681,False,
lightgbm,main,FL,4,73,18,num_leaves,127,0,0.6227823527560371,False,
lightgbm,main,FL,4,73,18,num_leaves,255,0,0.6344260668777356,False,
lightgbm,main,FL,4,73,18,num_leaves,511,0,0.6407912534842896,True,
lightgbm,main,FL,4,73,18,num_leaves,63,1,0.6143808778116602,False,
lightgbm,main,FL,4,73,18,num_leaves,127,1,0.6208879659329709,False,
lightgbm,main,FL,4,73,18,num_leaves,255,1,0.6201068174725952,False,
lightgbm,main,FL,4,73,18,num_leaves,511,1,0.6067715128703225,True,
lightgbm,main,FL,4,73,18,num_leaves,63,2,0.558353759555593,False,
lightgbm,main,FL,4,73,18,num_leaves,127,2,0.5716066162653284,False,
lightgbm,main,FL,4,73,18,num_leaves,255,2,0.5869150286938943,False,
lightgbm,main,FL,4,73,18,num_leaves,511,2,0.5945425999316404,True,
lightgbm,main,Formal_Lab,4,17,6,num_leaves,63,0,0.7323359919403727,True,
lightgbm,main,Formal_Lab,4,17,6,num_leaves,127,0,0.7338882069923662,False,
lightgbm,main,Formal_Lab,4,17,6,num_leaves,255,0,0.7338882069923662,False,
lightgbm,main,Formal_Lab,4,17,6,num_leaves,511,0,0.7338882069923662,False,
lightgbm,main,Formal_Lab,4,17,6,num_leaves,63,1,0.7240851614550372,True,
lightgbm,main,Formal_Lab,4,17,6,num_leaves,127,1,0.7152366398835,False,
lightgbm,main,Formal_Lab,4,17,6,num_leaves,255,1,0.7152366398835,False,
lightgbm,main,Formal_Lab,4,17,6,num_leaves,511,1,0.7152366398835,False,
lightgbm,main,Formal_Lab,4,17,6,num_leaves,63,2,0.8446495523571499,True,
lightgbm,main,Formal_Lab,4,17,6,num_leaves,127,2,0.8391336241416771,False,
lightgbm,main,Formal_Lab,4,17,6,num_leaves,255,2,0.8391336241416771,False,
lightgbm,main,Formal_Lab,4,17,6,num_leaves,511,2,0.8391336241416771,False,
lightgbm,main,Formal_Lab,4,42,6,num_leaves,63,0,0.7924931893891105,True,
lightgbm,main,Formal_Lab,4,42,6,num_leaves,127,0,0.788445974953295,False,
lightgbm,main,Formal_Lab,4,42,6,num_leaves,255,0,0.788445974953295,False,
lightgbm,main,Formal_Lab,4,42,6,num_leaves,511,0,0.788445974953295,False,
lightgbm,main,Formal_Lab,4,42,6,num_leaves,63,1,0.7541701138606313,True,
lightgbm,main,Formal_Lab,4,42,6,num_leaves,127,1,0.7459896178271965,False,
lightgbm,main,Formal_Lab,4,42,6,num_leaves,255,1,0.7459896178271965,False,
lightgbm,main,Formal_Lab,4,42,6,num_leaves,511,1,0.7459896178271965,False,
lightgbm,main,Formal_Lab,4,42,6,num_leaves,63,2,0.7684583163603637,True,
lightgbm,main,Formal_Lab,4,42,6,num_leaves,127,2,0.767253161612601,False,
lightgbm,main,Formal_Lab,4,42,6,num_leaves,255,2,0.767253161612601,False,
lightgbm,main,Formal_Lab,4,42,6,num_leaves,511,2,0.767253161612601,False,
lightgbm,main,Formal_Lab,4,73,6,num_leaves,63,0,0.7110439436237449,True,
lightgbm,main,Formal_Lab,4,73,6,num_leaves,127,0,0.7132098393675526,False,
lightgbm,main,Formal_Lab,4,73,6,num_leaves,255,0,0.7132098393675526,False,
lightgbm,main,Formal_Lab,4,73,6,num_leaves,511,0,0.7132098393675526,False,
lightgbm,main,Formal_Lab,4,73,6,num_leaves,63,1,0.7170443315571378,True,
lightgbm,main,Formal_Lab,4,73,6,num_leaves,127,1,0.7135317701422789,False,
lightgbm,main,Formal_Lab,4,73,6,num_leaves,255,1,0.7135317701422789,False,
lightgbm,main,Formal_Lab,4,73,6,num_leaves,511,1,0.7135317701422789,False,
lightgbm,main,Formal_Lab,4,73,6,num_leaves,63,2,0.6588741210954043,True,
lightgbm,main,Formal_Lab,4,73,6,num_leaves,127,2,0.6561981720770208,False,
lightgbm,main,Formal_Lab,4,73,6,num_leaves,255,2,0.6561981720770208,False,
lightgbm,main,Formal_Lab,4,73,6,num_leaves,511,2,0.6561981720770208,False,
lightgbm,main,Formal_Lab,4,17,12,num_leaves,63,0,0.8116185978733743,False,
lightgbm,main,Formal_Lab,4,17,12,num_leaves,127,0,0.8153542970572374,False,
lightgbm,main,Formal_Lab,4,17,12,num_leaves,255,0,0.819601066273548,True,
lightgbm,main,Formal_Lab,4,17,12,num_leaves,511,0,0.819601066273548,False,
lightgbm,main,Formal_Lab,4,17,12,num_leaves,63,1,0.7717690226556339,False,
lightgbm,main,Formal_Lab,4,17,12,num_leaves,127,1,0.7689077566954093,False,
lightgbm,main,Formal_Lab,4,17,12,num_leaves,255,1,0.7700860731788048,True,
lightgbm,main,Formal_Lab,4,17,12,num_leaves,511,1,0.7700860731788048,False,
lightgbm,main,Formal_Lab,4,17,12,num_leaves,63,2,0.7861067768376038,False,
lightgbm,main,Formal_Lab,4,17,12,num_leaves,127,2,0.7835361282639419,False,
lightgbm,main,Formal_Lab,4,17,12,num_leaves,255,2,0.7818314273703436,True,
lightgbm,main,Formal_Lab,4,17,12,num_leaves,511,2,0.7818314273703436,False,
lightgbm,main,Formal_Lab,4,42,12,num_leaves,63,0,0.8186041552012874,False,
lightgbm,main,Formal_Lab,4,42,12,num_leaves,127,0,0.8141318367507502,False,
lightgbm,main,Formal_Lab,4,42,12,num_leaves,255,0,0.8121004472404253,True,
lightgbm,main,Formal_Lab,4,42,12,num_leaves,511,0,0.8121004472404253,False,
lightgbm,main,Formal_Lab,4,42,12,num_leaves,63,1,0.7712515311135545,False,
lightgbm,main,Formal_Lab,4,42,12,num_leaves,127,1,0.7710648564402252,False,
lightgbm,main,Formal_Lab,4,42,12,num_leaves,255,1,0.7753495166481226,True,
lightgbm,main,Formal_Lab,4,42,12,num_leaves,511,1,0.7753495166481226,False,
lightgbm,main,Formal_Lab,4,42,12,num_leaves,63,2,0.7777862595304719,False,
lightgbm,main,Formal_Lab,4,42,12,num_leaves,127,2,0.7822148567656045,False,
lightgbm,main,Formal_Lab,4,42,12,num_leaves,255,2,0.7818207568362222,True,
lightgbm,main,Formal_Lab,4,42,12,num_leaves,511,2,0.7818207568362222,False,
lightgbm,main,Formal_Lab,4,73,12,num_leaves,63,0,0.82359724308849,True,
lightgbm,main,Formal_Lab,4,73,12,num_leaves,127,0,0.8221148260140785,False,
lightgbm,main,Formal_Lab,4,73,12,num_leaves,255,0,0.8277708084730659,False,
lightgbm,main,Formal_Lab,4,73,12,num_leaves,511,0,0.8277708084730659,False,
lightgbm,main,Formal_Lab,4,73,12,num_leaves,63,1,0.816446714117065,True,
lightgbm,main,Formal_Lab,4,73,12,num_leaves,127,1,0.8148249379966328,False,
lightgbm,main,Formal_Lab,4,73,12,num_leaves,255,1,0.8126028699584287,False,
lightgbm,main,Formal_Lab,4,73,12,num_leaves,511,1,0.8126028699584287,False,
lightgbm,main,Formal_Lab,4,73,12,num_leaves,63,2,0.7212516367860071,True,
lightgbm,main,Formal_Lab,4,73,12,num_leaves,127,2,0.7194356725893672,False,
lightgbm,main,Formal_Lab,4,73,12,num_leaves,255,2,0.7181287953400639,False,
lightgbm,main,Formal_Lab,4,73,12,num_leaves,511,2,0.7181287953400639,False,
lightgbm,main,Formal_Lab,4,17,18,num_leaves,63,0,0.7969516886034141,False,
lightgbm,main,Formal_Lab,4,17,18,num_leaves,127,0,0.8101634672714235,False,
lightgbm,main,Formal_Lab,4,17,18,num_leaves,255,0,0.8049859017279638,False,
lightgbm,main,Formal_Lab,4,17,18,num_leaves,511,0,0.8049859017279638,True,
lightgbm,main,Formal_Lab,4,17,18,num_leaves,63,1,0.7753458311705005,False,
lightgbm,main,Formal_Lab,4,17,18,num_leaves,127,1,0.7683438710293188,False,
lightgbm,main,Formal_Lab,4,17,18,num_leaves,255,1,0.7701479070169697,False,
lightgbm,main,Formal_Lab,4,17,18,num_leaves,511,1,0.7729750149294904,True,
lightgbm,main,Formal_Lab,4,17,18,num_leaves,63,2,0.7892285278708155,False,
lightgbm,main,Formal_Lab,4,17,18,num_leaves,127,2,0.7886274712841689,False,
lightgbm,main,Formal_Lab,4,17,18,num_leaves,255,2,0.791091881088844,False,
lightgbm,main,Formal_Lab,4,17,18,num_leaves,511,2,0.791091881088844,True,
lightgbm,main,Formal_Lab,4,42,18,num_leaves,63,0,0.7959203938669982,False,
lightgbm,main,Formal_Lab,4,42,18,num_leaves,127,0,0.7962447394266858,False,
lightgbm,main,Formal_Lab,4,42,18,num_leaves,255,0,0.7947949008577487,True,
lightgbm,main,Formal_Lab,4,42,18,num_leaves,511,0,0.7947949008577487,False,
lightgbm,main,Formal_Lab,4,42,18,num_leaves,63,1,0.7784244545484992,False,
lightgbm,main,Formal_Lab,4,42,18,num_leaves,127,1,0.7763531407881624,False,
lightgbm,main,Formal_Lab,4,42,18,num_leaves,255,1,0.7797233020563197,True,
lightgbm,main,Formal_Lab,4,42,18,num_leaves,511,1,0.7797233020563197,False,
lightgbm,main,Formal_Lab,4,42,18,num_leaves,63,2,0.8130935252425457,False,
lightgbm,main,Formal_Lab,4,42,18,num_leaves,127,2,0.8159026729828703,False,
lightgbm,main,Formal_Lab,4,42,18,num_leaves,255,2,0.8166721534930139,True,
lightgbm,main,Formal_Lab,4,42,18,num_leaves,511,2,0.8166721534930139,False,
lightgbm,main,Formal_Lab,4,73,18,num_leaves,63,0,0.8580589031040714,False,
lightgbm,main,Formal_Lab,4,73,18,num_leaves,127,0,0.8605610476022941,True,
lightgbm,main,Formal_Lab,4,73,18,num_leaves,255,0,0.8599011138375036,False,
lightgbm,main,Formal_Lab,4,73,18,num_leaves,511,0,0.8599011138375036,False,
lightgbm,main,Formal_Lab,4,73,18,num_leaves,63,1,0.795451643773502,False,
lightgbm,main,Formal_Lab,4,73,18,num_leaves,127,1,0.7908209465777648,True,
lightgbm,main,Formal_Lab,4,73,18,num_leaves,255,1,0.7915897729422333,False,
lightgbm,main,Formal_Lab,4,73,18,num_leaves,511,1,0.7915897729422333,False,
lightgbm,main,Formal_Lab,4,73,18,num_leaves,63,2,0.7571676061806616,False,
lightgbm,main,Formal_Lab,4,73,18,num_leaves,127,2,0.7635375405486119,True,
lightgbm,main,Formal_Lab,4,73,18,num_leaves,255,2,0.7574413740367575,False,
lightgbm,main,Formal_Lab,4,73,18,num_leaves,511,2,0.7574413740367575,False,
lightgbm,main,FL,5,17,6,num_leaves,63,0,0.647632556045177,False,
lightgbm,main,FL,5,17,6,num_leaves,127,0,0.6586536099656922,True,
lightgbm,main,FL,5,17,6,num_leaves,255,0,0.6606277276632747,False,
lightgbm,main,FL,5,17,6,num_leaves,511,0,0.6586061858548067,False,
lightgbm,main,FL,5,17,6,num_leaves,63,1,0.6058180140504511,False,
lightgbm,main,FL,5,17,6,num_leaves,127,1,0.6174562304131569,True,
lightgbm,main,FL,5,17,6,num_leaves,255,1,0.6177377925195138,False,
lightgbm,main,FL,5,17,6,num_leaves,511,1,0.6156611151792186,False,
lightgbm,main,FL,5,17,6,num_leaves,63,2,0.6577943862632377,False,
lightgbm,main,FL,5,17,6,num_leaves,127,2,0.6511379649471061,True,
lightgbm,main,FL,5,17,6,num_leaves,255,2,0.6355669187785159,False,
lightgbm,main,FL,5,17,6,num_leaves,511,2,0.6269216104617659,False,
lightgbm,main,FL,5,42,6,num_leaves,63,0,0.6062657426009432,False,
lightgbm,main,FL,5,42,6,num_leaves,127,0,0.6142141108400756,False,
lightgbm,main,FL,5,42,6,num_leaves,255,0,0.6183370913243339,True,
lightgbm,main,FL,5,42,6,num_leaves,511,0,0.6212696034355165,False,
lightgbm,main,FL,5,42,6,num_leaves,63,1,0.6002894503198852,False,
lightgbm,main,FL,5,42,6,num_leaves,127,1,0.6101436571423846,False,
lightgbm,main,FL,5,42,6,num_leaves,255,1,0.6137505057862217,True,
lightgbm,main,FL,5,42,6,num_leaves,511,1,0.6122658889835524,False,
lightgbm,main,FL,5,42,6,num_leaves,63,2,0.6454907509657205,False,
lightgbm,main,FL,5,42,6,num_leaves,127,2,0.6630414509034139,False,
lightgbm,main,FL,5,42,6,num_leaves,255,2,0.6683023387180174,True,
lightgbm,main,FL,5,42,6,num_leaves,511,2,0.6660779677393478,False,
lightgbm,main,FL,5,73,6,num_leaves,63,0,0.6154411888900948,False,
lightgbm,main,FL,5,73,6,num_leaves,127,0,0.6331843829640864,True,
lightgbm,main,FL,5,73,6,num_leaves,255,0,0.6415874124244486,False,
lightgbm,main,FL,5,73,6,num_leaves,511,0,0.6376545724778088,False,
lightgbm,main,FL,5,73,6,num_leaves,63,1,0.6581283992477889,False,
lightgbm,main,FL,5,73,6,num_leaves,127,1,0.6547977986205968,True,
lightgbm,main,FL,5,73,6,num_leaves,255,1,0.6466838427039935,False,
lightgbm,main,FL,5,73,6,num_leaves,511,1,0.6343496832553069,False,
lightgbm,main,FL,5,73,6,num_leaves,63,2,0.6553089319715979,False,
lightgbm,main,FL,5,73,6,num_leaves,127,2,0.6586144521411961,True,
lightgbm,main,FL,5,73,6,num_leaves,255,2,0.6513381246681584,False,
lightgbm,main,FL,5,73,6,num_leaves,511,2,0.645193881111364,False,
lightgbm,main,FL,5,17,12,num_leaves,63,0,0.641890252289036,False,
lightgbm,main,FL,5,17,12,num_leaves,127,0,0.6570392382820385,False,
lightgbm,main,FL,5,17,12,num_leaves,255,0,0.6677895505054198,True,
lightgbm,main,FL,5,17,12,num_leaves,511,0,0.6646071555368582,False,
lightgbm,main,FL,5,17,12,num_leaves,63,1,0.6245311413767225,False,
lightgbm,main,FL,5,17,12,num_leaves,127,1,0.6364037685167157,False,
lightgbm,main,FL,5,17,12,num_leaves,255,1,0.6490668121982419,True,
lightgbm,main,FL,5,17,12,num_leaves,511,1,0.6495883340131081,False,
lightgbm,main,FL,5,17,12,num_leaves,63,2,0.6197052965606415,False,
lightgbm,main,FL,5,17,12,num_leaves,127,2,0.6245379734941372,False,
lightgbm,main,FL,5,17,12,num_leaves,255,2,0.6252122692787097,True,
lightgbm,main,FL,5,17,12,num_leaves,511,2,0.6193213572608981,False,
lightgbm,main,FL,5,42,12,num_leaves,63,0,0.5219391741786352,False,
lightgbm,main,FL,5,42,12,num_leaves,127,0,0.535228558284753,False,
lightgbm,main,FL,5,42,12,num_leaves,255,0,0.550446582421497,True,
lightgbm,main,FL,5,42,12,num_leaves,511,0,0.5560475892315618,False,
lightgbm,main,FL,5,42,12,num_leaves,63,1,0.6106857755175182,False,
lightgbm,main,FL,5,42,12,num_leaves,127,1,0.6091820599897229,False,
lightgbm,main,FL,5,42,12,num_leaves,255,1,0.604812573108545,True,
lightgbm,main,FL,5,42,12,num_leaves,511,1,0.5902855089951413,False,
lightgbm,main,FL,5,42,12,num_leaves,63,2,0.6140676975055491,False,
lightgbm,main,FL,5,42,12,num_leaves,127,2,0.6289008940599403,False,
lightgbm,main,FL,5,42,12,num_leaves,255,2,0.6422379561946133,True,
lightgbm,main,FL,5,42,12,num_leaves,511,2,0.639211045706786,False,
lightgbm,main,FL,5,73,12,num_leaves,63,0,0.6136351605315842,False,
lightgbm,main,FL,5,73,12,num_leaves,127,0,0.6213764338887373,False,
lightgbm,main,FL,5,73,12,num_leaves,255,0,0.6266037050897683,True,
lightgbm,main,FL,5,73,12,num_leaves,511,0,0.6219236945364972,False,
lightgbm,main,FL,5,73,12,num_leaves,63,1,0.6282617544245284,False,
lightgbm,main,FL,5,73,12,num_leaves,127,1,0.647709972633012,False,
lightgbm,main,FL,5,73,12,num_leaves,255,1,0.6592556386294561,True,
lightgbm,main,FL,5,73,12,num_leaves,511,1,0.6598107974628549,False,
lightgbm,main,FL,5,73,12,num_leaves,63,2,0.5483063832586723,False,
lightgbm,main,FL,5,73,12,num_leaves,127,2,0.5593463104857306,False,
lightgbm,main,FL,5,73,12,num_leaves,255,2,0.5631472984186625,True,
lightgbm,main,FL,5,73,12,num_leaves,511,2,0.560152606956718,False,
lightgbm,main,FL,5,17,18,num_leaves,63,0,0.6383807969268002,False,
lightgbm,main,FL,5,17,18,num_leaves,127,0,0.649363499864367,False,
lightgbm,main,FL,5,17,18,num_leaves,255,0,0.6605516098750668,False,
lightgbm,main,FL,5,17,18,num_leaves,511,0,0.6629554397601379,True,
lightgbm,main,FL,5,17,18,num_leaves,63,1,0.5512396685066007,False,
lightgbm,main,FL,5,17,18,num_leaves,127,1,0.5619305991108515,False,
lightgbm,main,FL,5,17,18,num_leaves,255,1,0.5764182093217836,False,
lightgbm,main,FL,5,17,18,num_leaves,511,1,0.5821501130215575,True,
lightgbm,main,FL,5,17,18,num_leaves,63,2,0.6110292808119548,False,
lightgbm,main,FL,5,17,18,num_leaves,127,2,0.6200237907800853,False,
lightgbm,main,FL,5,17,18,num_leaves,255,2,0.6264807262894785,False,
lightgbm,main,FL,5,17,18,num_leaves,511,2,0.6205585893004497,True,
lightgbm,main,FL,5,42,18,num_leaves,63,0,0.5614025099824512,False,
lightgbm,main,FL,5,42,18,num_leaves,127,0,0.5768702421072581,False,
lightgbm,main,FL,5,42,18,num_leaves,255,0,0.5892016440339528,True,
lightgbm,main,FL,5,42,18,num_leaves,511,0,0.5924621545758345,False,
lightgbm,main,FL,5,42,18,num_leaves,63,1,0.6358243731222807,False,
lightgbm,main,FL,5,42,18,num_leaves,127,1,0.6410194284338343,False,
lightgbm,main,FL,5,42,18,num_leaves,255,1,0.6455303359043078,True,
lightgbm,main,FL,5,42,18,num_leaves,511,1,0.6383226164839987,False,
lightgbm,main,FL,5,42,18,num_leaves,63,2,0.6111508543277386,False,
lightgbm,main,FL,5,42,18,num_leaves,127,2,0.6232641650661211,False,
lightgbm,main,FL,5,42,18,num_leaves,255,2,0.6380903598092796,True,
lightgbm,main,FL,5,42,18,num_leaves,511,2,0.6397686779540259,False,
lightgbm,main,FL,5,73,18,num_leaves,63,0,0.6082985784068037,False,
lightgbm,main,FL,5,73,18,num_leaves,127,0,0.6161381917511274,False,
lightgbm,main,FL,5,73,18,num_leaves,255,0,0.6209489071393761,False,
lightgbm,main,FL,5,73,18,num_leaves,511,0,0.6155996596899486,True,
lightgbm,main,FL,5,73,18,num_leaves,63,1,0.6179114782694127,False,
lightgbm,main,FL,5,73,18,num_leaves,127,1,0.6313099606139191,False,
lightgbm,main,FL,5,73,18,num_leaves,255,1,0.6480433816449122,False,
lightgbm,main,FL,5,73,18,num_leaves,511,1,0.6527991416929129,True,
lightgbm,main,FL,5,73,18,num_leaves,63,2,0.5666658006477584,False,
lightgbm,main,FL,5,73,18,num_leaves,127,2,0.5769721902587969,False,
lightgbm,main,FL,5,73,18,num_leaves,255,2,0.5874647363335975,False,
lightgbm,main,FL,5,73,18,num_leaves,511,2,0.5917398583711962,True,
lightgbm,main,Formal_Lab,5,17,6,num_leaves,63,0,0.8450728373668573,False,
lightgbm,main,Formal_Lab,5,17,6,num_leaves,127,0,0.8456545600659411,True,
lightgbm,main,Formal_Lab,5,17,6,num_leaves,255,0,0.8456545600659411,False,
lightgbm,main,Formal_Lab,5,17,6,num_leaves,511,0,0.8456545600659411,False,
lightgbm,main,Formal_Lab,5,17,6,num_leaves,63,1,0.8116565915991045,False,
lightgbm,main,Formal_Lab,5,17,6,num_leaves,127,1,0.813599551388037,True,
lightgbm,main,Formal_Lab,5,17,6,num_leaves,255,1,0.813599551388037,False,
lightgbm,main,Formal_Lab,5,17,6,num_leaves,511,1,0.813599551388037,False,
lightgbm,main,Formal_Lab,5,17,6,num_leaves,63,2,0.7599085687763104,False,
lightgbm,main,Formal_Lab,5,17,6,num_leaves,127,2,0.7610832529624463,True,
lightgbm,main,Formal_Lab,5,17,6,num_leaves,255,2,0.7610832529624463,False,
lightgbm,main,Formal_Lab,5,17,6,num_leaves,511,2,0.7610832529624463,False,
lightgbm,main,Formal_Lab,5,42,6,num_leaves,63,0,0.794793548228482,True,
lightgbm,main,Formal_Lab,5,42,6,num_leaves,127,0,0.7855025972923158,False,
lightgbm,main,Formal_Lab,5,42,6,num_leaves,255,0,0.7855025972923158,False,
lightgbm,main,Formal_Lab,5,42,6,num_leaves,511,0,0.7855025972923158,False,
lightgbm,main,Formal_Lab,5,42,6,num_leaves,63,1,0.7349063415625068,True,
lightgbm,main,Formal_Lab,5,42,6,num_leaves,127,1,0.7332442685230962,False,
lightgbm,main,Formal_Lab,5,42,6,num_leaves,255,1,0.7332442685230962,False,
lightgbm,main,Formal_Lab,5,42,6,num_leaves,511,1,0.7332442685230962,False,
lightgbm,main,Formal_Lab,5,42,6,num_leaves,63,2,0.6652037609816124,True,
lightgbm,main,Formal_Lab,5,42,6,num_leaves,127,2,0.6657099707125109,False,
lightgbm,main,Formal_Lab,5,42,6,num_leaves,255,2,0.6657099707125109,False,
lightgbm,main,Formal_Lab,5,42,6,num_leaves,511,2,0.6657099707125109,False,
lightgbm,main,Formal_Lab,5,73,6,num_leaves,63,0,0.7848831818670654,True,
lightgbm,main,Formal_Lab,5,73,6,num_leaves,127,0,0.7762658988385907,False,
lightgbm,main,Formal_Lab,5,73,6,num_leaves,255,0,0.7762658988385907,False,
lightgbm,main,Formal_Lab,5,73,6,num_leaves,511,0,0.7762658988385907,False,
lightgbm,main,Formal_Lab,5,73,6,num_leaves,63,1,0.759986489313687,True,
lightgbm,main,Formal_Lab,5,73,6,num_leaves,127,1,0.7556438317097756,False,
lightgbm,main,Formal_Lab,5,73,6,num_leaves,255,1,0.7556438317097756,False,
lightgbm,main,Formal_Lab,5,73,6,num_leaves,511,1,0.7556438317097756,False,
lightgbm,main,Formal_Lab,5,73,6,num_leaves,63,2,0.7401719728524389,True,
lightgbm,main,Formal_Lab,5,73,6,num_leaves,127,2,0.7434234071436563,False,
lightgbm,main,Formal_Lab,5,73,6,num_leaves,255,2,0.7434234071436563,False,
lightgbm,main,Formal_Lab,5,73,6,num_leaves,511,2,0.7434234071436563,False,
lightgbm,main,Formal_Lab,5,17,12,num_leaves,63,0,0.8075679800293833,False,
lightgbm,main,Formal_Lab,5,17,12,num_leaves,127,0,0.8049669664757805,False,
lightgbm,main,Formal_Lab,5,17,12,num_leaves,255,0,0.8065690265145045,True,
lightgbm,main,Formal_Lab,5,17,12,num_leaves,511,0,0.8065690265145045,False,
lightgbm,main,Formal_Lab,5,17,12,num_leaves,63,1,0.7967906385851562,False,
lightgbm,main,Formal_Lab,5,17,12,num_leaves,127,1,0.7951594428138427,False,
lightgbm,main,Formal_Lab,5,17,12,num_leaves,255,1,0.7959447531342126,True,
lightgbm,main,Formal_Lab,5,17,12,num_leaves,511,1,0.7959447531342126,False,
lightgbm,main,Formal_Lab,5,17,12,num_leaves,63,2,0.7877174617425597,False,
lightgbm,main,Formal_Lab,5,17,12,num_leaves,127,2,0.7960151748690143,False,
lightgbm,main,Formal_Lab,5,17,12,num_leaves,255,2,0.7985705009451058,True,
lightgbm,main,Formal_Lab,5,17,12,num_leaves,511,2,0.7985705009451058,False,
lightgbm,main,Formal_Lab,5,42,12,num_leaves,63,0,0.8146289588665376,True,
lightgbm,main,Formal_Lab,5,42,12,num_leaves,127,0,0.823559719411946,False,
lightgbm,main,Formal_Lab,5,42,12,num_leaves,255,0,0.8207515556286566,False,
lightgbm,main,Formal_Lab,5,42,12,num_leaves,511,0,0.8207515556286566,False,
lightgbm,main,Formal_Lab,5,42,12,num_leaves,63,1,0.795745492694711,True,
lightgbm,main,Formal_Lab,5,42,12,num_leaves,127,1,0.786168061273242,False,
lightgbm,main,Formal_Lab,5,42,12,num_leaves,255,1,0.7893270901770314,False,
lightgbm,main,Formal_Lab,5,42,12,num_leaves,511,1,0.7893270901770314,False,
lightgbm,main,Formal_Lab,5,42,12,num_leaves,63,2,0.7231773024635556,True,
lightgbm,main,Formal_Lab,5,42,12,num_leaves,127,2,0.7136325452453297,False,
lightgbm,main,Formal_Lab,5,42,12,num_leaves,255,2,0.7207578606210521,False,
lightgbm,main,Formal_Lab,5,42,12,num_leaves,511,2,0.7207578606210521,False,
lightgbm,main,Formal_Lab,5,73,12,num_leaves,63,0,0.8095088989293098,False,
lightgbm,main,Formal_Lab,5,73,12,num_leaves,127,0,0.8059541870306104,False,
lightgbm,main,Formal_Lab,5,73,12,num_leaves,255,0,0.8081836775801006,True,
lightgbm,main,Formal_Lab,5,73,12,num_leaves,511,0,0.8081836775801006,False,
lightgbm,main,Formal_Lab,5,73,12,num_leaves,63,1,0.7691640922930767,False,
lightgbm,main,Formal_Lab,5,73,12,num_leaves,127,1,0.7698666204935886,False,
lightgbm,main,Formal_Lab,5,73,12,num_leaves,255,1,0.7652083329494401,True,
lightgbm,main,Formal_Lab,5,73,12,num_leaves,511,1,0.7652083329494401,False,
lightgbm,main,Formal_Lab,5,73,12,num_leaves,63,2,0.8126331698526426,False,
lightgbm,main,Formal_Lab,5,73,12,num_leaves,127,2,0.8175714868097896,False,
lightgbm,main,Formal_Lab,5,73,12,num_leaves,255,2,0.8245390856487986,True,
lightgbm,main,Formal_Lab,5,73,12,num_leaves,511,2,0.8245390856487986,False,
lightgbm,main,Formal_Lab,5,17,18,num_leaves,63,0,0.7854186194379008,True,
lightgbm,main,Formal_Lab,5,17,18,num_leaves,127,0,0.7830151494459315,False,
lightgbm,main,Formal_Lab,5,17,18,num_leaves,255,0,0.7821611394726359,False,
lightgbm,main,Formal_Lab,5,17,18,num_leaves,511,0,0.7821611394726359,False,
lightgbm,main,Formal_Lab,5,17,18,num_leaves,63,1,0.8022086950148534,True,
lightgbm,main,Formal_Lab,5,17,18,num_leaves,127,1,0.7992283287653471,False,
lightgbm,main,Formal_Lab,5,17,18,num_leaves,255,1,0.8024639324580335,False,
lightgbm,main,Formal_Lab,5,17,18,num_leaves,511,1,0.8024639324580335,False,
lightgbm,main,Formal_Lab,5,17,18,num_leaves,63,2,0.8115838834953221,True,
lightgbm,main,Formal_Lab,5,17,18,num_leaves,127,2,0.8081863967097681,False,
lightgbm,main,Formal_Lab,5,17,18,num_leaves,255,2,0.8097824375111647,False,
lightgbm,main,Formal_Lab,5,17,18,num_leaves,511,2,0.8097824375111647,False,
lightgbm,main,Formal_Lab,5,42,18,num_leaves,63,0,0.8375660501740078,False,
lightgbm,main,Formal_Lab,5,42,18,num_leaves,127,0,0.8429002685437733,True,
lightgbm,main,Formal_Lab,5,42,18,num_leaves,255,0,0.8423213405234581,False,
lightgbm,main,Formal_Lab,5,42,18,num_leaves,511,0,0.8423213405234581,False,
lightgbm,main,Formal_Lab,5,42,18,num_leaves,63,1,0.7942837942005387,False,
lightgbm,main,Formal_Lab,5,42,18,num_leaves,127,1,0.8005334853687774,True,
lightgbm,main,Formal_Lab,5,42,18,num_leaves,255,1,0.7951801939091355,False,
lightgbm,main,Formal_Lab,5,42,18,num_leaves,511,1,0.7951801939091355,False,
lightgbm,main,Formal_Lab,5,42,18,num_leaves,63,2,0.75904740262117,False,
lightgbm,main,Formal_Lab,5,42,18,num_leaves,127,2,0.7573347603558996,True,
lightgbm,main,Formal_Lab,5,42,18,num_leaves,255,2,0.7586147520956056,False,
lightgbm,main,Formal_Lab,5,42,18,num_leaves,511,2,0.7586147520956056,False,
lightgbm,main,Formal_Lab,5,73,18,num_leaves,63,0,0.8097959635817708,True,
lightgbm,main,Formal_Lab,5,73,18,num_leaves,127,0,0.8045404543141936,False,
lightgbm,main,Formal_Lab,5,73,18,num_leaves,255,0,0.8066851818031658,False,
lightgbm,main,Formal_Lab,5,73,18,num_leaves,511,0,0.8066851818031658,False,
lightgbm,main,Formal_Lab,5,73,18,num_leaves,63,1,0.7808378654999019,True,
lightgbm,main,Formal_Lab,5,73,18,num_leaves,127,1,0.7792813784893348,False,
lightgbm,main,Formal_Lab,5,73,18,num_leaves,255,1,0.7762111095908,False,
lightgbm,main,Formal_Lab,5,73,18,num_leaves,511,1,0.7758830697741219,False,
lightgbm,main,Formal_Lab,5,73,18,num_leaves,63,2,0.8305510648869739,True,
lightgbm,main,Formal_Lab,5,73,18,num_leaves,127,2,0.8335924845920496,False,
lightgbm,main,Formal_Lab,5,73,18,num_leaves,255,2,0.8346160421297338,False,
lightgbm,main,Formal_Lab,5,73,18,num_leaves,511,2,0.8346160421297338,False,
lightgbm,main,FL,6,17,6,num_leaves,63,0,0.6058846875892399,False,
lightgbm,main,FL,6,17,6,num_leaves,127,0,0.6089212224819298,True,
lightgbm,main,FL,6,17,6,num_leaves,255,0,0.6021886065623163,False,
lightgbm,main,FL,6,17,6,num_leaves,511,0,0.5909232812185684,False,
lightgbm,main,FL,6,17,6,num_leaves,63,1,0.4302465042789977,False,
lightgbm,main,FL,6,17,6,num_leaves,127,1,0.4339707557105037,True,
lightgbm,main,FL,6,17,6,num_leaves,255,1,0.43599521958197707,False,
lightgbm,main,FL,6,17,6,num_leaves,511,1,0.4330487950721855,False,
lightgbm,main,FL,6,17,6,num_leaves,63,2,0.6056399875140366,False,
lightgbm,main,FL,6,17,6,num_leaves,127,2,0.6032292496966236,True,
lightgbm,main,FL,6,17,6,num_leaves,255,2,0.5974837814782761,False,
lightgbm,main,FL,6,17,6,num_leaves,511,2,0.5727779135562852,False,
lightgbm,main,FL,6,42,6,num_leaves,63,0,0.5606164430902668,True,
lightgbm,main,FL,6,42,6,num_leaves,127,0,0.5669133266781079,False,
lightgbm,main,FL,6,42,6,num_leaves,255,0,0.5741623438409664,False,
lightgbm,main,FL,6,42,6,num_leaves,511,0,0.5742274933358205,False,
lightgbm,main,FL,6,42,6,num_leaves,63,1,0.612076601958824,True,
lightgbm,main,FL,6,42,6,num_leaves,127,1,0.6035103232411358,False,
lightgbm,main,FL,6,42,6,num_leaves,255,1,0.6006933628622656,False,
lightgbm,main,FL,6,42,6,num_leaves,511,1,0.5863786158401252,False,
lightgbm,main,FL,6,42,6,num_leaves,63,2,0.6013368661813271,True,
lightgbm,main,FL,6,42,6,num_leaves,127,2,0.5813784338986545,False,
lightgbm,main,FL,6,42,6,num_leaves,255,2,0.5635239261289746,False,
lightgbm,main,FL,6,42,6,num_leaves,511,2,0.5519400970727272,False,
lightgbm,main,FL,6,73,6,num_leaves,63,0,0.6384755387562738,False,
lightgbm,main,FL,6,73,6,num_leaves,127,0,0.6459022393089087,True,
lightgbm,main,FL,6,73,6,num_leaves,255,0,0.6497181202960262,False,
lightgbm,main,FL,6,73,6,num_leaves,511,0,0.6539491231175784,False,
lightgbm,main,FL,6,73,6,num_leaves,63,1,0.6372282959765415,False,
lightgbm,main,FL,6,73,6,num_leaves,127,1,0.6456952871398521,True,
lightgbm,main,FL,6,73,6,num_leaves,255,1,0.6365932126455911,False,
lightgbm,main,FL,6,73,6,num_leaves,511,1,0.6259104707084839,False,
lightgbm,main,FL,6,73,6,num_leaves,63,2,0.6013310306113064,False,
lightgbm,main,FL,6,73,6,num_leaves,127,2,0.6061751038074494,True,
lightgbm,main,FL,6,73,6,num_leaves,255,2,0.6049695849468728,False,
lightgbm,main,FL,6,73,6,num_leaves,511,2,0.6053292854104342,False,
lightgbm,main,FL,6,17,12,num_leaves,63,0,0.5963597710774191,False,
lightgbm,main,FL,6,17,12,num_leaves,127,0,0.6043052616118606,False,
lightgbm,main,FL,6,17,12,num_leaves,255,0,0.6134734823542859,True,
lightgbm,main,FL,6,17,12,num_leaves,511,0,0.6110987102809621,False,
lightgbm,main,FL,6,17,12,num_leaves,63,1,0.5203179744820013,False,
lightgbm,main,FL,6,17,12,num_leaves,127,1,0.5310770975270066,False,
lightgbm,main,FL,6,17,12,num_leaves,255,1,0.5324116660065813,True,
lightgbm,main,FL,6,17,12,num_leaves,511,1,0.5222786973494069,False,
lightgbm,main,FL,6,17,12,num_leaves,63,2,0.5921562515189499,False,
lightgbm,main,FL,6,17,12,num_leaves,127,2,0.6016970775670276,False,
lightgbm,main,FL,6,17,12,num_leaves,255,2,0.6072228006254271,True,
lightgbm,main,FL,6,17,12,num_leaves,511,2,0.6063863430603784,False,
lightgbm,main,FL,6,42,12,num_leaves,63,0,0.6033099618570916,False,
lightgbm,main,FL,6,42,12,num_leaves,127,0,0.6095170227250455,False,
lightgbm,main,FL,6,42,12,num_leaves,255,0,0.6125040070598287,True,
lightgbm,main,FL,6,42,12,num_leaves,511,0,0.6083947699494414,False,
lightgbm,main,FL,6,42,12,num_leaves,63,1,0.6097872180056837,False,
lightgbm,main,FL,6,42,12,num_leaves,127,1,0.6133763206281839,False,
lightgbm,main,FL,6,42,12,num_leaves,255,1,0.611054881408542,True,
lightgbm,main,FL,6,42,12,num_leaves,511,1,0.6046754147799925,False,
lightgbm,main,FL,6,42,12,num_leaves,63,2,0.6585963046342163,False,
lightgbm,main,FL,6,42,12,num_leaves,127,2,0.665874311617016,False,
lightgbm,main,FL,6,42,12,num_leaves,255,2,0.6735687935664549,True,
lightgbm,main,FL,6,42,12,num_leaves,511,2,0.6750154234933677,False,
lightgbm,main,FL,6,73,12,num_leaves,63,0,0.6366211711927555,False,
lightgbm,main,FL,6,73,12,num_leaves,127,0,0.650215829987072,False,
lightgbm,main,FL,6,73,12,num_leaves,255,0,0.6560431940314089,True,
lightgbm,main,FL,6,73,12,num_leaves,511,0,0.6485653187682928,False,
lightgbm,main,FL,6,73,12,num_leaves,63,1,0.5279976482937413,False,
lightgbm,main,FL,6,73,12,num_leaves,127,1,0.5343660228750571,False,
lightgbm,main,FL,6,73,12,num_leaves,255,1,0.5345943846936965,True,
lightgbm,main,FL,6,73,12,num_leaves,511,1,0.531336794113894,False,
lightgbm,main,FL,6,73,12,num_leaves,63,2,0.6230197105684423,False,
lightgbm,main,FL,6,73,12,num_leaves,127,2,0.6267175270409288,False,
lightgbm,main,FL,6,73,12,num_leaves,255,2,0.6214554460995513,True,
lightgbm,main,FL,6,73,12,num_leaves,511,2,0.6101649599734554,False,
lightgbm,main,FL,6,17,18,num_leaves,63,0,0.6214568010730687,False,
lightgbm,main,FL,6,17,18,num_leaves,127,0,0.6285621861765349,False,
lightgbm,main,FL,6,17,18,num_leaves,255,0,0.63516000686413,True,
lightgbm,main,FL,6,17,18,num_leaves,511,0,0.6321066895786956,False,
lightgbm,main,FL,6,17,18,num_leaves,63,1,0.5680460333433732,False,
lightgbm,main,FL,6,17,18,num_leaves,127,1,0.578442080527702,False,
lightgbm,main,FL,6,17,18,num_leaves,255,1,0.5889019003576322,True,
lightgbm,main,FL,6,17,18,num_leaves,511,1,0.5899166606248173,False,
lightgbm,main,FL,6,17,18,num_leaves,63,2,0.6125452239125321,False,
lightgbm,main,FL,6,17,18,num_leaves,127,2,0.6209252856082751,False,
lightgbm,main,FL,6,17,18,num_leaves,255,2,0.6282967868168957,True,
lightgbm,main,FL,6,17,18,num_leaves,511,2,0.6300068733596547,False,
lightgbm,main,FL,6,42,18,num_leaves,63,0,0.6252890872332805,False,
lightgbm,main,FL,6,42,18,num_leaves,127,0,0.6325980050551757,False,
lightgbm,main,FL,6,42,18,num_leaves,255,0,0.6385317099868854,True,
lightgbm,main,FL,6,42,18,num_leaves,511,0,0.6323090273989667,False,
lightgbm,main,FL,6,42,18,num_leaves,63,1,0.5662793758523108,False,
lightgbm,main,FL,6,42,18,num_leaves,127,1,0.5744800849134355,False,
lightgbm,main,FL,6,42,18,num_leaves,255,1,0.5845077347162173,True,
lightgbm,main,FL,6,42,18,num_leaves,511,1,0.5863020225054764,False,
lightgbm,main,FL,6,42,18,num_leaves,63,2,0.6388327114669717,False,
lightgbm,main,FL,6,42,18,num_leaves,127,2,0.6529291200542142,False,
lightgbm,main,FL,6,42,18,num_leaves,255,2,0.6648251942318181,True,
lightgbm,main,FL,6,42,18,num_leaves,511,2,0.6680230190377179,False,
lightgbm,main,FL,6,73,18,num_leaves,63,0,0.629208555360604,False,
lightgbm,main,FL,6,73,18,num_leaves,127,0,0.6368428537306304,False,
lightgbm,main,FL,6,73,18,num_leaves,255,0,0.6478333142343944,False,
lightgbm,main,FL,6,73,18,num_leaves,511,0,0.6499834121837201,True,
lightgbm,main,FL,6,73,18,num_leaves,63,1,0.5592584320994624,False,
lightgbm,main,FL,6,73,18,num_leaves,127,1,0.5645223334806823,False,
lightgbm,main,FL,6,73,18,num_leaves,255,1,0.5701837245815242,False,
lightgbm,main,FL,6,73,18,num_leaves,511,1,0.5660010511727175,True,
lightgbm,main,FL,6,73,18,num_leaves,63,2,0.6162250873868907,False,
lightgbm,main,FL,6,73,18,num_leaves,127,2,0.6272817925880106,False,
lightgbm,main,FL,6,73,18,num_leaves,255,2,0.635724134060543,False,
lightgbm,main,FL,6,73,18,num_leaves,511,2,0.6390667903280178,True,
lightgbm,main,Formal_Lab,6,17,6,num_leaves,63,0,0.8136748278284496,True,
lightgbm,main,Formal_Lab,6,17,6,num_leaves,127,0,0.8056257652176426,False,
lightgbm,main,Formal_Lab,6,17,6,num_leaves,255,0,0.8056257652176426,False,
lightgbm,main,Formal_Lab,6,17,6,num_leaves,511,0,0.8056257652176426,False,
lightgbm,main,Formal_Lab,6,17,6,num_leaves,63,1,0.7526286371192122,True,
lightgbm,main,Formal_Lab,6,17,6,num_leaves,127,1,0.7537112653472745,False,
lightgbm,main,Formal_Lab,6,17,6,num_leaves,255,1,0.7537112653472745,False,
lightgbm,main,Formal_Lab,6,17,6,num_leaves,511,1,0.7537112653472745,False,
lightgbm,main,Formal_Lab,6,17,6,num_leaves,63,2,0.7862155431947081,True,
lightgbm,main,Formal_Lab,6,17,6,num_leaves,127,2,0.7724107272862626,False,
lightgbm,main,Formal_Lab,6,17,6,num_leaves,255,2,0.7724107272862626,False,
lightgbm,main,Formal_Lab,6,17,6,num_leaves,511,2,0.7724107272862626,False,
lightgbm,main,Formal_Lab,6,42,6,num_leaves,63,0,0.741329762497775,False,
lightgbm,main,Formal_Lab,6,42,6,num_leaves,127,0,0.7452021503088522,True,
lightgbm,main,Formal_Lab,6,42,6,num_leaves,255,0,0.7452021503088522,False,
lightgbm,main,Formal_Lab,6,42,6,num_leaves,511,0,0.7452021503088522,False,
lightgbm,main,Formal_Lab,6,42,6,num_leaves,63,1,0.8007326478499943,False,
lightgbm,main,Formal_Lab,6,42,6,num_leaves,127,1,0.8147322226801337,True,
lightgbm,main,Formal_Lab,6,42,6,num_leaves,255,1,0.8147322226801337,False,
lightgbm,main,Formal_Lab,6,42,6,num_leaves,511,1,0.8147322226801337,False,
lightgbm,main,Formal_Lab,6,42,6,num_leaves,63,2,0.7127149121407106,False,
lightgbm,main,Formal_Lab,6,42,6,num_leaves,127,2,0.7168718715245592,True,
lightgbm,main,Formal_Lab,6,42,6,num_leaves,255,2,0.7168718715245592,False,
lightgbm,main,Formal_Lab,6,42,6,num_leaves,511,2,0.7168718715245592,False,
lightgbm,main,Formal_Lab,6,73,6,num_leaves,63,0,0.8316734085121873,False,
lightgbm,main,Formal_Lab,6,73,6,num_leaves,127,0,0.8424047764020912,True,
lightgbm,main,Formal_Lab,6,73,6,num_leaves,255,0,0.8424047764020912,False,
lightgbm,main,Formal_Lab,6,73,6,num_leaves,511,0,0.8424047764020912,False,
lightgbm,main,Formal_Lab,6,73,6,num_leaves,63,1,0.7275915829044598,False,
lightgbm,main,Formal_Lab,6,73,6,num_leaves,127,1,0.7316270549471633,True,
lightgbm,main,Formal_Lab,6,73,6,num_leaves,255,1,0.7316270549471633,False,
lightgbm,main,Formal_Lab,6,73,6,num_leaves,511,1,0.7316270549471633,False,
lightgbm,main,Formal_Lab,6,73,6,num_leaves,63,2,0.7594854500540386,False,
lightgbm,main,Formal_Lab,6,73,6,num_leaves,127,2,0.7547454757880634,True,
lightgbm,main,Formal_Lab,6,73,6,num_leaves,255,2,0.7547454757880634,False,
lightgbm,main,Formal_Lab,6,73,6,num_leaves,511,2,0.7547454757880634,False,
lightgbm,main,Formal_Lab,6,17,12,num_leaves,63,0,0.8126208426357491,False,
lightgbm,main,Formal_Lab,6,17,12,num_leaves,127,0,0.8159702216725067,False,
lightgbm,main,Formal_Lab,6,17,12,num_leaves,255,0,0.8115555630591487,True,
lightgbm,main,Formal_Lab,6,17,12,num_leaves,511,0,0.8115555630591487,False,
lightgbm,main,Formal_Lab,6,17,12,num_leaves,63,1,0.7615050038322397,False,
lightgbm,main,Formal_Lab,6,17,12,num_leaves,127,1,0.7621756873983729,False,
lightgbm,main,Formal_Lab,6,17,12,num_leaves,255,1,0.7615443765536715,True,
lightgbm,main,Formal_Lab,6,17,12,num_leaves,511,1,0.7615443765536715,False,
lightgbm,main,Formal_Lab,6,17,12,num_leaves,63,2,0.7896087763269432,False,
lightgbm,main,Formal_Lab,6,17,12,num_leaves,127,2,0.7884457588006668,False,
lightgbm,main,Formal_Lab,6,17,12,num_leaves,255,2,0.7958068748237901,True,
lightgbm,main,Formal_Lab,6,17,12,num_leaves,511,2,0.7958068748237901,False,
lightgbm,main,Formal_Lab,6,42,12,num_leaves,63,0,0.7884620507411126,False,
lightgbm,main,Formal_Lab,6,42,12,num_leaves,127,0,0.7965728248467099,False,
lightgbm,main,Formal_Lab,6,42,12,num_leaves,255,0,0.8035590786406223,True,
lightgbm,main,Formal_Lab,6,42,12,num_leaves,511,0,0.8035590786406223,False,
lightgbm,main,Formal_Lab,6,42,12,num_leaves,63,1,0.834216407501998,False,
lightgbm,main,Formal_Lab,6,42,12,num_leaves,127,1,0.8361087862426904,False,
lightgbm,main,Formal_Lab,6,42,12,num_leaves,255,1,0.8382931545328156,True,
lightgbm,main,Formal_Lab,6,42,12,num_leaves,511,1,0.8382931545328156,False,
lightgbm,main,Formal_Lab,6,42,12,num_leaves,63,2,0.7248420141670441,False,
lightgbm,main,Formal_Lab,6,42,12,num_leaves,127,2,0.7183898600244962,False,
lightgbm,main,Formal_Lab,6,42,12,num_leaves,255,2,0.717700682540583,True,
lightgbm,main,Formal_Lab,6,42,12,num_leaves,511,2,0.717700682540583,False,
lightgbm,main,Formal_Lab,6,73,12,num_leaves,63,0,0.8268661306480427,False,
lightgbm,main,Formal_Lab,6,73,12,num_leaves,127,0,0.8296466179273371,False,
lightgbm,main,Formal_Lab,6,73,12,num_leaves,255,0,0.8266391892061088,True,
lightgbm,main,Formal_Lab,6,73,12,num_leaves,511,0,0.8266391892061088,False,
lightgbm,main,Formal_Lab,6,73,12,num_leaves,63,1,0.7787875762070571,False,
lightgbm,main,Formal_Lab,6,73,12,num_leaves,127,1,0.774610607059312,False,
lightgbm,main,Formal_Lab,6,73,12,num_leaves,255,1,0.7798439515661287,True,
lightgbm,main,Formal_Lab,6,73,12,num_leaves,511,1,0.7798439515661287,False,
lightgbm,main,Formal_Lab,6,73,12,num_leaves,63,2,0.7164655147046337,False,
lightgbm,main,Formal_Lab,6,73,12,num_leaves,127,2,0.7155102373012213,False,
lightgbm,main,Formal_Lab,6,73,12,num_leaves,255,2,0.7174861384984195,True,
lightgbm,main,Formal_Lab,6,73,12,num_leaves,511,2,0.7174861384984195,False,
lightgbm,main,Formal_Lab,6,17,18,num_leaves,63,0,0.8060881595771221,True,
lightgbm,main,Formal_Lab,6,17,18,num_leaves,127,0,0.8045651360182057,False,
lightgbm,main,Formal_Lab,6,17,18,num_leaves,255,0,0.8045143193982791,False,
lightgbm,main,Formal_Lab,6,17,18,num_leaves,511,0,0.8045143193982791,False,
lightgbm,main,Formal_Lab,6,17,18,num_leaves,63,1,0.7497746324531439,True,
lightgbm,main,Formal_Lab,6,17,18,num_leaves,127,1,0.7458921679855384,False,
lightgbm,main,Formal_Lab,6,17,18,num_leaves,255,1,0.7517360002234578,False,
lightgbm,main,Formal_Lab,6,17,18,num_leaves,511,1,0.7527648752513313,False,
lightgbm,main,Formal_Lab,6,17,18,num_leaves,63,2,0.8175581585255108,True,
lightgbm,main,Formal_Lab,6,17,18,num_leaves,127,2,0.8105006905767692,False,
lightgbm,main,Formal_Lab,6,17,18,num_leaves,255,2,0.8155105264249493,False,
lightgbm,main,Formal_Lab,6,17,18,num_leaves,511,2,0.8155105264249493,False,
lightgbm,main,Formal_Lab,6,42,18,num_leaves,63,0,0.7736618086888939,True,
lightgbm,main,Formal_Lab,6,42,18,num_leaves,127,0,0.7758005639269753,False,
lightgbm,main,Formal_Lab,6,42,18,num_leaves,255,0,0.7759332503672226,False,
lightgbm,main,Formal_Lab,6,42,18,num_leaves,511,0,0.775547220000588,False,
lightgbm,main,Formal_Lab,6,42,18,num_leaves,63,1,0.8353708229702702,True,
lightgbm,main,Formal_Lab,6,42,18,num_leaves,127,1,0.8403246444209742,False,
lightgbm,main,Formal_Lab,6,42,18,num_leaves,255,1,0.8334487522870946,False,
lightgbm,main,Formal_Lab,6,42,18,num_leaves,511,1,0.8334487522870946,False,
lightgbm,main,Formal_Lab,6,42,18,num_leaves,63,2,0.7834386120864375,True,
lightgbm,main,Formal_Lab,6,42,18,num_leaves,127,2,0.774618862038276,False,
lightgbm,main,Formal_Lab,6,42,18,num_leaves,255,2,0.7728264699655051,False,
lightgbm,main,Formal_Lab,6,42,18,num_leaves,511,2,0.780498367639824,False,
lightgbm,main,Formal_Lab,6,73,18,num_leaves,63,0,0.8287915699551084,False,
lightgbm,main,Formal_Lab,6,73,18,num_leaves,127,0,0.8293682088161577,False,
lightgbm,main,Formal_Lab,6,73,18,num_leaves,255,0,0.8337168752060354,True,
lightgbm,main,Formal_Lab,6,73,18,num_leaves,511,0,0.8337168752060354,False,
lightgbm,main,Formal_Lab,6,73,18,num_leaves,63,1,0.8015205462326788,False,
lightgbm,main,Formal_Lab,6,73,18,num_leaves,127,1,0.8027952743974446,False,
lightgbm,main,Formal_Lab,6,73,18,num_leaves,255,1,0.8059848158984929,True,
lightgbm,main,Formal_Lab,6,73,18,num_leaves,511,1,0.8059848158984929,False,
lightgbm,main,Formal_Lab,6,73,18,num_leaves,63,2,0.745722223319047,False,
lightgbm,main,Formal_Lab,6,73,18,num_leaves,127,2,0.7482616579124209,False,
lightgbm,main,Formal_Lab,6,73,18,num_leaves,255,2,0.7454082899525102,True,
lightgbm,main,Formal_Lab,6,73,18,num_leaves,511,2,0.7454082899525102,False,
lightgbm,main,FL,7,17,6,num_leaves,63,0,0.6078361851349354,True,
lightgbm,main,FL,7,17,6,num_leaves,127,0,0.6218178002462849,False,
lightgbm,main,FL,7,17,6,num_leaves,255,0,0.6321773454898305,False,
lightgbm,main,FL,7,17,6,num_leaves,511,0,0.6337934358880548,False,
lightgbm,main,FL,7,17,6,num_leaves,63,1,0.6070903569001638,True,
lightgbm,main,FL,7,17,6,num_leaves,127,1,0.6005208472791286,False,
lightgbm,main,FL,7,17,6,num_leaves,255,1,0.590109337141411,False,
lightgbm,main,FL,7,17,6,num_leaves,511,1,0.5842106713737989,False,
lightgbm,main,FL,7,17,6,num_leaves,63,2,0.593746783584167,True,
lightgbm,main,FL,7,17,6,num_leaves,127,2,0.5856115776657551,False,
lightgbm,main,FL,7,17,6,num_leaves,255,2,0.5830626804355299,False,
lightgbm,main,FL,7,17,6,num_leaves,511,2,0.5836233357060439,False,
lightgbm,main,FL,7,42,6,num_leaves,63,0,0.5628828003635519,False,
lightgbm,main,FL,7,42,6,num_leaves,127,0,0.5784842411993572,False,
lightgbm,main,FL,7,42,6,num_leaves,255,0,0.5807598514676853,True,
lightgbm,main,FL,7,42,6,num_leaves,511,0,0.579512812700842,False,
lightgbm,main,FL,7,42,6,num_leaves,63,1,0.6032506338712371,False,
lightgbm,main,FL,7,42,6,num_leaves,127,1,0.6093965319841244,False,
lightgbm,main,FL,7,42,6,num_leaves,255,1,0.609284199106104,True,
lightgbm,main,FL,7,42,6,num_leaves,511,1,0.6052099723855145,False,
lightgbm,main,FL,7,42,6,num_leaves,63,2,0.6009678364807345,False,
lightgbm,main,FL,7,42,6,num_leaves,127,2,0.602908181383065,False,
lightgbm,main,FL,7,42,6,num_leaves,255,2,0.6038698710065568,True,
lightgbm,main,FL,7,42,6,num_leaves,511,2,0.5990392261028474,False,
lightgbm,main,FL,7,73,6,num_leaves,63,0,0.5931046923772445,True,
lightgbm,main,FL,7,73,6,num_leaves,127,0,0.603009269936603,False,
lightgbm,main,FL,7,73,6,num_leaves,255,0,0.6065352829216508,False,
lightgbm,main,FL,7,73,6,num_leaves,511,0,0.6054562813212057,False,
lightgbm,main,FL,7,73,6,num_leaves,63,1,0.5900914430291073,True,
lightgbm,main,FL,7,73,6,num_leaves,127,1,0.591594875642403,False,
lightgbm,main,FL,7,73,6,num_leaves,255,1,0.5829075393416474,False,
lightgbm,main,FL,7,73,6,num_leaves,511,1,0.576095782096677,False,
lightgbm,main,FL,7,73,6,num_leaves,63,2,0.6259419125959227,True,
lightgbm,main,FL,7,73,6,num_leaves,127,2,0.6102775826620435,False,
lightgbm,main,FL,7,73,6,num_leaves,255,2,0.5974569085448223,False,
lightgbm,main,FL,7,73,6,num_leaves,511,2,0.5884784666094102,False,
lightgbm,main,FL,7,17,12,num_leaves,63,0,0.6130000978112825,False,
lightgbm,main,FL,7,17,12,num_leaves,127,0,0.6216065272268718,False,
lightgbm,main,FL,7,17,12,num_leaves,255,0,0.6238014472335505,True,
lightgbm,main,FL,7,17,12,num_leaves,511,0,0.6242241473442085,False,
lightgbm,main,FL,7,17,12,num_leaves,63,1,0.610595632042191,False,
lightgbm,main,FL,7,17,12,num_leaves,127,1,0.6165565791643124,False,
lightgbm,main,FL,7,17,12,num_leaves,255,1,0.6168348720671137,True,
lightgbm,main,FL,7,17,12,num_leaves,511,1,0.6114973561551393,False,
lightgbm,main,FL,7,17,12,num_leaves,63,2,0.6166558838072529,False,
lightgbm,main,FL,7,17,12,num_leaves,127,2,0.6265637599314756,False,
lightgbm,main,FL,7,17,12,num_leaves,255,2,0.6354106152995402,True,
lightgbm,main,FL,7,17,12,num_leaves,511,2,0.6299688434619904,False,
lightgbm,main,FL,7,42,12,num_leaves,63,0,0.6263284537425207,False,
lightgbm,main,FL,7,42,12,num_leaves,127,0,0.6406309198828555,False,
lightgbm,main,FL,7,42,12,num_leaves,255,0,0.6555173207355866,True,
lightgbm,main,FL,7,42,12,num_leaves,511,0,0.6573490308586023,False,
lightgbm,main,FL,7,42,12,num_leaves,63,1,0.6340058465467548,False,
lightgbm,main,FL,7,42,12,num_leaves,127,1,0.6361137528592853,False,
lightgbm,main,FL,7,42,12,num_leaves,255,1,0.6316724185789587,True,
lightgbm,main,FL,7,42,12,num_leaves,511,1,0.6218814370091752,False,
lightgbm,main,FL,7,42,12,num_leaves,63,2,0.597640413447956,False,
lightgbm,main,FL,7,42,12,num_leaves,127,2,0.6064977910349552,False,
lightgbm,main,FL,7,42,12,num_leaves,255,2,0.6150217928043453,True,
lightgbm,main,FL,7,42,12,num_leaves,511,2,0.6135585737735878,False,
lightgbm,main,FL,7,73,12,num_leaves,63,0,0.6225895196708278,False,
lightgbm,main,FL,7,73,12,num_leaves,127,0,0.6406574219221768,False,
lightgbm,main,FL,7,73,12,num_leaves,255,0,0.6557116991871474,True,
lightgbm,main,FL,7,73,12,num_leaves,511,0,0.6620221725234471,False,
lightgbm,main,FL,7,73,12,num_leaves,63,1,0.6154147082575383,False,
lightgbm,main,FL,7,73,12,num_leaves,127,1,0.6264104042979024,False,
lightgbm,main,FL,7,73,12,num_leaves,255,1,0.6195415047763018,True,
lightgbm,main,FL,7,73,12,num_leaves,511,1,0.6119502635748718,False,
lightgbm,main,FL,7,73,12,num_leaves,63,2,0.6211944715112316,False,
lightgbm,main,FL,7,73,12,num_leaves,127,2,0.6219434950012674,False,
lightgbm,main,FL,7,73,12,num_leaves,255,2,0.6157038653088933,True,
lightgbm,main,FL,7,73,12,num_leaves,511,2,0.6083696471093496,False,
lightgbm,main,FL,7,17,18,num_leaves,63,0,0.6251108593834531,False,
lightgbm,main,FL,7,17,18,num_leaves,127,0,0.6375783779326846,False,
lightgbm,main,FL,7,17,18,num_leaves,255,0,0.6503309025047005,True,
lightgbm,main,FL,7,17,18,num_leaves,511,0,0.6542786889857931,False,
lightgbm,main,FL,7,17,18,num_leaves,63,1,0.6050649235448834,False,
lightgbm,main,FL,7,17,18,num_leaves,127,1,0.6119147419650495,False,
lightgbm,main,FL,7,17,18,num_leaves,255,1,0.6211617591987032,True,
lightgbm,main,FL,7,17,18,num_leaves,511,1,0.6171361609362495,False,
lightgbm,main,FL,7,17,18,num_leaves,63,2,0.6315117985520412,False,
lightgbm,main,FL,7,17,18,num_leaves,127,2,0.6391385116517975,False,
lightgbm,main,FL,7,17,18,num_leaves,255,2,0.6495575320264181,True,
lightgbm,main,FL,7,17,18,num_leaves,511,2,0.6436972679764345,False,
lightgbm,main,FL,7,42,18,num_leaves,63,0,0.6194505916786865,False,
lightgbm,main,FL,7,42,18,num_leaves,127,0,0.63450601165091,False,
lightgbm,main,FL,7,42,18,num_leaves,255,0,0.6484696900865415,False,
lightgbm,main,FL,7,42,18,num_leaves,511,0,0.6563139278511194,True,
lightgbm,main,FL,7,42,18,num_leaves,63,1,0.6133726580587537,False,
lightgbm,main,FL,7,42,18,num_leaves,127,1,0.6258666406495969,False,
lightgbm,main,FL,7,42,18,num_leaves,255,1,0.6326480629361928,False,
lightgbm,main,FL,7,42,18,num_leaves,511,1,0.6344836476542478,True,
lightgbm,main,FL,7,42,18,num_leaves,63,2,0.6180151069583365,False,
lightgbm,main,FL,7,42,18,num_leaves,127,2,0.6251609814558466,False,
lightgbm,main,FL,7,42,18,num_leaves,255,2,0.631956780949933,False,
lightgbm,main,FL,7,42,18,num_leaves,511,2,0.6348970002950828,True,
lightgbm,main,FL,7,73,18,num_leaves,63,0,0.6208666935437458,False,
lightgbm,main,FL,7,73,18,num_leaves,127,0,0.6347719348643116,False,
lightgbm,main,FL,7,73,18,num_leaves,255,0,0.6522242233398327,False,
lightgbm,main,FL,7,73,18,num_leaves,511,0,0.6638484041792846,True,
lightgbm,main,FL,7,73,18,num_leaves,63,1,0.627441244573138,False,
lightgbm,main,FL,7,73,18,num_leaves,127,1,0.6349207264081592,False,
lightgbm,main,FL,7,73,18,num_leaves,255,1,0.6378331096954398,False,
lightgbm,main,FL,7,73,18,num_leaves,511,1,0.6275740696329638,True,
lightgbm,main,FL,7,73,18,num_leaves,63,2,0.6173839146477879,False,
lightgbm,main,FL,7,73,18,num_leaves,127,2,0.6279331570771566,False,
lightgbm,main,FL,7,73,18,num_leaves,255,2,0.6324099030870706,False,
lightgbm,main,FL,7,73,18,num_leaves,511,2,0.6345841902533772,True,
lightgbm,main,Formal_Lab,7,17,6,num_leaves,63,0,0.706576459123235,True,
lightgbm,main,Formal_Lab,7,17,6,num_leaves,127,0,0.7138293242065186,False,
lightgbm,main,Formal_Lab,7,17,6,num_leaves,255,0,0.7138293242065186,False,
lightgbm,main,Formal_Lab,7,17,6,num_leaves,511,0,0.7138293242065186,False,
lightgbm,main,Formal_Lab,7,17,6,num_leaves,63,1,0.6213650374800207,True,
lightgbm,main,Formal_Lab,7,17,6,num_leaves,127,1,0.6149561774620589,False,
lightgbm,main,Formal_Lab,7,17,6,num_leaves,255,1,0.6149561774620589,False,
lightgbm,main,Formal_Lab,7,17,6,num_leaves,511,1,0.6149561774620589,False,
lightgbm,main,Formal_Lab,7,17,6,num_leaves,63,2,0.5663516161317144,True,
lightgbm,main,Formal_Lab,7,17,6,num_leaves,127,2,0.5618056003924423,False,
lightgbm,main,Formal_Lab,7,17,6,num_leaves,255,2,0.5618056003924423,False,
lightgbm,main,Formal_Lab,7,17,6,num_leaves,511,2,0.5618056003924423,False,
lightgbm,main,Formal_Lab,7,42,6,num_leaves,63,0,0.6275743331470323,True,
lightgbm,main,Formal_Lab,7,42,6,num_leaves,127,0,0.6369431594038069,False,
lightgbm,main,Formal_Lab,7,42,6,num_leaves,255,0,0.6369431594038069,False,
lightgbm,main,Formal_Lab,7,42,6,num_leaves,511,0,0.6369431594038069,False,
lightgbm,main,Formal_Lab,7,42,6,num_leaves,63,1,0.8104759729818612,True,
lightgbm,main,Formal_Lab,7,42,6,num_leaves,127,1,0.8025158605167564,False,
lightgbm,main,Formal_Lab,7,42,6,num_leaves,255,1,0.8025158605167564,False,
lightgbm,main,Formal_Lab,7,42,6,num_leaves,511,1,0.8025158605167564,False,
lightgbm,main,Formal_Lab,7,42,6,num_leaves,63,2,0.8101854786049854,True,
lightgbm,main,Formal_Lab,7,42,6,num_leaves,127,2,0.8048999814267557,False,
lightgbm,main,Formal_Lab,7,42,6,num_leaves,255,2,0.8048999814267557,False,
lightgbm,main,Formal_Lab,7,42,6,num_leaves,511,2,0.8048999814267557,False,
lightgbm,main,Formal_Lab,7,73,6,num_leaves,63,0,0.7449563358080206,False,
lightgbm,main,Formal_Lab,7,73,6,num_leaves,127,0,0.7407924117042224,True,
lightgbm,main,Formal_Lab,7,73,6,num_leaves,255,0,0.7407924117042224,False,
lightgbm,main,Formal_Lab,7,73,6,num_leaves,511,0,0.7407924117042224,False,
lightgbm,main,Formal_Lab,7,73,6,num_leaves,63,1,0.6377288949887601,False,
lightgbm,main,Formal_Lab,7,73,6,num_leaves,127,1,0.6442179354075963,True,
lightgbm,main,Formal_Lab,7,73,6,num_leaves,255,1,0.6442179354075963,False,
lightgbm,main,Formal_Lab,7,73,6,num_leaves,511,1,0.6442179354075963,False,
lightgbm,main,Formal_Lab,7,73,6,num_leaves,63,2,0.7716449997078194,False,
lightgbm,main,Formal_Lab,7,73,6,num_leaves,127,2,0.7797151807157232,True,
lightgbm,main,Formal_Lab,7,73,6,num_leaves,255,2,0.7797151807157232,False,
lightgbm,main,Formal_Lab,7,73,6,num_leaves,511,2,0.7797151807157232,False,
lightgbm,main,Formal_Lab,7,17,12,num_leaves,63,0,0.7621858404912732,False,
lightgbm,main,Formal_Lab,7,17,12,num_leaves,127,0,0.7669172647969444,True,
lightgbm,main,Formal_Lab,7,17,12,num_leaves,255,0,0.7634235099882484,False,
lightgbm,main,Formal_Lab,7,17,12,num_leaves,511,0,0.7634235099882484,False,
lightgbm,main,Formal_Lab,7,17,12,num_leaves,63,1,0.7871160655575463,False,
lightgbm,main,Formal_Lab,7,17,12,num_leaves,127,1,0.7903010289142292,True,
lightgbm,main,Formal_Lab,7,17,12,num_leaves,255,1,0.782990561309024,False,
lightgbm,main,Formal_Lab,7,17,12,num_leaves,511,1,0.782990561309024,False,
lightgbm,main,Formal_Lab,7,17,12,num_leaves,63,2,0.7873645329671477,False,
lightgbm,main,Formal_Lab,7,17,12,num_leaves,127,2,0.788655995890193,True,
lightgbm,main,Formal_Lab,7,17,12,num_leaves,255,2,0.7861607459274152,False,
lightgbm,main,Formal_Lab,7,17,12,num_leaves,511,2,0.7861607459274152,False,
lightgbm,main,Formal_Lab,7,42,12,num_leaves,63,0,0.7218537759230484,True,
lightgbm,main,Formal_Lab,7,42,12,num_leaves,127,0,0.7111930956833855,False,
lightgbm,main,Formal_Lab,7,42,12,num_leaves,255,0,0.7143662006023703,False,
lightgbm,main,Formal_Lab,7,42,12,num_leaves,511,0,0.7143662006023703,False,
lightgbm,main,Formal_Lab,7,42,12,num_leaves,63,1,0.7535179283262557,True,
lightgbm,main,Formal_Lab,7,42,12,num_leaves,127,1,0.7551125210142549,False,
lightgbm,main,Formal_Lab,7,42,12,num_leaves,255,1,0.755989236257832,False,
lightgbm,main,Formal_Lab,7,42,12,num_leaves,511,1,0.755989236257832,False,
lightgbm,main,Formal_Lab,7,42,12,num_leaves,63,2,0.7961273631345269,True,
lightgbm,main,Formal_Lab,7,42,12,num_leaves,127,2,0.8007428244426027,False,
lightgbm,main,Formal_Lab,7,42,12,num_leaves,255,2,0.7997319266554526,False,
lightgbm,main,Formal_Lab,7,42,12,num_leaves,511,2,0.7997319266554526,False,
lightgbm,main,Formal_Lab,7,73,12,num_leaves,63,0,0.7482358280283987,True,
lightgbm,main,Formal_Lab,7,73,12,num_leaves,127,0,0.7574484971350558,False,
lightgbm,main,Formal_Lab,7,73,12,num_leaves,255,0,0.7487686041005152,False,
lightgbm,main,Formal_Lab,7,73,12,num_leaves,511,0,0.7487686041005152,False,
lightgbm,main,Formal_Lab,7,73,12,num_leaves,63,1,0.69500262757173,True,
lightgbm,main,Formal_Lab,7,73,12,num_leaves,127,1,0.667212402058289,False,
lightgbm,main,Formal_Lab,7,73,12,num_leaves,255,1,0.6798081380126209,False,
lightgbm,main,Formal_Lab,7,73,12,num_leaves,511,1,0.6798081380126209,False,
lightgbm,main,Formal_Lab,7,73,12,num_leaves,63,2,0.7644034872998483,True,
lightgbm,main,Formal_Lab,7,73,12,num_leaves,127,2,0.769570330919555,False,
lightgbm,main,Formal_Lab,7,73,12,num_leaves,255,2,0.7692317183601607,False,
lightgbm,main,Formal_Lab,7,73,12,num_leaves,511,2,0.7692317183601607,False,
lightgbm,main,Formal_Lab,7,17,18,num_leaves,63,0,0.8128011436860207,True,
lightgbm,main,Formal_Lab,7,17,18,num_leaves,127,0,0.8097782007022989,False,
lightgbm,main,Formal_Lab,7,17,18,num_leaves,255,0,0.8085781491141087,False,
lightgbm,main,Formal_Lab,7,17,18,num_leaves,511,0,0.8085781491141087,False,
lightgbm,main,Formal_Lab,7,17,18,num_leaves,63,1,0.8090753830246973,True,
lightgbm,main,Formal_Lab,7,17,18,num_leaves,127,1,0.8111367753350369,False,
lightgbm,main,Formal_Lab,7,17,18,num_leaves,255,1,0.8128490593922035,False,
lightgbm,main,Formal_Lab,7,17,18,num_leaves,511,1,0.812606038534696,False,
lightgbm,main,Formal_Lab,7,17,18,num_leaves,63,2,0.8027358947209207,True,
lightgbm,main,Formal_Lab,7,17,18,num_leaves,127,2,0.7984510026220063,False,
lightgbm,main,Formal_Lab,7,17,18,num_leaves,255,2,0.8003494631710889,False,
lightgbm,main,Formal_Lab,7,17,18,num_leaves,511,2,0.8003494631710889,False,
lightgbm,main,Formal_Lab,7,42,18,num_leaves,63,0,0.7549656958300472,True,
lightgbm,main,Formal_Lab,7,42,18,num_leaves,127,0,0.7607042770930451,False,
lightgbm,main,Formal_Lab,7,42,18,num_leaves,255,0,0.7566496468283357,False,
lightgbm,main,Formal_Lab,7,42,18,num_leaves,511,0,0.7566496468283357,False,
lightgbm,main,Formal_Lab,7,42,18,num_leaves,63,1,0.7743401128349258,True,
lightgbm,main,Formal_Lab,7,42,18,num_leaves,127,1,0.7673313491837348,False,
lightgbm,main,Formal_Lab,7,42,18,num_leaves,255,1,0.7672095886481912,False,
lightgbm,main,Formal_Lab,7,42,18,num_leaves,511,1,0.7672095886481912,False,
lightgbm,main,Formal_Lab,7,42,18,num_leaves,63,2,0.8095410565441857,True,
lightgbm,main,Formal_Lab,7,42,18,num_leaves,127,2,0.8089997427704407,False,
lightgbm,main,Formal_Lab,7,42,18,num_leaves,255,2,0.8084111908498391,False,
lightgbm,main,Formal_Lab,7,42,18,num_leaves,511,2,0.8084111908498391,False,
lightgbm,main,Formal_Lab,7,73,18,num_leaves,63,0,0.797997294603983,False,
lightgbm,main,Formal_Lab,7,73,18,num_leaves,127,0,0.8014529145871577,False,
lightgbm,main,Formal_Lab,7,73,18,num_leaves,255,0,0.7998368239534033,False,
lightgbm,main,Formal_Lab,7,73,18,num_leaves,511,0,0.8009835457530036,True,
lightgbm,main,Formal_Lab,7,73,18,num_leaves,63,1,0.784180473416673,False,
lightgbm,main,Formal_Lab,7,73,18,num_leaves,127,1,0.7799813239227555,False,
lightgbm,main,Formal_Lab,7,73,18,num_leaves,255,1,0.7867488762945157,False,
lightgbm,main,Formal_Lab,7,73,18,num_leaves,511,1,0.7867488762945157,True,
lightgbm,main,Formal_Lab,7,73,18,num_leaves,63,2,0.8331009488442259,False,
lightgbm,main,Formal_Lab,7,73,18,num_leaves,127,2,0.8267147199369337,False,
lightgbm,main,Formal_Lab,7,73,18,num_leaves,255,2,0.8288623634863755,False,
lightgbm,main,Formal_Lab,7,73,18,num_leaves,511,2,0.8282827032476244,True,
lightgbm,main,FL,8,17,6,num_leaves,63,0,0.6060679710119335,False,
lightgbm,main,FL,8,17,6,num_leaves,127,0,0.6256876800752451,False,
lightgbm,main,FL,8,17,6,num_leaves,255,0,0.6308767116504865,True,
lightgbm,main,FL,8,17,6,num_leaves,511,0,0.6281467891897687,False,
lightgbm,main,FL,8,17,6,num_leaves,63,1,0.428960028952067,False,
lightgbm,main,FL,8,17,6,num_leaves,127,1,0.43058608495414497,False,
lightgbm,main,FL,8,17,6,num_leaves,255,1,0.4381362753814812,True,
lightgbm,main,FL,8,17,6,num_leaves,511,1,0.4383490582765224,False,
lightgbm,main,FL,8,17,6,num_leaves,63,2,0.5662908267564499,False,
lightgbm,main,FL,8,17,6,num_leaves,127,2,0.5596626872462795,False,
lightgbm,main,FL,8,17,6,num_leaves,255,2,0.5523560788642552,True,
lightgbm,main,FL,8,17,6,num_leaves,511,2,0.5439965601098555,False,
lightgbm,main,FL,8,42,6,num_leaves,63,0,0.5998610536478886,False,
lightgbm,main,FL,8,42,6,num_leaves,127,0,0.6186156385350874,False,
lightgbm,main,FL,8,42,6,num_leaves,255,0,0.6285279785107134,True,
lightgbm,main,FL,8,42,6,num_leaves,511,0,0.6305485621824555,False,
lightgbm,main,FL,8,42,6,num_leaves,63,1,0.6270407186376289,False,
lightgbm,main,FL,8,42,6,num_leaves,127,1,0.6316350636277224,False,
lightgbm,main,FL,8,42,6,num_leaves,255,1,0.6262496476372649,True,
lightgbm,main,FL,8,42,6,num_leaves,511,1,0.617637893451942,False,
lightgbm,main,FL,8,42,6,num_leaves,63,2,0.5861097837198118,False,
lightgbm,main,FL,8,42,6,num_leaves,127,2,0.5913443171824275,False,
lightgbm,main,FL,8,42,6,num_leaves,255,2,0.5908388068305899,True,
lightgbm,main,FL,8,42,6,num_leaves,511,2,0.5852485287723208,False,
lightgbm,main,FL,8,73,6,num_leaves,63,0,0.4163607661931704,False,
lightgbm,main,FL,8,73,6,num_leaves,127,0,0.4159002569678814,True,
lightgbm,main,FL,8,73,6,num_leaves,255,0,0.4208175600989503,False,
lightgbm,main,FL,8,73,6,num_leaves,511,0,0.42388140561643595,False,
lightgbm,main,FL,8,73,6,num_leaves,63,1,0.5750866837005858,False,
lightgbm,main,FL,8,73,6,num_leaves,127,1,0.5810166299930069,True,
lightgbm,main,FL,8,73,6,num_leaves,255,1,0.5769673891230129,False,
lightgbm,main,FL,8,73,6,num_leaves,511,1,0.5671197045920553,False,
lightgbm,main,FL,8,73,6,num_leaves,63,2,0.5648945926982853,False,
lightgbm,main,FL,8,73,6,num_leaves,127,2,0.5676846103802975,True,
lightgbm,main,FL,8,73,6,num_leaves,255,2,0.5630857830163096,False,
lightgbm,main,FL,8,73,6,num_leaves,511,2,0.555981505453,False,
lightgbm,main,FL,8,17,12,num_leaves,63,0,0.6263581946425588,False,
lightgbm,main,FL,8,17,12,num_leaves,127,0,0.6435473611726292,False,
lightgbm,main,FL,8,17,12,num_leaves,255,0,0.6516060758989545,True,
lightgbm,main,FL,8,17,12,num_leaves,511,0,0.6478247984287875,False,
lightgbm,main,FL,8,17,12,num_leaves,63,1,0.5386750071619913,False,
lightgbm,main,FL,8,17,12,num_leaves,127,1,0.5454694303041376,False,
lightgbm,main,FL,8,17,12,num_leaves,255,1,0.5514117216143805,True,
lightgbm,main,FL,8,17,12,num_leaves,511,1,0.5534897016134903,False,
lightgbm,main,FL,8,17,12,num_leaves,63,2,0.6150001604695976,False,
lightgbm,main,FL,8,17,12,num_leaves,127,2,0.6191965944879823,False,
lightgbm,main,FL,8,17,12,num_leaves,255,2,0.6159033863121472,True,
lightgbm,main,FL,8,17,12,num_leaves,511,2,0.5982302167870489,False,
lightgbm,main,FL,8,42,12,num_leaves,63,0,0.5919700960938055,False,
lightgbm,main,FL,8,42,12,num_leaves,127,0,0.6066683811894421,False,
lightgbm,main,FL,8,42,12,num_leaves,255,0,0.6175678916879266,False,
lightgbm,main,FL,8,42,12,num_leaves,511,0,0.6212002680446992,True,
lightgbm,main,FL,8,42,12,num_leaves,63,1,0.5929036312851923,False,
lightgbm,main,FL,8,42,12,num_leaves,127,1,0.6048480557420672,False,
lightgbm,main,FL,8,42,12,num_leaves,255,1,0.6093883534668697,False,
lightgbm,main,FL,8,42,12,num_leaves,511,1,0.6104773337267151,True,
lightgbm,main,FL,8,42,12,num_leaves,63,2,0.6310163889318148,False,
lightgbm,main,FL,8,42,12,num_leaves,127,2,0.6419217903519926,False,
lightgbm,main,FL,8,42,12,num_leaves,255,2,0.6512858132657128,False,
lightgbm,main,FL,8,42,12,num_leaves,511,2,0.6475661979207297,True,
lightgbm,main,FL,8,73,12,num_leaves,63,0,0.5285929876030669,False,
lightgbm,main,FL,8,73,12,num_leaves,127,0,0.5423395673126925,False,
lightgbm,main,FL,8,73,12,num_leaves,255,0,0.5562474225701282,True,
lightgbm,main,FL,8,73,12,num_leaves,511,0,0.5623556321166655,False,
lightgbm,main,FL,8,73,12,num_leaves,63,1,0.6581368889638626,False,
lightgbm,main,FL,8,73,12,num_leaves,127,1,0.6676361005926227,False,
lightgbm,main,FL,8,73,12,num_leaves,255,1,0.6701803298116362,True,
lightgbm,main,FL,8,73,12,num_leaves,511,1,0.6615677355996242,False,
lightgbm,main,FL,8,73,12,num_leaves,63,2,0.6058855186448239,False,
lightgbm,main,FL,8,73,12,num_leaves,127,2,0.6092761549773451,False,
lightgbm,main,FL,8,73,12,num_leaves,255,2,0.6072671818231852,True,
lightgbm,main,FL,8,73,12,num_leaves,511,2,0.5996392941010177,False,
lightgbm,main,FL,8,17,18,num_leaves,63,0,0.6293444500110702,False,
lightgbm,main,FL,8,17,18,num_leaves,127,0,0.640658746533172,False,
lightgbm,main,FL,8,17,18,num_leaves,255,0,0.6452279182094013,False,
lightgbm,main,FL,8,17,18,num_leaves,511,0,0.6435762981863077,True,
lightgbm,main,FL,8,17,18,num_leaves,63,1,0.5446643013812501,False,
lightgbm,main,FL,8,17,18,num_leaves,127,1,0.5560291687721522,False,
lightgbm,main,FL,8,17,18,num_leaves,255,1,0.567986907815742,False,
lightgbm,main,FL,8,17,18,num_leaves,511,1,0.5776146864965709,True,
lightgbm,main,FL,8,17,18,num_leaves,63,2,0.6015202705916967,False,
lightgbm,main,FL,8,17,18,num_leaves,127,2,0.6103929356946846,False,
lightgbm,main,FL,8,17,18,num_leaves,255,2,0.6174735100381287,False,
lightgbm,main,FL,8,17,18,num_leaves,511,2,0.6148627381696412,True,
lightgbm,main,FL,8,42,18,num_leaves,63,0,0.601284455327136,False,
lightgbm,main,FL,8,42,18,num_leaves,127,0,0.6138680038325443,False,
lightgbm,main,FL,8,42,18,num_leaves,255,0,0.6247708731771909,False,
lightgbm,main,FL,8,42,18,num_leaves,511,0,0.6323441776801476,True,
lightgbm,main,FL,8,42,18,num_leaves,63,1,0.5504253371220547,False,
lightgbm,main,FL,8,42,18,num_leaves,127,1,0.5613483229415687,False,
lightgbm,main,FL,8,42,18,num_leaves,255,1,0.5725877372490976,False,
lightgbm,main,FL,8,42,18,num_leaves,511,1,0.5737178131617364,True,
lightgbm,main,FL,8,42,18,num_leaves,63,2,0.6388515565266926,False,
lightgbm,main,FL,8,42,18,num_leaves,127,2,0.6479010467858445,False,
lightgbm,main,FL,8,42,18,num_leaves,255,2,0.651426186492115,False,
lightgbm,main,FL,8,42,18,num_leaves,511,2,0.6472830564753242,True,
lightgbm,main,FL,8,73,18,num_leaves,63,0,0.5500420905552724,False,
lightgbm,main,FL,8,73,18,num_leaves,127,0,0.5604429833930508,False,
lightgbm,main,FL,8,73,18,num_leaves,255,0,0.5728228721497858,True,
lightgbm,main,FL,8,73,18,num_leaves,511,0,0.5815033506448931,False,
lightgbm,main,FL,8,73,18,num_leaves,63,1,0.6182492424562812,False,
lightgbm,main,FL,8,73,18,num_leaves,127,1,0.6293478609228313,False,
lightgbm,main,FL,8,73,18,num_leaves,255,1,0.6424831455187032,True,
lightgbm,main,FL,8,73,18,num_leaves,511,1,0.63925471180377,False,
lightgbm,main,FL,8,73,18,num_leaves,63,2,0.6153216345718046,False,
lightgbm,main,FL,8,73,18,num_leaves,127,2,0.6248671129733199,False,
lightgbm,main,FL,8,73,18,num_leaves,255,2,0.6280531587993048,True,
lightgbm,main,FL,8,73,18,num_leaves,511,2,0.6207751568354329,False,
lightgbm,main,Formal_Lab,8,17,6,num_leaves,63,0,0.6594036359068578,False,
lightgbm,main,Formal_Lab,8,17,6,num_leaves,127,0,0.6530090890832985,True,
lightgbm,main,Formal_Lab,8,17,6,num_leaves,255,0,0.6530090890832985,False,
lightgbm,main,Formal_Lab,8,17,6,num_leaves,511,0,0.6530090890832985,False,
lightgbm,main,Formal_Lab,8,17,6,num_leaves,63,1,0.8148591592184499,False,
lightgbm,main,Formal_Lab,8,17,6,num_leaves,127,1,0.8136982359384872,True,
lightgbm,main,Formal_Lab,8,17,6,num_leaves,255,1,0.8136982359384872,False,
lightgbm,main,Formal_Lab,8,17,6,num_leaves,511,1,0.8136982359384872,False,
lightgbm,main,Formal_Lab,8,17,6,num_leaves,63,2,0.8091051931007769,False,
lightgbm,main,Formal_Lab,8,17,6,num_leaves,127,2,0.8202739692200771,True,
lightgbm,main,Formal_Lab,8,17,6,num_leaves,255,2,0.8202739692200771,False,
lightgbm,main,Formal_Lab,8,17,6,num_leaves,511,2,0.8202739692200771,False,
lightgbm,main,Formal_Lab,8,42,6,num_leaves,63,0,0.8005010892164793,True,
lightgbm,main,Formal_Lab,8,42,6,num_leaves,127,0,0.8106195378654133,False,
lightgbm,main,Formal_Lab,8,42,6,num_leaves,255,0,0.8106195378654133,False,
lightgbm,main,Formal_Lab,8,42,6,num_leaves,511,0,0.8106195378654133,False,
lightgbm,main,Formal_Lab,8,42,6,num_leaves,63,1,0.7287080543640454,True,
lightgbm,main,Formal_Lab,8,42,6,num_leaves,127,1,0.720302077967605,False,
lightgbm,main,Formal_Lab,8,42,6,num_leaves,255,1,0.720302077967605,False,
lightgbm,main,Formal_Lab,8,42,6,num_leaves,511,1,0.720302077967605,False,
lightgbm,main,Formal_Lab,8,42,6,num_leaves,63,2,0.7069086422168815,True,
lightgbm,main,Formal_Lab,8,42,6,num_leaves,127,2,0.7036732413384047,False,
lightgbm,main,Formal_Lab,8,42,6,num_leaves,255,2,0.7036732413384047,False,
lightgbm,main,Formal_Lab,8,42,6,num_leaves,511,2,0.7036732413384047,False,
lightgbm,main,Formal_Lab,8,73,6,num_leaves,63,0,0.7203092225165005,False,
lightgbm,main,Formal_Lab,8,73,6,num_leaves,127,0,0.7116626467807818,True,
lightgbm,main,Formal_Lab,8,73,6,num_leaves,255,0,0.7116626467807818,False,
lightgbm,main,Formal_Lab,8,73,6,num_leaves,511,0,0.7116626467807818,False,
lightgbm,main,Formal_Lab,8,73,6,num_leaves,63,1,0.5454347407092766,False,
lightgbm,main,Formal_Lab,8,73,6,num_leaves,127,1,0.5601746454669865,True,
lightgbm,main,Formal_Lab,8,73,6,num_leaves,255,1,0.5601746454669865,False,
lightgbm,main,Formal_Lab,8,73,6,num_leaves,511,1,0.5601746454669865,False,
lightgbm,main,Formal_Lab,8,73,6,num_leaves,63,2,0.7732900229174959,False,
lightgbm,main,Formal_Lab,8,73,6,num_leaves,127,2,0.7747547606774832,True,
lightgbm,main,Formal_Lab,8,73,6,num_leaves,255,2,0.7747547606774832,False,
lightgbm,main,Formal_Lab,8,73,6,num_leaves,511,2,0.7747547606774832,False,
lightgbm,main,Formal_Lab,8,17,12,num_leaves,63,0,0.756713745129296,False,
lightgbm,main,Formal_Lab,8,17,12,num_leaves,127,0,0.7659115669084908,True,
lightgbm,main,Formal_Lab,8,17,12,num_leaves,255,0,0.7622344709440584,False,
lightgbm,main,Formal_Lab,8,17,12,num_leaves,511,0,0.7622344709440584,False,
lightgbm,main,Formal_Lab,8,17,12,num_leaves,63,1,0.7724632783618097,False,
lightgbm,main,Formal_Lab,8,17,12,num_leaves,127,1,0.7651193427147129,True,
lightgbm,main,Formal_Lab,8,17,12,num_leaves,255,1,0.7663664882097205,False,
lightgbm,main,Formal_Lab,8,17,12,num_leaves,511,1,0.7663664882097205,False,
lightgbm,main,Formal_Lab,8,17,12,num_leaves,63,2,0.7866530674124692,False,
lightgbm,main,Formal_Lab,8,17,12,num_leaves,127,2,0.7875445383406516,True,
lightgbm,main,Formal_Lab,8,17,12,num_leaves,255,2,0.7867679976790813,False,
lightgbm,main,Formal_Lab,8,17,12,num_leaves,511,2,0.7867679976790813,False,
lightgbm,main,Formal_Lab,8,42,12,num_leaves,63,0,0.7231655990806439,False,
lightgbm,main,Formal_Lab,8,42,12,num_leaves,127,0,0.7275941895695895,True,
lightgbm,main,Formal_Lab,8,42,12,num_leaves,255,0,0.7351179503275878,False,
lightgbm,main,Formal_Lab,8,42,12,num_leaves,511,0,0.7351179503275878,False,
lightgbm,main,Formal_Lab,8,42,12,num_leaves,63,1,0.7897235947786125,False,
lightgbm,main,Formal_Lab,8,42,12,num_leaves,127,1,0.793602380966755,True,
lightgbm,main,Formal_Lab,8,42,12,num_leaves,255,1,0.7851826753473725,False,
lightgbm,main,Formal_Lab,8,42,12,num_leaves,511,1,0.7851826753473725,False,
lightgbm,main,Formal_Lab,8,42,12,num_leaves,63,2,0.7258304601910353,False,
lightgbm,main,Formal_Lab,8,42,12,num_leaves,127,2,0.7304842690243535,True,
lightgbm,main,Formal_Lab,8,42,12,num_leaves,255,2,0.7290948996242417,False,
lightgbm,main,Formal_Lab,8,42,12,num_leaves,511,2,0.7290948996242417,False,
lightgbm,main,Formal_Lab,8,73,12,num_leaves,63,0,0.7937883155315396,True,
lightgbm,main,Formal_Lab,8,73,12,num_leaves,127,0,0.8024286998536133,False,
lightgbm,main,Formal_Lab,8,73,12,num_leaves,255,0,0.7996779652410674,False,
lightgbm,main,Formal_Lab,8,73,12,num_leaves,511,0,0.7996779652410674,False,
lightgbm,main,Formal_Lab,8,73,12,num_leaves,63,1,0.6485526940692835,True,
lightgbm,main,Formal_Lab,8,73,12,num_leaves,127,1,0.6403087050055934,False,
lightgbm,main,Formal_Lab,8,73,12,num_leaves,255,1,0.6427154554094892,False,
lightgbm,main,Formal_Lab,8,73,12,num_leaves,511,1,0.6427154554094892,False,
lightgbm,main,Formal_Lab,8,73,12,num_leaves,63,2,0.7615107052356409,True,
lightgbm,main,Formal_Lab,8,73,12,num_leaves,127,2,0.7487753225140621,False,
lightgbm,main,Formal_Lab,8,73,12,num_leaves,255,2,0.7549077926053688,False,
lightgbm,main,Formal_Lab,8,73,12,num_leaves,511,2,0.7549077926053688,False,
lightgbm,main,Formal_Lab,8,17,18,num_leaves,63,0,0.7317201942931586,False,
lightgbm,main,Formal_Lab,8,17,18,num_leaves,127,0,0.734741574928103,False,
lightgbm,main,Formal_Lab,8,17,18,num_leaves,255,0,0.735587251598492,True,
lightgbm,main,Formal_Lab,8,17,18,num_leaves,511,0,0.735587251598492,False,
lightgbm,main,Formal_Lab,8,17,18,num_leaves,63,1,0.8142014205937835,False,
lightgbm,main,Formal_Lab,8,17,18,num_leaves,127,1,0.8140382936400982,False,
lightgbm,main,Formal_Lab,8,17,18,num_leaves,255,1,0.8142552235446908,True,
lightgbm,main,Formal_Lab,8,17,18,num_leaves,511,1,0.8142552235446908,False,
lightgbm,main,Formal_Lab,8,17,18,num_leaves,63,2,0.8220685391015684,False,
lightgbm,main,Formal_Lab,8,17,18,num_leaves,127,2,0.8204874594726226,False,
lightgbm,main,Formal_Lab,8,17,18,num_leaves,255,2,0.8228584764483277,True,
lightgbm,main,Formal_Lab,8,17,18,num_leaves,511,2,0.8228584764483277,False,
lightgbm,main,Formal_Lab,8,42,18,num_leaves,63,0,0.8213779187367257,False,
lightgbm,main,Formal_Lab,8,42,18,num_leaves,127,0,0.8200604475493919,False,
lightgbm,main,Formal_Lab,8,42,18,num_leaves,255,0,0.822527067617123,True,
lightgbm,main,Formal_Lab,8,42,18,num_leaves,511,0,0.822527067617123,False,
lightgbm,main,Formal_Lab,8,42,18,num_leaves,63,1,0.7882847376087266,False,
lightgbm,main,Formal_Lab,8,42,18,num_leaves,127,1,0.7876077605310486,False,
lightgbm,main,Formal_Lab,8,42,18,num_leaves,255,1,0.7869345237233857,True,
lightgbm,main,Formal_Lab,8,42,18,num_leaves,511,1,0.7869345237233857,False,
lightgbm,main,Formal_Lab,8,42,18,num_leaves,63,2,0.7771844252625103,False,
lightgbm,main,Formal_Lab,8,42,18,num_leaves,127,2,0.782626289224889,False,
lightgbm,main,Formal_Lab,8,42,18,num_leaves,255,2,0.7816959800628017,True,
lightgbm,main,Formal_Lab,8,42,18,num_leaves,511,2,0.7816959800628017,False,
lightgbm,main,Formal_Lab,8,73,18,num_leaves,63,0,0.8391883880293847,False,
lightgbm,main,Formal_Lab,8,73,18,num_leaves,127,0,0.8376503570377601,False,
lightgbm,main,Formal_Lab,8,73,18,num_leaves,255,0,0.8425286138594954,True,
lightgbm,main,Formal_Lab,8,73,18,num_leaves,511,0,0.8425286138594954,False,
lightgbm,main,Formal_Lab,8,73,18,num_leaves,63,1,0.7383832345182973,False,
lightgbm,main,Formal_Lab,8,73,18,num_leaves,127,1,0.742674582719068,False,
lightgbm,main,Formal_Lab,8,73,18,num_leaves,255,1,0.7363018989693287,True,
lightgbm,main,Formal_Lab,8,73,18,num_leaves,511,1,0.7363018989693287,False,
lightgbm,main,Formal_Lab,8,73,18,num_leaves,63,2,0.7843952838649342,False,
lightgbm,main,Formal_Lab,8,73,18,num_leaves,127,2,0.782460600799744,False,
lightgbm,main,Formal_Lab,8,73,18,num_leaves,255,2,0.7891923468837138,True,
lightgbm,main,Formal_Lab,8,73,18,num_leaves,511,2,0.7891923468837138,False,
lightgbm,main,FL,9,17,6,num_leaves,63,0,0.5815829105194523,False,
lightgbm,main,FL,9,17,6,num_leaves,127,0,0.5797741775107148,False,
lightgbm,main,FL,9,17,6,num_leaves,255,0,0.5703854453840711,True,
lightgbm,main,FL,9,17,6,num_leaves,511,0,0.5605271074359147,False,
lightgbm,main,FL,9,17,6,num_leaves,63,1,0.5746471638219197,False,
lightgbm,main,FL,9,17,6,num_leaves,127,1,0.5882612767812633,False,
lightgbm,main,FL,9,17,6,num_leaves,255,1,0.5989862975128994,True,
lightgbm,main,FL,9,17,6,num_leaves,511,1,0.599302644269271,False,
lightgbm,main,FL,9,17,6,num_leaves,63,2,0.5673558582954571,False,
lightgbm,main,FL,9,17,6,num_leaves,127,2,0.5646519709808651,False,
lightgbm,main,FL,9,17,6,num_leaves,255,2,0.5704551083935456,True,
lightgbm,main,FL,9,17,6,num_leaves,511,2,0.5716969240121919,False,
lightgbm,main,FL,9,42,6,num_leaves,63,0,0.6113637769258746,False,
lightgbm,main,FL,9,42,6,num_leaves,127,0,0.6144391577519985,False,
lightgbm,main,FL,9,42,6,num_leaves,255,0,0.611552887072428,True,
lightgbm,main,FL,9,42,6,num_leaves,511,0,0.6076502136923745,False,
lightgbm,main,FL,9,42,6,num_leaves,63,1,0.5784156120705866,False,
lightgbm,main,FL,9,42,6,num_leaves,127,1,0.5877766804498401,False,
lightgbm,main,FL,9,42,6,num_leaves,255,1,0.591352767986315,True,
lightgbm,main,FL,9,42,6,num_leaves,511,1,0.5919890769557503,False,
lightgbm,main,FL,9,42,6,num_leaves,63,2,0.5903526333376197,False,
lightgbm,main,FL,9,42,6,num_leaves,127,2,0.6051998889970676,False,
lightgbm,main,FL,9,42,6,num_leaves,255,2,0.6120291783960881,True,
lightgbm,main,FL,9,42,6,num_leaves,511,2,0.609507785636603,False,
lightgbm,main,FL,9,73,6,num_leaves,63,0,0.6114792427605958,False,
lightgbm,main,FL,9,73,6,num_leaves,127,0,0.6212171062193133,False,
lightgbm,main,FL,9,73,6,num_leaves,255,0,0.6239405904048214,True,
lightgbm,main,FL,9,73,6,num_leaves,511,0,0.6231391128252839,False,
lightgbm,main,FL,9,73,6,num_leaves,63,1,0.6447983396113699,False,
lightgbm,main,FL,9,73,6,num_leaves,127,1,0.6494117792710339,False,
lightgbm,main,FL,9,73,6,num_leaves,255,1,0.6482118905975987,True,
lightgbm,main,FL,9,73,6,num_leaves,511,1,0.6438316565805002,False,
lightgbm,main,FL,9,73,6,num_leaves,63,2,0.6219616617057635,False,
lightgbm,main,FL,9,73,6,num_leaves,127,2,0.633507805519381,False,
lightgbm,main,FL,9,73,6,num_leaves,255,2,0.6349767377749458,True,
lightgbm,main,FL,9,73,6,num_leaves,511,2,0.6311923606564231,False,
lightgbm,main,FL,9,17,12,num_leaves,63,0,0.6165582122400882,False,
lightgbm,main,FL,9,17,12,num_leaves,127,0,0.6240456675947044,False,
lightgbm,main,FL,9,17,12,num_leaves,255,0,0.6206878762270452,False,
lightgbm,main,FL,9,17,12,num_leaves,511,0,0.6117718943037457,True,
lightgbm,main,FL,9,17,12,num_leaves,63,1,0.585952653898709,False,
lightgbm,main,FL,9,17,12,num_leaves,127,1,0.5989580933522991,False,
lightgbm,main,FL,9,17,12,num_leaves,255,1,0.6104658854315891,False,
lightgbm,main,FL,9,17,12,num_leaves,511,1,0.6162576044700141,True,
lightgbm,main,FL,9,17,12,num_leaves,63,2,0.6023676901208858,False,
lightgbm,main,FL,9,17,12,num_leaves,127,2,0.6123021656368532,False,
lightgbm,main,FL,9,17,12,num_leaves,255,2,0.6194292937214704,False,
lightgbm,main,FL,9,17,12,num_leaves,511,2,0.6230246569031183,True,
lightgbm,main,FL,9,42,12,num_leaves,63,0,0.593805361945514,False,
lightgbm,main,FL,9,42,12,num_leaves,127,0,0.6013313481811706,False,
lightgbm,main,FL,9,42,12,num_leaves,255,0,0.5999944794226522,True,
lightgbm,main,FL,9,42,12,num_leaves,511,0,0.5899024182587773,False,
lightgbm,main,FL,9,42,12,num_leaves,63,1,0.5813171020777692,False,
lightgbm,main,FL,9,42,12,num_leaves,127,1,0.5976991498285013,False,
lightgbm,main,FL,9,42,12,num_leaves,255,1,0.608848571094375,True,
lightgbm,main,FL,9,42,12,num_leaves,511,1,0.6106662641184814,False,
lightgbm,main,FL,9,42,12,num_leaves,63,2,0.5158508447126485,False,
lightgbm,main,FL,9,42,12,num_leaves,127,2,0.5255464629064818,False,
lightgbm,main,FL,9,42,12,num_leaves,255,2,0.5364057877240791,True,
lightgbm,main,FL,9,42,12,num_leaves,511,2,0.535196271479458,False,
lightgbm,main,FL,9,73,12,num_leaves,63,0,0.5959389167300909,False,
lightgbm,main,FL,9,73,12,num_leaves,127,0,0.6128371751168031,False,
lightgbm,main,FL,9,73,12,num_leaves,255,0,0.6229071342195843,True,
lightgbm,main,FL,9,73,12,num_leaves,511,0,0.6222390199989063,False,
lightgbm,main,FL,9,73,12,num_leaves,63,1,0.6464014575371146,False,
lightgbm,main,FL,9,73,12,num_leaves,127,1,0.6633292373693198,False,
lightgbm,main,FL,9,73,12,num_leaves,255,1,0.6731958320878222,True,
lightgbm,main,FL,9,73,12,num_leaves,511,1,0.6776584308277169,False,
lightgbm,main,FL,9,73,12,num_leaves,63,2,0.6093621712207866,False,
lightgbm,main,FL,9,73,12,num_leaves,127,2,0.6200174615189714,False,
lightgbm,main,FL,9,73,12,num_leaves,255,2,0.6194399942240144,True,
lightgbm,main,FL,9,73,12,num_leaves,511,2,0.6133481859867231,False,
lightgbm,main,FL,9,17,18,num_leaves,63,0,0.5703756634448716,False,
lightgbm,main,FL,9,17,18,num_leaves,127,0,0.5813861550070467,False,
lightgbm,main,FL,9,17,18,num_leaves,255,0,0.5864479892370895,False,
lightgbm,main,FL,9,17,18,num_leaves,511,0,0.5775984712336112,True,
lightgbm,main,FL,9,17,18,num_leaves,63,1,0.5991360218182011,False,
lightgbm,main,FL,9,17,18,num_leaves,127,1,0.6110144791317361,False,
lightgbm,main,FL,9,17,18,num_leaves,255,1,0.6258603122832262,False,
lightgbm,main,FL,9,17,18,num_leaves,511,1,0.6339172477971061,True,
lightgbm,main,FL,9,17,18,num_leaves,63,2,0.6041688188340953,False,
lightgbm,main,FL,9,17,18,num_leaves,127,2,0.6128081164192295,False,
lightgbm,main,FL,9,17,18,num_leaves,255,2,0.6246415478976077,False,
lightgbm,main,FL,9,17,18,num_leaves,511,2,0.6285111990258456,True,
lightgbm,main,FL,9,42,18,num_leaves,63,0,0.621876223763499,False,
lightgbm,main,FL,9,42,18,num_leaves,127,0,0.6306297445296299,False,
lightgbm,main,FL,9,42,18,num_leaves,255,0,0.6377998924222937,False,
lightgbm,main,FL,9,42,18,num_leaves,511,0,0.6339562857802485,True,
lightgbm,main,FL,9,42,18,num_leaves,63,1,0.5952266054361025,False,
lightgbm,main,FL,9,42,18,num_leaves,127,1,0.6022422466263887,False,
lightgbm,main,FL,9,42,18,num_leaves,255,1,0.6064520582658385,False,
lightgbm,main,FL,9,42,18,num_leaves,511,1,0.6067944384367431,True,
lightgbm,main,FL,9,42,18,num_leaves,63,2,0.5501135479637153,False,
lightgbm,main,FL,9,42,18,num_leaves,127,2,0.562634875741692,False,
lightgbm,main,FL,9,42,18,num_leaves,255,2,0.5751642562461594,False,
lightgbm,main,FL,9,42,18,num_leaves,511,2,0.582858038663712,True,
lightgbm,main,FL,9,73,18,num_leaves,63,0,0.6186891975105002,False,
lightgbm,main,FL,9,73,18,num_leaves,127,0,0.6240676031643487,False,
lightgbm,main,FL,9,73,18,num_leaves,255,0,0.62771878951494,True,
lightgbm,main,FL,9,73,18,num_leaves,511,0,0.6218202706710189,False,
lightgbm,main,FL,9,73,18,num_leaves,63,1,0.625194980463209,False,
lightgbm,main,FL,9,73,18,num_leaves,127,1,0.6382139609934234,False,
lightgbm,main,FL,9,73,18,num_leaves,255,1,0.6505399344390344,True,
lightgbm,main,FL,9,73,18,num_leaves,511,1,0.652367055428654,False,
lightgbm,main,FL,9,73,18,num_leaves,63,2,0.5419722453315533,False,
lightgbm,main,FL,9,73,18,num_leaves,127,2,0.5488813595053319,False,
lightgbm,main,FL,9,73,18,num_leaves,255,2,0.5560029491524904,True,
lightgbm,main,FL,9,73,18,num_leaves,511,2,0.5589243347184946,False,
lightgbm,main,Formal_Lab,9,17,6,num_leaves,63,0,0.6614937174321629,False,
lightgbm,main,Formal_Lab,9,17,6,num_leaves,127,0,0.6725832993557259,True,
lightgbm,main,Formal_Lab,9,17,6,num_leaves,255,0,0.6725832993557259,False,
lightgbm,main,Formal_Lab,9,17,6,num_leaves,511,0,0.6725832993557259,False,
lightgbm,main,Formal_Lab,9,17,6,num_leaves,63,1,0.7871957694918914,False,
lightgbm,main,Formal_Lab,9,17,6,num_leaves,127,1,0.7796054687460936,True,
lightgbm,main,Formal_Lab,9,17,6,num_leaves,255,1,0.7796054687460936,False,
lightgbm,main,Formal_Lab,9,17,6,num_leaves,511,1,0.7796054687460936,False,
lightgbm,main,Formal_Lab,9,17,6,num_leaves,63,2,0.8109775558136036,False,
lightgbm,main,Formal_Lab,9,17,6,num_leaves,127,2,0.8156429392576909,True,
lightgbm,main,Formal_Lab,9,17,6,num_leaves,255,2,0.8156429392576909,False,
lightgbm,main,Formal_Lab,9,17,6,num_leaves,511,2,0.8156429392576909,False,
lightgbm,main,Formal_Lab,9,42,6,num_leaves,63,0,0.694712806967232,True,
lightgbm,main,Formal_Lab,9,42,6,num_leaves,127,0,0.6906169586534427,False,
lightgbm,main,Formal_Lab,9,42,6,num_leaves,255,0,0.6906169586534427,False,
lightgbm,main,Formal_Lab,9,42,6,num_leaves,511,0,0.6906169586534427,False,
lightgbm,main,Formal_Lab,9,42,6,num_leaves,63,1,0.7302717354907216,True,
lightgbm,main,Formal_Lab,9,42,6,num_leaves,127,1,0.7307280361763819,False,
lightgbm,main,Formal_Lab,9,42,6,num_leaves,255,1,0.7307280361763819,False,
lightgbm,main,Formal_Lab,9,42,6,num_leaves,511,1,0.7307280361763819,False,
lightgbm,main,Formal_Lab,9,42,6,num_leaves,63,2,0.799139101126501,True,
lightgbm,main,Formal_Lab,9,42,6,num_leaves,127,2,0.7978115751226471,False,
lightgbm,main,Formal_Lab,9,42,6,num_leaves,255,2,0.7978115751226471,False,
lightgbm,main,Formal_Lab,9,42,6,num_leaves,511,2,0.7978115751226471,False,
lightgbm,main,Formal_Lab,9,73,6,num_leaves,63,0,0.7729739208071824,True,
lightgbm,main,Formal_Lab,9,73,6,num_leaves,127,0,0.7760552616570416,False,
lightgbm,main,Formal_Lab,9,73,6,num_leaves,255,0,0.7760552616570416,False,
lightgbm,main,Formal_Lab,9,73,6,num_leaves,511,0,0.7760552616570416,False,
lightgbm,main,Formal_Lab,9,73,6,num_leaves,63,1,0.8571335810379457,True,
lightgbm,main,Formal_Lab,9,73,6,num_leaves,127,1,0.8508051787894648,False,
lightgbm,main,Formal_Lab,9,73,6,num_leaves,255,1,0.8508051787894648,False,
lightgbm,main,Formal_Lab,9,73,6,num_leaves,511,1,0.8508051787894648,False,
lightgbm,main,Formal_Lab,9,73,6,num_leaves,63,2,0.8510687944951956,True,
lightgbm,main,Formal_Lab,9,73,6,num_leaves,127,2,0.8539218192476582,False,
lightgbm,main,Formal_Lab,9,73,6,num_leaves,255,2,0.8539218192476582,False,
lightgbm,main,Formal_Lab,9,73,6,num_leaves,511,2,0.8539218192476582,False,
lightgbm,main,Formal_Lab,9,17,12,num_leaves,63,0,0.7691672105079329,False,
lightgbm,main,Formal_Lab,9,17,12,num_leaves,127,0,0.7761445044400441,False,
lightgbm,main,Formal_Lab,9,17,12,num_leaves,255,0,0.786107011610083,True,
lightgbm,main,Formal_Lab,9,17,12,num_leaves,511,0,0.786107011610083,False,
lightgbm,main,Formal_Lab,9,17,12,num_leaves,63,1,0.8390077056214229,False,
lightgbm,main,Formal_Lab,9,17,12,num_leaves,127,1,0.8411727586285875,False,
lightgbm,main,Formal_Lab,9,17,12,num_leaves,255,1,0.8406126536426473,True,
lightgbm,main,Formal_Lab,9,17,12,num_leaves,511,1,0.8406126536426473,False,
lightgbm,main,Formal_Lab,9,17,12,num_leaves,63,2,0.8007971236612226,False,
lightgbm,main,Formal_Lab,9,17,12,num_leaves,127,2,0.7994419608099328,False,
lightgbm,main,Formal_Lab,9,17,12,num_leaves,255,2,0.7969126935040352,True,
lightgbm,main,Formal_Lab,9,17,12,num_leaves,511,2,0.7969126935040352,False,
lightgbm,main,Formal_Lab,9,42,12,num_leaves,63,0,0.7721507590959275,True,
lightgbm,main,Formal_Lab,9,42,12,num_leaves,127,0,0.7650746660196699,False,
lightgbm,main,Formal_Lab,9,42,12,num_leaves,255,0,0.7713412964138915,False,
lightgbm,main,Formal_Lab,9,42,12,num_leaves,511,0,0.7713412964138915,False,
lightgbm,main,Formal_Lab,9,42,12,num_leaves,63,1,0.8398667782972411,True,
lightgbm,main,Formal_Lab,9,42,12,num_leaves,127,1,0.8453731720914445,False,
lightgbm,main,Formal_Lab,9,42,12,num_leaves,255,1,0.8398093564193201,False,
lightgbm,main,Formal_Lab,9,42,12,num_leaves,511,1,0.8398093564193201,False,
lightgbm,main,Formal_Lab,9,42,12,num_leaves,63,2,0.8030476771610436,True,
lightgbm,main,Formal_Lab,9,42,12,num_leaves,127,2,0.7979316128142877,False,
lightgbm,main,Formal_Lab,9,42,12,num_leaves,255,2,0.7982268361606051,False,
lightgbm,main,Formal_Lab,9,42,12,num_leaves,511,2,0.7982268361606051,False,
lightgbm,main,Formal_Lab,9,73,12,num_leaves,63,0,0.81516373897833,False,
lightgbm,main,Formal_Lab,9,73,12,num_leaves,127,0,0.8163098086646818,False,
lightgbm,main,Formal_Lab,9,73,12,num_leaves,255,0,0.8182114003736716,True,
lightgbm,main,Formal_Lab,9,73,12,num_leaves,511,0,0.8182114003736716,False,
lightgbm,main,Formal_Lab,9,73,12,num_leaves,63,1,0.8583279130823085,False,
lightgbm,main,Formal_Lab,9,73,12,num_leaves,127,1,0.8597450090384646,False,
lightgbm,main,Formal_Lab,9,73,12,num_leaves,255,1,0.8579938803036053,True,
lightgbm,main,Formal_Lab,9,73,12,num_leaves,511,1,0.8579938803036053,False,
lightgbm,main,Formal_Lab,9,73,12,num_leaves,63,2,0.7765570784461356,False,
lightgbm,main,Formal_Lab,9,73,12,num_leaves,127,2,0.7703714155049336,False,
lightgbm,main,Formal_Lab,9,73,12,num_leaves,255,2,0.7812598147467271,True,
lightgbm,main,Formal_Lab,9,73,12,num_leaves,511,2,0.7812598147467271,False,
lightgbm,main,Formal_Lab,9,17,18,num_leaves,63,0,0.7967016893073985,False,
lightgbm,main,Formal_Lab,9,17,18,num_leaves,127,0,0.7993872444102532,True,
lightgbm,main,Formal_Lab,9,17,18,num_leaves,255,0,0.7966185915777086,False,
lightgbm,main,Formal_Lab,9,17,18,num_leaves,511,0,0.7966185915777086,False,
lightgbm,main,Formal_Lab,9,17,18,num_leaves,63,1,0.78609692782329,False,
lightgbm,main,Formal_Lab,9,17,18,num_leaves,127,1,0.783477703884827,True,
lightgbm,main,Formal_Lab,9,17,18,num_leaves,255,1,0.7827366869385392,False,
lightgbm,main,Formal_Lab,9,17,18,num_leaves,511,1,0.7827366869385392,False,
lightgbm,main,Formal_Lab,9,17,18,num_leaves,63,2,0.8042118518132656,False,
lightgbm,main,Formal_Lab,9,17,18,num_leaves,127,2,0.8059234706175972,True,
lightgbm,main,Formal_Lab,9,17,18,num_leaves,255,2,0.8072292059229311,False,
lightgbm,main,Formal_Lab,9,17,18,num_leaves,511,2,0.8072292059229311,False,
lightgbm,main,Formal_Lab,9,42,18,num_leaves,63,0,0.8100367338055506,False,
lightgbm,main,Formal_Lab,9,42,18,num_leaves,127,0,0.803302064163192,True,
lightgbm,main,Formal_Lab,9,42,18,num_leaves,255,0,0.8059271587515013,False,
lightgbm,main,Formal_Lab,9,42,18,num_leaves,511,0,0.8063270157171614,False,
lightgbm,main,Formal_Lab,9,42,18,num_leaves,63,1,0.7988699920481438,False,
lightgbm,main,Formal_Lab,9,42,18,num_leaves,127,1,0.7955758257993022,True,
lightgbm,main,Formal_Lab,9,42,18,num_leaves,255,1,0.7968025286534292,False,
lightgbm,main,Formal_Lab,9,42,18,num_leaves,511,1,0.7968025286534292,False,
lightgbm,main,Formal_Lab,9,42,18,num_leaves,63,2,0.7981090706015613,False,
lightgbm,main,Formal_Lab,9,42,18,num_leaves,127,2,0.8083833781472566,True,
lightgbm,main,Formal_Lab,9,42,18,num_leaves,255,2,0.8008466448406626,False,
lightgbm,main,Formal_Lab,9,42,18,num_leaves,511,2,0.8008466448406626,False,
lightgbm,main,Formal_Lab,9,73,18,num_leaves,63,0,0.8124115233677642,False,
lightgbm,main,Formal_Lab,9,73,18,num_leaves,127,0,0.819283931439124,False,
lightgbm,main,Formal_Lab,9,73,18,num_leaves,255,0,0.8143750985351815,True,
lightgbm,main,Formal_Lab,9,73,18,num_leaves,511,0,0.8143750985351815,False,
lightgbm,main,Formal_Lab,9,73,18,num_leaves,63,1,0.8442424160634018,False,
lightgbm,main,Formal_Lab,9,73,18,num_leaves,127,1,0.8420572698431581,False,
lightgbm,main,Formal_Lab,9,73,18,num_leaves,255,1,0.8392266828184721,True,
lightgbm,main,Formal_Lab,9,73,18,num_leaves,511,1,0.8392266828184721,False,
lightgbm,main,Formal_Lab,9,73,18,num_leaves,63,2,0.7990188299848743,False,
lightgbm,main,Formal_Lab,9,73,18,num_leaves,127,2,0.8013796648595345,False,
lightgbm,main,Formal_Lab,9,73,18,num_leaves,255,2,0.8093004769562097,True,
lightgbm,main,Formal_Lab,9,73,18,num_leaves,511,2,0.8090399051223788,False,
lightgbm,matched,FL,0,17,18,num_leaves,63,0,0.6358791096809521,False,
lightgbm,matched,FL,0,17,18,num_leaves,127,0,0.6389585064267936,False,
lightgbm,matched,FL,0,17,18,num_leaves,255,0,0.6381900199692491,True,
lightgbm,matched,FL,0,17,18,num_leaves,511,0,0.6381900199692491,False,
lightgbm,matched,FL,0,17,18,num_leaves,63,1,0.6545857518727022,False,
lightgbm,matched,FL,0,17,18,num_leaves,127,1,0.6582648395626793,False,
lightgbm,matched,FL,0,17,18,num_leaves,255,1,0.6568309056516853,True,
lightgbm,matched,FL,0,17,18,num_leaves,511,1,0.6568309056516853,False,
lightgbm,matched,FL,0,17,18,num_leaves,63,2,0.597345323741273,False,
lightgbm,matched,FL,0,17,18,num_leaves,127,2,0.589476233392575,False,
lightgbm,matched,FL,0,17,18,num_leaves,255,2,0.5968336231174164,True,
lightgbm,matched,FL,0,17,18,num_leaves,511,2,0.5968336231174164,False,
lightgbm,matched,Formal_Lab,0,17,18,num_leaves,63,0,0.7891622485396118,False,
lightgbm,matched,Formal_Lab,0,17,18,num_leaves,127,0,0.7903937301131335,False,
lightgbm,matched,Formal_Lab,0,17,18,num_leaves,255,0,0.7885634920201913,True,
lightgbm,matched,Formal_Lab,0,17,18,num_leaves,511,0,0.7885634920201913,False,
lightgbm,matched,Formal_Lab,0,17,18,num_leaves,63,1,0.8423122878629424,False,
lightgbm,matched,Formal_Lab,0,17,18,num_leaves,127,1,0.8494215335933175,False,
lightgbm,matched,Formal_Lab,0,17,18,num_leaves,255,1,0.8507218965312421,True,
lightgbm,matched,Formal_Lab,0,17,18,num_leaves,511,1,0.8507218965312421,False,
lightgbm,matched,Formal_Lab,0,17,18,num_leaves,63,2,0.8030976524183623,False,
lightgbm,matched,Formal_Lab,0,17,18,num_leaves,127,2,0.8044606554668522,False,
lightgbm,matched,Formal_Lab,0,17,18,num_leaves,255,2,0.8070980010976254,True,
lightgbm,matched,Formal_Lab,0,17,18,num_leaves,511,2,0.8070980010976254,False,
lightgbm,matched,FL,1,17,18,num_leaves,63,0,0.5845532103310456,False,
lightgbm,matched,FL,1,17,18,num_leaves,127,0,0.5846926381279325,False,
lightgbm,matched,FL,1,17,18,num_leaves,255,0,0.5919737012915806,True,
lightgbm,matched,FL,1,17,18,num_leaves,511,0,0.5919737012915806,False,
lightgbm,matched,FL,1,17,18,num_leaves,63,1,0.6684320644478176,False,
lightgbm,matched,FL,1,17,18,num_leaves,127,1,0.6643432035446232,False,
lightgbm,matched,FL,1,17,18,num_leaves,255,1,0.672770495821418,True,
lightgbm,matched,FL,1,17,18,num_leaves,511,1,0.672770495821418,False,
lightgbm,matched,FL,1,17,18,num_leaves,63,2,0.6677486633463211,False,
lightgbm,matched,FL,1,17,18,num_leaves,127,2,0.6689471672715097,False,
lightgbm,matched,FL,1,17,18,num_leaves,255,2,0.666564016393014,True,
lightgbm,matched,FL,1,17,18,num_leaves,511,2,0.666564016393014,False,
lightgbm,matched,Formal_Lab,1,17,18,num_leaves,63,0,0.7584804141049403,False,
lightgbm,matched,Formal_Lab,1,17,18,num_leaves,127,0,0.7638419279239715,True,
lightgbm,matched,Formal_Lab,1,17,18,num_leaves,255,0,0.7594281671205336,False,
lightgbm,matched,Formal_Lab,1,17,18,num_leaves,511,0,0.7594281671205336,False,
lightgbm,matched,Formal_Lab,1,17,18,num_leaves,63,1,0.8193978558114923,False,
lightgbm,matched,Formal_Lab,1,17,18,num_leaves,127,1,0.813099663831522,True,
lightgbm,matched,Formal_Lab,1,17,18,num_leaves,255,1,0.8149743883005099,False,
lightgbm,matched,Formal_Lab,1,17,18,num_leaves,511,1,0.8149743883005099,False,
lightgbm,matched,Formal_Lab,1,17,18,num_leaves,63,2,0.8479293186115074,False,
lightgbm,matched,Formal_Lab,1,17,18,num_leaves,127,2,0.8514072357277231,True,
lightgbm,matched,Formal_Lab,1,17,18,num_leaves,255,2,0.8482280304364744,False,
lightgbm,matched,Formal_Lab,1,17,18,num_leaves,511,2,0.8482280304364744,False,
lightgbm,matched,FL,2,17,18,num_leaves,63,0,0.6140156111155526,False,
lightgbm,matched,FL,2,17,18,num_leaves,127,0,0.6331900583608686,False,
lightgbm,matched,FL,2,17,18,num_leaves,255,0,0.6262536303538709,True,
lightgbm,matched,FL,2,17,18,num_leaves,511,0,0.6262536303538709,False,
lightgbm,matched,FL,2,17,18,num_leaves,63,1,0.6141763308412863,False,
lightgbm,matched,FL,2,17,18,num_leaves,127,1,0.6072008659317673,False,
lightgbm,matched,FL,2,17,18,num_leaves,255,1,0.6139757248295706,True,
lightgbm,matched,FL,2,17,18,num_leaves,511,1,0.6139757248295706,False,
lightgbm,matched,FL,2,17,18,num_leaves,63,2,0.6639454485031265,False,
lightgbm,matched,FL,2,17,18,num_leaves,127,2,0.6616197593094292,False,
lightgbm,matched,FL,2,17,18,num_leaves,255,2,0.6630002737699124,True,
lightgbm,matched,FL,2,17,18,num_leaves,511,2,0.6630002737699124,False,
lightgbm,matched,Formal_Lab,2,17,18,num_leaves,63,0,0.8124676355167336,False,
lightgbm,matched,Formal_Lab,2,17,18,num_leaves,127,0,0.8122405565891538,False,
lightgbm,matched,Formal_Lab,2,17,18,num_leaves,255,0,0.8120655044311742,True,
lightgbm,matched,Formal_Lab,2,17,18,num_leaves,511,0,0.8120655044311742,False,
lightgbm,matched,Formal_Lab,2,17,18,num_leaves,63,1,0.8342849800516396,False,
lightgbm,matched,Formal_Lab,2,17,18,num_leaves,127,1,0.8360681148001401,False,
lightgbm,matched,Formal_Lab,2,17,18,num_leaves,255,1,0.8364760330488611,True,
lightgbm,matched,Formal_Lab,2,17,18,num_leaves,511,1,0.8364760330488611,False,
lightgbm,matched,Formal_Lab,2,17,18,num_leaves,63,2,0.8007291504261094,False,
lightgbm,matched,Formal_Lab,2,17,18,num_leaves,127,2,0.8022348331594557,False,
lightgbm,matched,Formal_Lab,2,17,18,num_leaves,255,2,0.804211765347743,True,
lightgbm,matched,Formal_Lab,2,17,18,num_leaves,511,2,0.804211765347743,False,
lightgbm,matched,FL,3,17,18,num_leaves,63,0,0.5965640640170262,True,
lightgbm,matched,FL,3,17,18,num_leaves,127,0,0.6008912166170095,False,
lightgbm,matched,FL,3,17,18,num_leaves,255,0,0.599673548316446,False,
lightgbm,matched,FL,3,17,18,num_leaves,511,0,0.599673548316446,False,
lightgbm,matched,FL,3,17,18,num_leaves,63,1,0.6069620874601093,True,
lightgbm,matched,FL,3,17,18,num_leaves,127,1,0.598973127481716,False,
lightgbm,matched,FL,3,17,18,num_leaves,255,1,0.5979812849683582,False,
lightgbm,matched,FL,3,17,18,num_leaves,511,1,0.5979812849683582,False,
lightgbm,matched,FL,3,17,18,num_leaves,63,2,0.6431619942811785,True,
lightgbm,matched,FL,3,17,18,num_leaves,127,2,0.6436585563771655,False,
lightgbm,matched,FL,3,17,18,num_leaves,255,2,0.6435771712376795,False,
lightgbm,matched,FL,3,17,18,num_leaves,511,2,0.6435771712376795,False,
lightgbm,matched,Formal_Lab,3,17,18,num_leaves,63,0,0.8164726054077013,False,
lightgbm,matched,Formal_Lab,3,17,18,num_leaves,127,0,0.8182367110240736,True,
lightgbm,matched,Formal_Lab,3,17,18,num_leaves,255,0,0.8205326067871478,False,
lightgbm,matched,Formal_Lab,3,17,18,num_leaves,511,0,0.8205326067871478,False,
lightgbm,matched,Formal_Lab,3,17,18,num_leaves,63,1,0.764783424092686,False,
lightgbm,matched,Formal_Lab,3,17,18,num_leaves,127,1,0.7699102941217104,True,
lightgbm,matched,Formal_Lab,3,17,18,num_leaves,255,1,0.7656355070999887,False,
lightgbm,matched,Formal_Lab,3,17,18,num_leaves,511,1,0.7656355070999887,False,
lightgbm,matched,Formal_Lab,3,17,18,num_leaves,63,2,0.7982346879197744,False,
lightgbm,matched,Formal_Lab,3,17,18,num_leaves,127,2,0.7969811371111587,True,
lightgbm,matched,Formal_Lab,3,17,18,num_leaves,255,2,0.7980858144790988,False,
lightgbm,matched,Formal_Lab,3,17,18,num_leaves,511,2,0.7980858144790988,False,
lightgbm,matched,FL,4,17,18,num_leaves,63,0,0.5977635419692148,False,
lightgbm,matched,FL,4,17,18,num_leaves,127,0,0.5986334424183957,False,
lightgbm,matched,FL,4,17,18,num_leaves,255,0,0.6019781700973738,False,
lightgbm,matched,FL,4,17,18,num_leaves,511,0,0.6019781700973738,True,
lightgbm,matched,FL,4,17,18,num_leaves,63,1,0.6305262195563545,False,
lightgbm,matched,FL,4,17,18,num_leaves,127,1,0.6376537123870418,False,
lightgbm,matched,FL,4,17,18,num_leaves,255,1,0.637146338672014,False,
lightgbm,matched,FL,4,17,18,num_leaves,511,1,0.637146338672014,True,
lightgbm,matched,FL,4,17,18,num_leaves,63,2,0.6486048732373523,False,
lightgbm,matched,FL,4,17,18,num_leaves,127,2,0.6542547169600662,False,
lightgbm,matched,FL,4,17,18,num_leaves,255,2,0.6616001363743336,False,
lightgbm,matched,FL,4,17,18,num_leaves,511,2,0.6637830155210452,True,
lightgbm,matched,Formal_Lab,4,17,18,num_leaves,63,0,0.8171814113191479,False,
lightgbm,matched,Formal_Lab,4,17,18,num_leaves,127,0,0.828942859096233,True,
lightgbm,matched,Formal_Lab,4,17,18,num_leaves,255,0,0.8273538283140214,False,
lightgbm,matched,Formal_Lab,4,17,18,num_leaves,511,0,0.8273538283140214,False,
lightgbm,matched,Formal_Lab,4,17,18,num_leaves,63,1,0.7704619908091729,False,
lightgbm,matched,Formal_Lab,4,17,18,num_leaves,127,1,0.7684577497421982,True,
lightgbm,matched,Formal_Lab,4,17,18,num_leaves,255,1,0.7693593261306928,False,
lightgbm,matched,Formal_Lab,4,17,18,num_leaves,511,1,0.7693593261306928,False,
lightgbm,matched,Formal_Lab,4,17,18,num_leaves,63,2,0.7926760058329091,False,
lightgbm,matched,Formal_Lab,4,17,18,num_leaves,127,2,0.7958779400566364,True,
lightgbm,matched,Formal_Lab,4,17,18,num_leaves,255,2,0.792596571159354,False,
lightgbm,matched,Formal_Lab,4,17,18,num_leaves,511,2,0.7913241590561847,False,
lightgbm,matched,FL,5,17,18,num_leaves,63,0,0.6644922808801638,True,
lightgbm,matched,FL,5,17,18,num_leaves,127,0,0.6604025688062823,False,
lightgbm,matched,FL,5,17,18,num_leaves,255,0,0.6604247511792495,False,
lightgbm,matched,FL,5,17,18,num_leaves,511,0,0.6604247511792495,False,
lightgbm,matched,FL,5,17,18,num_leaves,63,1,0.5946778011173883,True,
lightgbm,matched,FL,5,17,18,num_leaves,127,1,0.6014788536331696,False,
lightgbm,matched,FL,5,17,18,num_leaves,255,1,0.5990357988795224,False,
lightgbm,matched,FL,5,17,18,num_leaves,511,1,0.5990357988795224,False,
lightgbm,matched,FL,5,17,18,num_leaves,63,2,0.6437768165711825,True,
lightgbm,matched,FL,5,17,18,num_leaves,127,2,0.6388720722564352,False,
lightgbm,matched,FL,5,17,18,num_leaves,255,2,0.6419224781735261,False,
lightgbm,matched,FL,5,17,18,num_leaves,511,2,0.6419224781735261,False,
lightgbm,matched,Formal_Lab,5,17,18,num_leaves,63,0,0.8102916563914878,True,
lightgbm,matched,Formal_Lab,5,17,18,num_leaves,127,0,0.8072641594096032,False,
lightgbm,matched,Formal_Lab,5,17,18,num_leaves,255,0,0.8063559987745336,False,
lightgbm,matched,Formal_Lab,5,17,18,num_leaves,511,0,0.8063559987745336,False,
lightgbm,matched,Formal_Lab,5,17,18,num_leaves,63,1,0.8014409795672339,True,
lightgbm,matched,Formal_Lab,5,17,18,num_leaves,127,1,0.8037672039197498,False,
lightgbm,matched,Formal_Lab,5,17,18,num_leaves,255,1,0.7994980677578795,False,
lightgbm,matched,Formal_Lab,5,17,18,num_leaves,511,1,0.7994980677578795,False,
lightgbm,matched,Formal_Lab,5,17,18,num_leaves,63,2,0.8179524148800007,True,
lightgbm,matched,Formal_Lab,5,17,18,num_leaves,127,2,0.8180032202467488,False,
lightgbm,matched,Formal_Lab,5,17,18,num_leaves,255,2,0.8189963007864448,False,
lightgbm,matched,Formal_Lab,5,17,18,num_leaves,511,2,0.8189963007864448,False,
lightgbm,matched,FL,6,17,18,num_leaves,63,0,0.6774616952049054,False,
lightgbm,matched,FL,6,17,18,num_leaves,127,0,0.6789372266809189,True,
lightgbm,matched,FL,6,17,18,num_leaves,255,0,0.677537075633405,False,
lightgbm,matched,FL,6,17,18,num_leaves,511,0,0.677537075633405,False,
lightgbm,matched,FL,6,17,18,num_leaves,63,1,0.6105084197744026,False,
lightgbm,matched,FL,6,17,18,num_leaves,127,1,0.6133636926828591,True,
lightgbm,matched,FL,6,17,18,num_leaves,255,1,0.6067251537707709,False,
lightgbm,matched,FL,6,17,18,num_leaves,511,1,0.6067251537707709,False,
lightgbm,matched,FL,6,17,18,num_leaves,63,2,0.6450692774932802,False,
lightgbm,matched,FL,6,17,18,num_leaves,127,2,0.6469100003797719,True,
lightgbm,matched,FL,6,17,18,num_leaves,255,2,0.6400254743013678,False,
lightgbm,matched,FL,6,17,18,num_leaves,511,2,0.6400254743013678,False,
lightgbm,matched,Formal_Lab,6,17,18,num_leaves,63,0,0.7983527553297475,False,
lightgbm,matched,Formal_Lab,6,17,18,num_leaves,127,0,0.8031252283332279,False,
lightgbm,matched,Formal_Lab,6,17,18,num_leaves,255,0,0.8015977107902194,True,
lightgbm,matched,Formal_Lab,6,17,18,num_leaves,511,0,0.8015977107902194,False,
lightgbm,matched,Formal_Lab,6,17,18,num_leaves,63,1,0.775122638801705,False,
lightgbm,matched,Formal_Lab,6,17,18,num_leaves,127,1,0.7760631866762661,False,
lightgbm,matched,Formal_Lab,6,17,18,num_leaves,255,1,0.7812592632718376,True,
lightgbm,matched,Formal_Lab,6,17,18,num_leaves,511,1,0.7810809983784001,False,
lightgbm,matched,Formal_Lab,6,17,18,num_leaves,63,2,0.8112976205138313,False,
lightgbm,matched,Formal_Lab,6,17,18,num_leaves,127,2,0.8109197230240953,False,
lightgbm,matched,Formal_Lab,6,17,18,num_leaves,255,2,0.8095893073234658,True,
lightgbm,matched,Formal_Lab,6,17,18,num_leaves,511,2,0.8095893073234658,False,
lightgbm,matched,FL,7,17,18,num_leaves,63,0,0.6656794007567162,True,
lightgbm,matched,FL,7,17,18,num_leaves,127,0,0.6684518363912396,False,
lightgbm,matched,FL,7,17,18,num_leaves,255,0,0.6664669260481498,False,
lightgbm,matched,FL,7,17,18,num_leaves,511,0,0.6664669260481498,False,
lightgbm,matched,FL,7,17,18,num_leaves,63,1,0.6522187932605877,True,
lightgbm,matched,FL,7,17,18,num_leaves,127,1,0.6409190295296084,False,
lightgbm,matched,FL,7,17,18,num_leaves,255,1,0.6391555665908435,False,
lightgbm,matched,FL,7,17,18,num_leaves,511,1,0.6391555665908435,False,
lightgbm,matched,FL,7,17,18,num_leaves,63,2,0.6836264401777656,True,
lightgbm,matched,FL,7,17,18,num_leaves,127,2,0.682750753192321,False,
lightgbm,matched,FL,7,17,18,num_leaves,255,2,0.686419700011682,False,
lightgbm,matched,FL,7,17,18,num_leaves,511,2,0.686419700011682,False,
lightgbm,matched,Formal_Lab,7,17,18,num_leaves,63,0,0.8119816582474745,False,
lightgbm,matched,Formal_Lab,7,17,18,num_leaves,127,0,0.8121523174196948,True,
lightgbm,matched,Formal_Lab,7,17,18,num_leaves,255,0,0.8118842622461502,False,
lightgbm,matched,Formal_Lab,7,17,18,num_leaves,511,0,0.8118842622461502,False,
lightgbm,matched,Formal_Lab,7,17,18,num_leaves,63,1,0.8013272002650543,False,
lightgbm,matched,Formal_Lab,7,17,18,num_leaves,127,1,0.80984088238842,True,
lightgbm,matched,Formal_Lab,7,17,18,num_leaves,255,1,0.8071473642215842,False,
lightgbm,matched,Formal_Lab,7,17,18,num_leaves,511,1,0.8071473642215842,False,
lightgbm,matched,Formal_Lab,7,17,18,num_leaves,63,2,0.819609115523499,False,
lightgbm,matched,Formal_Lab,7,17,18,num_leaves,127,2,0.8164333814661967,True,
lightgbm,matched,Formal_Lab,7,17,18,num_leaves,255,2,0.8189794264135958,False,
lightgbm,matched,Formal_Lab,7,17,18,num_leaves,511,2,0.8189794264135958,False,
lightgbm,matched,FL,8,17,18,num_leaves,63,0,0.66011626738797,False,
lightgbm,matched,FL,8,17,18,num_leaves,127,0,0.6506111595473922,True,
lightgbm,matched,FL,8,17,18,num_leaves,255,0,0.6469754939873008,False,
lightgbm,matched,FL,8,17,18,num_leaves,511,0,0.6469754939873008,False,
lightgbm,matched,FL,8,17,18,num_leaves,63,1,0.5879708591467669,False,
lightgbm,matched,FL,8,17,18,num_leaves,127,1,0.5902198987832756,True,
lightgbm,matched,FL,8,17,18,num_leaves,255,1,0.5860780413007461,False,
lightgbm,matched,FL,8,17,18,num_leaves,511,1,0.5860780413007461,False,
lightgbm,matched,FL,8,17,18,num_leaves,63,2,0.6672080626005429,False,
lightgbm,matched,FL,8,17,18,num_leaves,127,2,0.6826599452832456,True,
lightgbm,matched,FL,8,17,18,num_leaves,255,2,0.6814516101693496,False,
lightgbm,matched,FL,8,17,18,num_leaves,511,2,0.6814516101693496,False,
lightgbm,matched,Formal_Lab,8,17,18,num_leaves,63,0,0.7578763969565424,False,
lightgbm,matched,Formal_Lab,8,17,18,num_leaves,127,0,0.7632819084326871,True,
lightgbm,matched,Formal_Lab,8,17,18,num_leaves,255,0,0.7627616976853379,False,
lightgbm,matched,Formal_Lab,8,17,18,num_leaves,511,0,0.7627616976853379,False,
lightgbm,matched,Formal_Lab,8,17,18,num_leaves,63,1,0.8226330481537367,False,
lightgbm,matched,Formal_Lab,8,17,18,num_leaves,127,1,0.8201757657139712,True,
lightgbm,matched,Formal_Lab,8,17,18,num_leaves,255,1,0.8159915863979186,False,
lightgbm,matched,Formal_Lab,8,17,18,num_leaves,511,1,0.8159915863979186,False,
lightgbm,matched,Formal_Lab,8,17,18,num_leaves,63,2,0.8263833674992291,False,
lightgbm,matched,Formal_Lab,8,17,18,num_leaves,127,2,0.8253604666457033,True,
lightgbm,matched,Formal_Lab,8,17,18,num_leaves,255,2,0.82922653423602,False,
lightgbm,matched,Formal_Lab,8,17,18,num_leaves,511,2,0.82922653423602,False,
lightgbm,matched,FL,9,17,18,num_leaves,63,0,0.5728031504903561,True,
lightgbm,matched,FL,9,17,18,num_leaves,127,0,0.562436309405356,False,
lightgbm,matched,FL,9,17,18,num_leaves,255,0,0.5620600016360902,False,
lightgbm,matched,FL,9,17,18,num_leaves,511,0,0.5620600016360902,False,
lightgbm,matched,FL,9,17,18,num_leaves,63,1,0.6307961346048354,True,
lightgbm,matched,FL,9,17,18,num_leaves,127,1,0.6361275043703828,False,
lightgbm,matched,FL,9,17,18,num_leaves,255,1,0.6373175526955518,False,
lightgbm,matched,FL,9,17,18,num_leaves,511,1,0.6373175526955518,False,
lightgbm,matched,FL,9,17,18,num_leaves,63,2,0.6748103043514174,True,
lightgbm,matched,FL,9,17,18,num_leaves,127,2,0.6747503651834187,False,
lightgbm,matched,FL,9,17,18,num_leaves,255,2,0.6757227287692708,False,
lightgbm,matched,FL,9,17,18,num_leaves,511,2,0.6757227287692708,False,
lightgbm,matched,Formal_Lab,9,17,18,num_leaves,63,0,0.7967016893073985,False,
lightgbm,matched,Formal_Lab,9,17,18,num_leaves,127,0,0.7993872444102532,True,
lightgbm,matched,Formal_Lab,9,17,18,num_leaves,255,0,0.7966185915777086,False,
lightgbm,matched,Formal_Lab,9,17,18,num_leaves,511,0,0.7966185915777086,False,
lightgbm,matched,Formal_Lab,9,17,18,num_leaves,63,1,0.78609692782329,False,
lightgbm,matched,Formal_Lab,9,17,18,num_leaves,127,1,0.783477703884827,True,
lightgbm,matched,Formal_Lab,9,17,18,num_leaves,255,1,0.7827366869385392,False,
lightgbm,matched,Formal_Lab,9,17,18,num_leaves,511,1,0.7827366869385392,False,
lightgbm,matched,Formal_Lab,9,17,18,num_leaves,63,2,0.8042118518132656,False,
lightgbm,matched,Formal_Lab,9,17,18,num_leaves,127,2,0.8059234706175972,True,
lightgbm,matched,Formal_Lab,9,17,18,num_leaves,255,2,0.8072292059229311,False,
lightgbm,matched,Formal_Lab,9,17,18,num_leaves,511,2,0.8072292059229311,False,
